date,station_id,available_slots,occupied_slots,occupancy_rate,n_charging_sessions,total_kwh,revenue,avg_session_duration
2025-01-01,2,7.0,1.0,0.125,0,0.0,0.0,55.0
2025-01-01,3,14.0,2.0,0.125,0,0.0,0.0,291.0
2025-01-01,5,9.0,1.0,0.09999999999999998,0,0.0,0.0,110.0
2025-01-01,7,2.5,1.5,0.375,3,424.91116606279917,106.22779151569979,144.5
2025-01-01,8,5.0,1.0,0.16666666666666663,1,54.80175078973367,13.700437697433417,21.0
2025-01-01,9,2.0,4.0,0.6666666666666667,1,53.68646224826912,13.42161556206728,28.0
2025-01-01,12,4.0,2.0,0.33333333333333337,0,0.0,0.0,86.0
2025-01-01,13,6.0,10.0,0.625,1,32.347561931734084,8.086890482933521,212.0
2025-01-01,14,12.0,0.0,0.0,0,0.0,0.0,48.0
2025-01-01,16,2.0,2.0,0.5,0,0.0,0.0,276.0
2025-01-01,18,3.0,5.0,0.625,0,0.0,0.0,107.0
2025-01-01,21,1.5,2.5,0.625,0,0.0,0.0,120.0
2025-01-01,22,7.0,5.0,0.41666666666666663,1,73.87828146483304,18.46957036620826,80.0
2025-01-01,23,5.0,1.0,0.16666666666666663,1,12.00164496088726,3.000411240221815,51.0
2025-01-01,24,1.0,9.0,0.9,2,125.4508531099473,31.362713277486826,60.5
2025-01-01,25,5.0,7.0,0.5833333333333333,1,133.90704557678396,33.47676139419599,86.0
2025-01-02,1,3.0,5.0,0.625,1,110.98978773920602,27.747446934801506,50.0
2025-01-02,2,1.0,7.0,0.875,0,0.0,0.0,74.0
2025-01-02,4,5.0,1.0,0.16666666666666663,0,0.0,0.0,17.0
2025-01-02,5,9.0,1.0,0.09999999999999998,0,0.0,0.0,151.0
2025-01-02,11,6.5,3.5,0.35,1,19.334563595740224,4.833640898935056,45.0
2025-01-02,12,1.0,5.0,0.8333333333333334,0,0.0,0.0,181.0
2025-01-02,14,10.0,2.0,0.16666666666666663,0,0.0,0.0,49.0
2025-01-02,15,5.5,4.5,0.45,2,160.15333011016838,40.038332527542096,67.0
2025-01-02,16,1.75,2.25,0.5625,4,298.9749133486519,74.74372833716298,84.875
2025-01-02,17,4.5,3.5,0.4375,0,0.0,0.0,83.5
2025-01-02,18,1.0,7.0,0.875,0,0.0,0.0,114.0
2025-01-02,19,3.0,1.0,0.25,0,0.0,0.0,40.0
2025-01-02,20,3.0,9.0,0.75,0,0.0,0.0,31.0
2025-01-02,24,9.0,1.0,0.09999999999999998,0,0.0,0.0,111.0
2025-01-03,2,4.0,4.0,0.5,1,11.645897673031858,2.9114744182579644,35.0
2025-01-03,4,3.0,3.0,0.5,2,19.646457170604084,4.911614292651021,56.5
2025-01-03,11,2.0,8.0,0.8,0,0.0,0.0,83.0
2025-01-03,13,15.0,1.0,0.0625,1,82.7691829469194,20.69229573672985,103.0
2025-01-03,20,6.5,5.5,0.45833333333333337,1,121.09968850699411,30.27492212674853,93.5
2025-01-04,3,6.0,10.0,0.625,0,0.0,0.0,42.0
2025-01-04,4,3.0,3.0,0.5,1,61.331700258821726,15.332925064705432,71.0
2025-01-04,5,4.0,6.0,0.6,0,0.0,0.0,77.0
2025-01-04,6,7.0,3.0,0.30000000000000004,0,0.0,0.0,25.0
2025-01-04,7,2.0,2.0,0.5,0,0.0,0.0,66.0
2025-01-04,8,3.0,3.0,0.5,0,0.0,0.0,34.0
2025-01-04,11,5.0,5.0,0.5,0,0.0,0.0,258.0
2025-01-04,12,3.0,3.0,0.5,0,0.0,0.0,18.0
2025-01-04,14,5.0,7.0,0.5833333333333333,0,0.0,0.0,108.0
2025-01-04,15,4.0,6.0,0.6,3,97.12031400654853,24.28007850163713,58.333333333333336
2025-01-04,16,4.0,0.0,0.0,0,0.0,0.0,131.0
2025-01-04,17,3.0,5.0,0.625,0,0.0,0.0,73.0
2025-01-05,1,7.0,1.0,0.125,0,0.0,0.0,65.0
2025-01-05,3,9.0,7.0,0.4375,0,0.0,0.0,66.0
2025-01-05,5,5.0,5.0,0.5,2,452.3054096386379,113.07635240965948,40.5
2025-01-05,9,3.0,3.0,0.5,1,120.80378321054602,30.200945802636504,221.0
2025-01-05,11,6.0,4.0,0.4,0,0.0,0.0,78.0
2025-01-05,17,4.0,4.0,0.5,0,0.0,0.0,24.0
2025-01-05,18,3.0,5.0,0.625,1,62.193542274713856,15.548385568678464,18.0
2025-01-05,19,2.5,1.5,0.375,0,0.0,0.0,83.5
2025-01-05,20,6.0,6.0,0.5,2,127.79738314450975,31.949345786127438,84.5
2025-01-05,23,6.0,0.0,0.0,0,0.0,0.0,27.0
2025-01-05,24,9.0,1.0,0.09999999999999998,0,0.0,0.0,25.0
2025-01-06,2,3.3333333333333335,4.666666666666667,0.5833333333333334,3,158.50401370272073,39.62600342568018,67.33333333333333
2025-01-06,3,10.0,6.0,0.375,4,529.76021359345,132.4400533983625,72.75
2025-01-06,11,2.0,8.0,0.8,1,74.62377875521054,18.655944688802634,102.0
2025-01-06,12,1.0,5.0,0.8333333333333334,3,113.99895665974017,28.499739164935043,38.333333333333336
2025-01-06,13,3.0,13.0,0.8125,1,21.845113878254544,5.461278469563636,94.0
2025-01-06,19,1.0,3.0,0.75,2,41.07678127528953,10.269195318822382,73.5
2025-01-06,21,1.5,2.5,0.625,1,39.64241682360839,9.910604205902098,62.5
2025-01-06,22,2.0,10.0,0.8333333333333334,1,50.23109808885056,12.55777452221264,42.0
2025-01-06,25,4.0,8.0,0.6666666666666666,0,0.0,0.0,83.0
2025-01-07,1,3.0,5.0,0.625,0,0.0,0.0,90.0
2025-01-07,3,5.0,11.0,0.6875,1,126.97274263615607,31.743185659039018,88.0
2025-01-07,4,6.0,0.0,0.0,0,0.0,0.0,99.0
2025-01-07,6,2.0,8.0,0.8,0,0.0,0.0,273.0
2025-01-07,10,6.0,4.0,0.4,0,0.0,0.0,76.0
2025-01-07,15,4.0,6.0,0.6,1,82.15881732095296,20.53970433023824,52.0
2025-01-07,18,2.0,6.0,0.75,0,0.0,0.0,23.0
2025-01-07,19,1.0,3.0,0.75,0,0.0,0.0,84.0
2025-01-07,21,4.0,0.0,0.0,0,0.0,0.0,112.0
2025-01-07,24,3.0,7.0,0.7,0,0.0,0.0,174.0
2025-01-08,4,1.0,5.0,0.8333333333333334,1,109.34028141812325,27.335070354530814,30.0
2025-01-08,6,9.0,1.0,0.09999999999999998,0,0.0,0.0,58.0
2025-01-08,8,3.0,3.0,0.5,3,256.55339548292574,64.13834887073143,28.333333333333332
2025-01-08,10,9.0,1.0,0.09999999999999998,1,126.72105299692024,31.68026324923006,56.0
2025-01-08,11,9.5,0.5,0.04999999999999999,2,48.574251141991795,12.143562785497949,53.5
2025-01-08,12,5.0,1.0,0.16666666666666663,2,121.98513794108153,30.496284485270383,42.0
2025-01-08,14,3.5,8.5,0.7083333333333333,2,91.08074857630683,22.770187144076708,80.5
2025-01-08,16,2.5,1.5,0.375,1,19.29230971921983,4.8230774298049575,66.5
2025-01-08,19,3.0,1.0,0.25,0,0.0,0.0,16.0
2025-01-08,20,12.0,0.0,0.0,0,0.0,0.0,32.0
2025-01-08,23,1.0,5.0,0.8333333333333334,0,0.0,0.0,117.0
2025-01-08,24,8.0,2.0,0.2,0,0.0,0.0,161.5
2025-01-09,2,8.0,0.0,0.0,0,0.0,0.0,109.0
2025-01-09,7,4.0,0.0,0.0,1,10.442591302993096,2.610647825748274,73.0
2025-01-09,10,3.0,7.0,0.7,0,0.0,0.0,102.0
2025-01-09,12,0.0,6.0,1.0,2,165.8517511726942,41.46293779317355,102.0
2025-01-09,16,4.0,0.0,0.0,0,0.0,0.0,57.0
2025-01-09,17,1.5,6.5,0.8125,4,241.63305478253116,60.40826369563279,72.66666666666667
2025-01-09,22,3.0,9.0,0.75,0,0.0,0.0,26.0
2025-01-09,24,4.0,6.0,0.6,2,65.45402974767062,16.363507436917654,58.5
2025-01-10,2,2.0,6.0,0.75,1,31.291862661800685,7.822965665450171,43.0
2025-01-10,3,3.0,13.0,0.8125,1,16.3833425405878,4.09583563514695,155.0
2025-01-10,4,2.0,4.0,0.6666666666666667,3,107.20475366751906,26.801188416879764,90.66666666666667
2025-01-10,9,5.0,1.0,0.16666666666666663,0,0.0,0.0,18.0
2025-01-10,10,9.0,1.0,0.09999999999999998,0,0.0,0.0,123.0
2025-01-10,13,15.0,1.0,0.0625,1,211.84917591505828,52.96229397876457,48.0
2025-01-10,14,8.0,4.0,0.3333333333333333,1,28.16401969252453,7.0410049231311325,238.5
2025-01-10,16,1.0,3.0,0.75,1,56.36735910471637,14.091839776179093,71.0
2025-01-10,17,2.0,6.0,0.75,1,49.56847431071915,12.392118577679787,41.0
2025-01-10,24,7.0,3.0,0.30000000000000004,0,0.0,0.0,103.0
2025-01-11,1,7.0,1.0,0.125,0,0.0,0.0,85.0
2025-01-11,3,16.0,0.0,0.0,1,3.1746411091826228,0.7936602772956557,31.0
2025-01-11,4,3.0,3.0,0.5,0,0.0,0.0,17.0
2025-01-11,6,6.666666666666667,3.3333333333333335,0.3333333333333333,0,0.0,0.0,73.0
2025-01-11,7,4.0,0.0,0.0,0,0.0,0.0,116.0
2025-01-11,8,2.5,3.5,0.5833333333333334,0,0.0,0.0,126.5
2025-01-11,10,3.0,7.0,0.7,1,23.928493484678807,5.982123371169702,143.0
2025-01-11,13,8.0,8.0,0.5,1,251.0280146198411,62.75700365496027,105.5
2025-01-11,15,10.0,0.0,0.0,1,11.972829940888815,2.9932074852222037,49.0
2025-01-11,16,2.0,2.0,0.5,0,0.0,0.0,72.0
2025-01-11,18,4.5,3.5,0.4375,4,315.90196710907736,78.97549177726934,156.0
2025-01-11,19,2.0,2.0,0.5,1,75.54147742389091,18.885369355972728,72.0
2025-01-11,24,7.0,3.0,0.30000000000000004,0,0.0,0.0,107.0
2025-01-11,25,5.0,7.0,0.5833333333333333,0,0.0,0.0,33.0
2025-01-12,2,3.0,5.0,0.625,0,0.0,0.0,53.0
2025-01-12,6,8.0,2.0,0.19999999999999996,0,0.0,0.0,31.0
2025-01-12,7,3.0,1.0,0.25,1,29.78741730564763,7.446854326411907,157.0
2025-01-12,12,4.0,2.0,0.3333333333333333,1,29.127235539517347,7.281808884879337,70.5
2025-01-12,13,16.0,0.0,0.0,0,0.0,0.0,58.5
2025-01-12,14,7.333333333333333,4.666666666666667,0.38888888888888884,3,226.2911225530562,56.57278063826405,115.83333333333333
2025-01-12,22,12.0,0.0,0.0,0,0.0,0.0,20.0
2025-01-13,1,3.0,5.0,0.625,0,0.0,0.0,22.0
2025-01-13,5,2.0,8.0,0.8,0,0.0,0.0,48.0
2025-01-13,6,5.5,4.5,0.45,1,50.37193844612261,12.592984611530653,73.0
2025-01-13,7,2.0,2.0,0.5,0,0.0,0.0,38.0
2025-01-13,10,10.0,0.0,0.0,1,140.6175378749201,35.15438446873002,73.0
2025-01-13,11,3.0,7.0,0.7,3,150.40959643785646,37.602399109464116,33.0
2025-01-13,20,7.0,5.0,0.41666666666666663,1,89.17213060638106,22.293032651595265,95.0
2025-01-13,21,1.0,3.0,0.75,0,0.0,0.0,97.66666666666667
2025-01-13,24,4.0,6.0,0.6,0,0.0,0.0,89.0
2025-01-13,25,8.0,4.0,0.3333333333333333,1,16.05711876978568,4.01427969244642,109.5
2025-01-14,1,3.0,5.0,0.625,0,0.0,0.0,15.0
2025-01-14,3,15.0,1.0,0.0625,1,170.02558339744203,42.50639584936051,101.5
2025-01-14,6,5.0,5.0,0.5,0,0.0,0.0,140.0
2025-01-14,7,1.0,3.0,0.75,3,234.49263869628317,58.62315967407079,61.666666666666664
2025-01-14,9,2.0,4.0,0.6666666666666667,1,249.97589417499532,62.49397354374883,77.0
2025-01-14,13,4.0,12.0,0.75,0,0.0,0.0,36.0
2025-01-14,16,3.0,1.0,0.25,1,17.248764395390566,4.3121910988476415,127.0
2025-01-14,17,5.0,3.0,0.375,2,189.04286225872286,47.260715564680716,59.5
2025-01-14,18,6.0,2.0,0.25,0,0.0,0.0,60.0
2025-01-14,19,1.0,3.0,0.75,0,0.0,0.0,16.0
2025-01-14,24,2.0,8.0,0.8,2,55.49140096558114,13.872850241395286,105.5
2025-01-14,25,5.0,7.0,0.5833333333333333,2,163.24031688264165,40.81007922066041,49.5
2025-01-15,3,10.0,6.0,0.375,2,63.63995825001791,15.909989562504478,127.75
2025-01-15,5,1.0,9.0,0.9,3,176.84754020757117,44.21188505189279,75.0
2025-01-15,7,2.0,2.0,0.5,0,0.0,0.0,43.0
2025-01-15,9,4.0,2.0,0.33333333333333337,0,0.0,0.0,95.5
2025-01-15,15,2.0,8.0,0.8,0,0.0,0.0,105.0
2025-01-15,17,2.0,6.0,0.75,1,9.601059582128338,2.4002648955320844,237.0
2025-01-15,18,5.0,3.0,0.375,0,0.0,0.0,22.0
2025-01-15,19,3.0,1.0,0.25,0,0.0,0.0,100.0
2025-01-15,21,3.0,1.0,0.25,1,13.072378994534894,3.2680947486337235,105.0
2025-01-15,23,3.5,2.5,0.4166666666666667,2,175.0115910098175,43.75289775245437,83.0
2025-01-15,25,0.0,12.0,1.0,2,27.49505861161989,6.873764652904972,102.0
2025-01-16,2,7.0,1.0,0.125,2,97.63398602796069,24.408496506990172,96.0
2025-01-16,3,14.5,1.5,0.09375,2,151.69204085136514,37.923010212841284,66.0
2025-01-16,5,2.0,8.0,0.8,0,0.0,0.0,61.0
2025-01-16,8,5.0,1.0,0.16666666666666663,1,157.30273934906472,39.32568483726618,94.0
2025-01-16,9,1.5,4.5,0.75,1,33.63778723378978,8.409446808447445,67.0
2025-01-16,11,5.0,5.0,0.5,1,20.710584936974335,5.177646234243584,71.0
2025-01-16,14,10.0,2.0,0.16666666666666663,0,0.0,0.0,99.0
2025-01-16,15,2.0,8.0,0.8,2,86.22239008492338,21.555597521230844,39.5
2025-01-16,17,2.0,6.0,0.75,0,0.0,0.0,118.0
2025-01-16,18,5.0,3.0,0.375,0,0.0,0.0,17.0
2025-01-16,19,4.0,0.0,0.0,1,11.179731855668026,2.7949329639170064,94.0
2025-01-16,21,2.0,2.0,0.5,1,78.38595164880877,19.596487912202193,82.0
2025-01-16,23,1.0,5.0,0.8333333333333334,3,356.77760757147706,89.19440189286927,115.0
2025-01-16,25,3.0,9.0,0.75,0,0.0,0.0,15.0
2025-01-17,1,2.0,6.0,0.75,1,26.000699642364378,6.500174910591094,294.0
2025-01-17,2,3.0,5.0,0.625,0,0.0,0.0,274.0
2025-01-17,3,7.0,9.0,0.5625,2,76.60590666973137,19.151476667432842,36.5
2025-01-17,5,8.0,2.0,0.19999999999999996,0,0.0,0.0,57.0
2025-01-17,6,1.0,9.0,0.9,0,0.0,0.0,74.0
2025-01-17,7,2.5,1.5,0.375,2,49.99643246722124,12.49910811680531,145.25
2025-01-17,10,4.0,6.0,0.6,0,0.0,0.0,267.0
2025-01-17,11,4.0,6.0,0.6,3,165.45594359921313,41.36398589980328,64.66666666666667
2025-01-17,13,5.0,11.0,0.6875,0,0.0,0.0,50.5
2025-01-17,21,3.6666666666666665,0.3333333333333333,0.08333333333333333,1,16.656203513612866,4.164050878403216,59.333333333333336
2025-01-17,22,2.0,10.0,0.8333333333333334,1,34.50129676403455,8.625324191008637,87.0
2025-01-17,25,12.0,0.0,0.0,1,42.91930489903923,10.729826224759808,15.0
2025-01-18,2,7.0,1.0,0.125,2,49.913958511395,12.47848962784875,171.0
2025-01-18,6,6.0,4.0,0.4,0,0.0,0.0,82.0
2025-01-18,7,4.0,0.0,0.0,0,0.0,0.0,108.0
2025-01-18,15,10.0,0.0,0.0,0,0.0,0.0,86.0
2025-01-18,16,2.0,2.0,0.5,0,0.0,0.0,78.0
2025-01-18,17,5.0,3.0,0.375,0,0.0,0.0,53.0
2025-01-18,18,5.0,3.0,0.375,0,0.0,0.0,95.0
2025-01-18,21,2.0,2.0,0.5,1,98.44078283508223,24.610195708770558,56.0
2025-01-18,22,8.5,3.5,0.29166666666666663,0,0.0,0.0,45.5
2025-01-18,23,6.0,0.0,0.0,1,28.565669002543835,7.141417250635959,295.0
2025-01-18,25,8.5,3.5,0.29166666666666663,3,178.55592075786237,44.63898018946559,80.66666666666667
2025-01-19,2,4.0,4.0,0.5,1,74.95578749348132,18.73894687337033,84.0
2025-01-19,3,9.0,7.0,0.4375,0,0.0,0.0,106.0
2025-01-19,6,9.0,1.0,0.09999999999999998,0,0.0,0.0,266.0
2025-01-19,7,1.0,3.0,0.75,2,100.15091983159583,25.037729957898957,41.5
2025-01-19,9,4.0,2.0,0.33333333333333337,1,81.80056290305862,20.450140725764655,24.0
2025-01-19,10,5.0,5.0,0.5,0,0.0,0.0,89.0
2025-01-19,11,5.0,5.0,0.5,2,128.36419232909157,32.09104808227289,106.5
2025-01-19,14,6.0,6.0,0.5,0,0.0,0.0,87.0
2025-01-19,16,4.0,0.0,0.0,1,35.943841620634316,8.985960405158579,41.0
2025-01-19,17,3.0,5.0,0.625,0,0.0,0.0,115.0
2025-01-19,18,4.5,3.5,0.4375,0,0.0,0.0,61.5
2025-01-19,20,6.5,5.5,0.4583333333333333,1,40.36609819446867,10.091524548617167,167.5
2025-01-19,23,4.5,1.5,0.25,2,96.53096357731684,24.13274089432921,144.5
2025-01-19,24,6.5,3.5,0.35,3,133.6772141652253,33.41930354130633,75.0
2025-01-20,1,4.5,3.5,0.4375,0,0.0,0.0,76.0
2025-01-20,4,2.0,4.0,0.6666666666666667,0,0.0,0.0,83.0
2025-01-20,6,3.0,7.0,0.7,4,211.8670366650794,52.96675916626985,55.25
2025-01-20,17,6.0,2.0,0.25,1,100.97079756670547,25.242699391676368,23.0
2025-01-20,21,1.0,3.0,0.75,0,0.0,0.0,90.0
2025-01-20,23,2.0,4.0,0.6666666666666667,0,0.0,0.0,26.0
2025-01-20,24,9.0,1.0,0.09999999999999998,0,0.0,0.0,223.0
2025-01-20,25,5.0,7.0,0.5833333333333333,0,0.0,0.0,175.0
2025-01-21,4,3.0,3.0,0.5,1,75.5634473023344,18.8908618255836,38.0
2025-01-21,5,6.0,4.0,0.4,0,0.0,0.0,37.0
2025-01-21,6,5.0,5.0,0.5,0,0.0,0.0,30.0
2025-01-21,10,2.0,8.0,0.8,1,21.885294841849067,5.471323710462267,124.0
2025-01-21,11,9.0,1.0,0.09999999999999998,0,0.0,0.0,15.0
2025-01-21,16,1.0,3.0,0.75,0,0.0,0.0,96.0
2025-01-21,18,1.0,7.0,0.875,1,10.308521367107014,2.5771303417767535,89.0
2025-01-21,19,4.0,0.0,0.0,0,0.0,0.0,116.0
2025-01-21,21,1.0,3.0,0.75,1,17.064042379689237,4.266010594922309,25.0
2025-01-21,22,7.333333333333333,4.666666666666667,0.3888888888888889,2,99.25259811378291,24.813149528445727,111.66666666666667
2025-01-21,25,12.0,0.0,0.0,0,0.0,0.0,104.0
2025-01-22,2,5.5,2.5,0.3125,0,0.0,0.0,84.5
2025-01-22,5,10.0,0.0,0.0,0,0.0,0.0,26.0
2025-01-22,6,4.0,6.0,0.6,1,62.35495168551962,15.588737921379906,98.0
2025-01-22,9,3.5,2.5,0.4166666666666667,0,0.0,0.0,85.0
2025-01-22,11,3.0,7.0,0.7,0,0.0,0.0,205.0
2025-01-22,13,11.0,5.0,0.3125,2,182.63402771628236,45.65850692907059,71.33333333333333
2025-01-22,14,12.0,0.0,0.0,0,0.0,0.0,258.0
2025-01-22,18,3.0,5.0,0.625,2,170.50255154301774,42.625637885754436,164.5
2025-01-22,20,12.0,0.0,0.0,1,22.130581343093674,5.532645335773418,21.0
2025-01-22,21,1.0,3.0,0.75,0,0.0,0.0,119.0
2025-01-22,22,6.0,6.0,0.5,0,0.0,0.0,64.0
2025-01-23,7,1.0,3.0,0.75,0,0.0,0.0,91.0
2025-01-23,9,5.0,1.0,0.16666666666666663,2,131.9647373099384,32.9911843274846,114.0
2025-01-23,10,2.5,7.5,0.75,2,122.88715262193318,30.721788155483296,55.0
2025-01-23,11,2.0,8.0,0.8,0,0.0,0.0,41.0
2025-01-23,12,6.0,0.0,0.0,0,0.0,0.0,27.0
2025-01-23,13,10.0,6.0,0.375,1,94.7149195759419,23.678729893985476,98.0
2025-01-23,14,8.0,4.0,0.33333333333333337,0,0.0,0.0,90.0
2025-01-23,15,1.0,9.0,0.9,1,52.66831901446952,13.16707975361738,97.0
2025-01-23,19,4.0,0.0,0.0,0,0.0,0.0,33.0
2025-01-23,22,5.0,7.0,0.5833333333333333,1,22.82597542326926,5.706493855817315,20.0
2025-01-23,23,1.5,4.5,0.75,0,0.0,0.0,24.5
2025-01-23,24,1.0,9.0,0.9,0,0.0,0.0,75.0
2025-01-23,25,10.0,2.0,0.16666666666666663,1,10.701658946930507,2.675414736732627,27.0
2025-01-24,2,5.0,3.0,0.375,0,0.0,0.0,20.0
2025-01-24,11,1.0,9.0,0.9,2,359.52482940611105,89.88120735152776,85.5
2025-01-24,12,2.0,4.0,0.6666666666666667,2,84.18908276117149,21.047270690292873,58.5
2025-01-24,15,9.0,1.0,0.09999999999999998,0,0.0,0.0,77.0
2025-01-24,17,7.0,1.0,0.125,0,0.0,0.0,203.0
2025-01-24,22,9.0,3.0,0.25,0,0.0,0.0,143.0
2025-01-24,24,4.0,6.0,0.6,3,80.6654942941187,20.166373573529675,137.0
2025-01-25,2,5.0,3.0,0.375,0,0.0,0.0,118.0
2025-01-25,4,4.0,2.0,0.33333333333333337,0,0.0,0.0,202.0
2025-01-25,6,5.0,5.0,0.5,0,0.0,0.0,109.0
2025-01-25,7,2.0,2.0,0.5,0,0.0,0.0,50.0
2025-01-25,8,3.0,3.0,0.5,1,188.53910655560333,47.13477663890083,70.5
2025-01-25,15,4.0,6.0,0.6,2,29.811578811925123,7.452894702981281,26.0
2025-01-25,16,4.0,0.0,0.0,1,100.30784451790934,25.076961129477336,65.0
2025-01-25,17,8.0,0.0,0.0,2,131.41559470160695,32.85389867540174,63.5
2025-01-25,18,8.0,0.0,0.0,1,129.6805671087919,32.420141777197976,26.0
2025-01-25,20,7.5,4.5,0.37500000000000006,3,465.51663002854485,116.37915750713621,185.66666666666666
2025-01-25,21,2.0,2.0,0.5,2,115.64879661965693,28.912199154914234,47.5
2025-01-25,23,2.0,4.0,0.6666666666666667,0,0.0,0.0,31.0
2025-01-25,24,7.0,3.0,0.3,0,0.0,0.0,34.0
2025-01-26,1,5.0,3.0,0.375,0,0.0,0.0,18.0
2025-01-26,5,10.0,0.0,0.0,0,0.0,0.0,17.0
2025-01-26,7,4.0,0.0,0.0,2,21.107130972526654,5.276782743131664,69.5
2025-01-26,8,3.0,3.0,0.5,0,0.0,0.0,287.0
2025-01-26,14,10.0,2.0,0.16666666666666663,1,22.522212785422322,5.630553196355581,16.0
2025-01-26,15,5.0,5.0,0.5,3,270.4727369045613,67.61818422614033,83.0
2025-01-26,16,2.0,2.0,0.5,2,72.42714068366317,18.106785170915792,22.5
2025-01-26,17,6.0,2.0,0.25,1,27.34622830658682,6.836557076646705,120.66666666666667
2025-01-26,25,6.5,5.5,0.4583333333333333,4,456.87208619635175,114.21802154908794,153.0
2025-01-27,1,3.0,5.0,0.625,0,0.0,0.0,151.0
2025-01-27,4,5.0,1.0,0.16666666666666663,1,67.47543864790137,16.868859661975343,56.0
2025-01-27,5,9.0,1.0,0.09999999999999998,1,45.18174304333908,11.29543576083477,75.0
2025-01-27,7,1.0,3.0,0.75,0,0.0,0.0,27.0
2025-01-27,11,2.0,8.0,0.8,0,0.0,0.0,44.0
2025-01-27,12,1.0,5.0,0.8333333333333334,1,77.70330105523075,19.42582526380769,118.0
2025-01-27,16,1.0,3.0,0.75,0,0.0,0.0,99.0
2025-01-27,17,5.0,3.0,0.375,0,0.0,0.0,95.0
2025-01-27,19,1.0,3.0,0.75,0,0.0,0.0,99.0
2025-01-27,23,2.0,4.0,0.6666666666666667,1,18.779944587916535,4.694986146979134,188.0
2025-01-27,25,3.0,9.0,0.75,1,106.07635722615336,26.51908930653834,154.0
2025-01-28,3,4.0,12.0,0.75,0,0.0,0.0,75.0
2025-01-28,5,9.0,1.0,0.09999999999999998,1,35.24164966086613,8.810412415216533,64.0
2025-01-28,7,3.0,1.0,0.25,0,0.0,0.0,32.0
2025-01-28,9,1.0,5.0,0.8333333333333334,0,0.0,0.0,110.0
2025-01-28,12,2.0,4.0,0.6666666666666667,2,119.72293556829815,29.93073389207454,80.0
2025-01-28,17,8.0,0.0,0.0,1,51.924982103665414,12.981245525916354,237.0
2025-01-28,22,8.0,4.0,0.33333333333333337,0,0.0,0.0,282.0
2025-01-29,2,2.0,6.0,0.75,2,116.51252315813109,29.128130789532772,52.333333333333336
2025-01-29,5,1.0,9.0,0.9,0,0.0,0.0,92.0
2025-01-29,6,7.0,3.0,0.30000000000000004,0,0.0,0.0,73.0
2025-01-29,7,4.0,0.0,0.0,0,0.0,0.0,52.0
2025-01-29,8,6.0,0.0,0.0,0,0.0,0.0,72.0
2025-01-29,9,1.0,5.0,0.8333333333333334,0,0.0,0.0,81.0
2025-01-29,10,8.0,2.0,0.19999999999999996,3,133.81928976301947,33.45482244075487,102.0
2025-01-29,11,9.0,1.0,0.09999999999999998,0,0.0,0.0,42.0
2025-01-29,13,7.0,9.0,0.5625,0,0.0,0.0,33.0
2025-01-29,14,3.0,9.0,0.75,1,66.54445667308761,16.636114168271902,109.0
2025-01-29,19,1.0,3.0,0.75,6,210.45049015112284,52.61262253778071,72.16666666666667
2025-01-29,20,4.0,8.0,0.6666666666666667,2,109.83369956990204,27.45842489247551,100.5
2025-01-29,21,1.0,3.0,0.75,2,199.34386833982785,49.83596708495696,79.0
2025-01-29,24,3.6666666666666665,6.333333333333333,0.6333333333333333,4,226.2777246316961,56.56943115792402,104.83333333333333
2025-01-29,25,2.0,10.0,0.8333333333333334,0,0.0,0.0,18.0
2025-01-30,4,0.5,5.5,0.9166666666666667,3,143.46074715056383,35.86518678764096,75.33333333333334
2025-01-30,7,1.0,3.0,0.75,1,11.154173018408121,2.7885432546020303,39.0
2025-01-30,8,2.0,4.0,0.6666666666666667,1,23.102474838894224,5.775618709723556,61.0
2025-01-30,10,10.0,0.0,0.0,1,14.034157748655286,3.5085394371638214,244.0
2025-01-30,11,2.0,8.0,0.8,0,0.0,0.0,79.0
2025-01-30,20,11.0,1.0,0.08333333333333337,0,0.0,0.0,46.0
2025-01-30,22,1.0,11.0,0.9166666666666666,0,0.0,0.0,24.0
2025-01-30,23,2.0,4.0,0.6666666666666667,4,189.79261205740445,47.448153014351114,105.75
2025-01-30,24,8.5,1.5,0.15000000000000002,0,0.0,0.0,226.5
2025-01-30,25,4.0,8.0,0.6666666666666667,1,22.871367421772455,5.717841855443114,244.0
2025-01-31,3,1.0,15.0,0.9375,1,30.77960804633188,7.69490201158297,102.0
2025-01-31,7,1.0,3.0,0.75,0,0.0,0.0,73.0
2025-01-31,8,1.0,5.0,0.8333333333333334,0,0.0,0.0,81.0
2025-01-31,13,15.0,1.0,0.0625,0,0.0,0.0,117.0
2025-01-31,15,9.0,1.0,0.09999999999999998,0,0.0,0.0,80.0
2025-01-31,19,1.0,3.0,0.75,0,0.0,0.0,158.0
2025-01-31,21,2.0,2.0,0.5,0,0.0,0.0,67.0
2025-01-31,22,10.0,2.0,0.16666666666666669,0,0.0,0.0,173.0
2025-02-01,1,5.0,3.0,0.375,0,0.0,0.0,61.0
2025-02-01,3,5.0,11.0,0.6875,3,513.918218884444,128.479554721111,91.33333333333333
2025-02-01,5,6.0,4.0,0.4,1,49.222235658751416,12.305558914687854,33.0
2025-02-01,11,9.0,1.0,0.09999999999999998,2,121.1139109620793,30.278477740519826,103.5
2025-02-01,16,2.0,2.0,0.5,0,0.0,0.0,101.0
2025-02-01,18,6.0,2.0,0.25,0,0.0,0.0,77.0
2025-02-01,20,10.0,2.0,0.16666666666666663,0,0.0,0.0,84.0
2025-02-01,22,4.0,8.0,0.6666666666666667,0,0.0,0.0,84.0
2025-02-01,23,6.0,0.0,0.0,1,65.7966984960915,16.449174624022874,121.0
2025-02-01,24,6.0,4.0,0.4000000000000001,3,309.2114011647634,77.30285029119085,101.16666666666667
2025-02-02,2,8.0,0.0,0.0,0,0.0,0.0,275.0
2025-02-02,3,15.0,1.0,0.0625,0,0.0,0.0,92.0
2025-02-02,4,5.0,1.0,0.16666666666666663,0,0.0,0.0,253.0
2025-02-02,8,2.0,4.0,0.6666666666666667,1,265.8392678313668,66.4598169578417,107.0
2025-02-02,9,5.0,1.0,0.16666666666666663,1,80.91585487678651,20.228963719196628,42.0
2025-02-02,11,10.0,0.0,0.0,0,0.0,0.0,108.0
2025-02-02,13,14.0,2.0,0.125,0,0.0,0.0,75.0
2025-02-02,14,6.0,6.0,0.5,0,0.0,0.0,93.0
2025-02-02,17,7.5,0.5,0.0625,0,0.0,0.0,107.5
2025-02-02,18,6.0,2.0,0.25,0,0.0,0.0,18.0
2025-02-02,19,2.0,2.0,0.5,0,0.0,0.0,115.0
2025-02-02,21,2.0,2.0,0.5,0,0.0,0.0,88.0
2025-02-02,22,6.0,6.0,0.5,0,0.0,0.0,68.0
2025-02-02,24,9.0,1.0,0.09999999999999998,1,62.61270303180134,15.653175757950335,49.0
2025-02-03,6,2.0,8.0,0.8,3,99.10773815767536,24.77693453941884,85.33333333333334
2025-02-03,9,1.0,5.0,0.8333333333333334,1,83.44339098520234,20.860847746300585,49.0
2025-02-03,16,1.0,3.0,0.75,0,0.0,0.0,189.0
2025-02-03,17,1.0,7.0,0.875,1,29.064173993983935,7.266043498495984,84.0
2025-02-03,18,2.0,6.0,0.75,2,156.47089843707244,39.11772460926811,84.0
2025-02-03,19,3.0,1.0,0.25,0,0.0,0.0,178.0
2025-02-03,20,5.0,7.0,0.5833333333333333,2,103.84625024398747,25.961562560996867,33.5
2025-02-03,21,3.0,1.0,0.25,0,0.0,0.0,70.0
2025-02-04,1,2.0,6.0,0.75,0,0.0,0.0,56.333333333333336
2025-02-04,3,5.0,11.0,0.6875,1,81.52677650313089,20.381694125782722,80.0
2025-02-04,4,3.3333333333333335,2.6666666666666665,0.4444444444444445,1,56.53753377148214,14.134383442870535,107.33333333333333
2025-02-04,5,10.0,0.0,0.0,2,78.62258201824872,19.65564550456218,61.5
2025-02-04,7,3.0,1.0,0.25,1,89.65898592408458,22.414746481021144,72.0
2025-02-04,9,2.0,4.0,0.6666666666666667,2,162.9951517454677,40.748787936366924,65.0
2025-02-04,10,1.0,9.0,0.9,0,0.0,0.0,17.0
2025-02-04,12,2.0,4.0,0.6666666666666667,0,0.0,0.0,99.0
2025-02-04,14,8.0,4.0,0.3333333333333333,3,166.88897975494885,41.72224493873721,122.33333333333334
2025-02-04,17,2.0,6.0,0.75,1,25.24433500612298,6.311083751530745,88.0
2025-02-04,18,2.0,6.0,0.75,2,274.7160780553464,68.6790195138366,106.0
2025-02-04,19,1.0,3.0,0.75,0,0.0,0.0,89.0
2025-02-04,22,2.0,10.0,0.8333333333333334,0,0.0,0.0,111.0
2025-02-05,2,8.0,0.0,0.0,0,0.0,0.0,98.0
2025-02-05,5,4.0,6.0,0.6,0,0.0,0.0,33.0
2025-02-05,7,1.0,3.0,0.75,0,0.0,0.0,38.0
2025-02-05,10,7.0,3.0,0.3,0,0.0,0.0,38.0
2025-02-05,13,15.0,1.0,0.0625,1,139.33915705196367,34.83478926299092,51.0
2025-02-05,17,6.0,2.0,0.25,0,0.0,0.0,111.0
2025-02-05,18,7.0,1.0,0.125,0,0.0,0.0,234.0
2025-02-05,20,4.0,8.0,0.6666666666666667,0,0.0,0.0,281.0
2025-02-05,21,1.0,3.0,0.75,0,0.0,0.0,27.0
2025-02-05,23,2.0,4.0,0.6666666666666667,1,9.465614022341237,2.366403505585309,270.0
2025-02-05,24,9.0,1.0,0.09999999999999998,1,30.949333476532477,7.737333369133119,112.0
2025-02-06,3,4.0,12.0,0.75,1,72.63859268776652,18.15964817194163,114.0
2025-02-06,4,4.0,2.0,0.33333333333333337,0,0.0,0.0,81.0
2025-02-06,5,3.5,6.5,0.6499999999999999,2,35.189659053893145,8.797414763473286,85.0
2025-02-06,8,3.5,2.5,0.4166666666666667,1,154.36223163938647,38.590557909846616,106.5
2025-02-06,11,8.0,2.0,0.19999999999999996,0,0.0,0.0,53.0
2025-02-06,13,4.5,11.5,0.71875,2,161.60616114197802,40.401540285494505,130.5
2025-02-06,17,1.0,7.0,0.875,1,81.75450603678026,20.438626509195064,53.0
2025-02-06,22,6.5,5.5,0.4583333333333333,1,14.894232295472293,3.723558073868073,44.5
2025-02-06,25,12.0,0.0,0.0,1,116.49354803329338,29.123387008323345,89.0
2025-02-07,2,4.5,3.5,0.4375,0,0.0,0.0,133.0
2025-02-07,3,8.5,7.5,0.46875,0,0.0,0.0,90.0
2025-02-07,8,0.0,6.0,1.0,0,0.0,0.0,81.0
2025-02-07,9,1.0,5.0,0.8333333333333334,0,0.0,0.0,79.0
2025-02-07,10,1.0,9.0,0.9,1,38.98564476397454,9.746411190993635,17.0
2025-02-07,11,9.0,1.0,0.09999999999999998,0,0.0,0.0,155.0
2025-02-07,12,1.0,5.0,0.8333333333333334,0,0.0,0.0,203.0
2025-02-07,13,6.0,10.0,0.625,0,0.0,0.0,138.0
2025-02-07,18,7.0,1.0,0.125,0,0.0,0.0,72.0
2025-02-08,3,15.0,1.0,0.0625,0,0.0,0.0,74.5
2025-02-08,4,3.0,3.0,0.5,2,222.6649947866013,55.66624869665033,139.0
2025-02-08,5,5.0,5.0,0.5,0,0.0,0.0,82.0
2025-02-08,7,2.0,2.0,0.5,0,0.0,0.0,278.0
2025-02-08,9,4.0,2.0,0.33333333333333337,4,217.78718744627378,54.446796861568444,110.5
2025-02-08,13,9.0,7.0,0.4375,3,123.27480356082832,30.81870089020708,88.75
2025-02-08,14,6.0,6.0,0.5,0,0.0,0.0,90.0
2025-02-08,15,9.0,1.0,0.09999999999999998,1,103.33939261399786,25.834848153499465,26.0
2025-02-08,16,2.0,2.0,0.5,1,89.8685019696416,22.4671254924104,45.0
2025-02-08,18,8.0,0.0,0.0,0,0.0,0.0,20.0
2025-02-08,22,7.0,5.0,0.41666666666666663,1,16.706434165656855,4.176608541414214,67.0
2025-02-08,24,8.0,2.0,0.19999999999999996,0,0.0,0.0,149.0
2025-02-08,25,8.5,3.5,0.2916666666666667,1,84.25367154001374,21.063417885003435,39.5
2025-02-09,2,6.0,2.0,0.25,1,57.649124226336404,14.412281056584101,111.0
2025-02-09,8,4.5,1.5,0.25,1,79.92223464019483,19.980558660048708,95.0
2025-02-09,11,6.333333333333333,3.6666666666666665,0.3666666666666667,0,0.0,0.0,68.0
2025-02-09,14,12.0,0.0,0.0,0,0.0,0.0,68.0
2025-02-09,18,5.0,3.0,0.375,1,190.09857664318656,47.52464416079664,63.0
2025-02-09,21,3.0,1.0,0.25,0,0.0,0.0,92.0
2025-02-09,23,4.5,1.5,0.25,1,54.346677368603245,13.586669342150811,117.5
2025-02-09,24,4.0,6.0,0.6,1,76.64900300650733,19.162250751626832,70.0
2025-02-09,25,12.0,0.0,0.0,0,0.0,0.0,70.0
2025-02-10,1,8.0,0.0,0.0,1,29.961690964366017,7.490422741091504,102.0
2025-02-10,2,8.0,0.0,0.0,0,0.0,0.0,84.0
2025-02-10,4,3.0,3.0,0.5,0,0.0,0.0,55.0
2025-02-10,8,2.0,4.0,0.6666666666666667,0,0.0,0.0,52.5
2025-02-10,11,3.0,7.0,0.7,2,43.06228855274735,10.765572138186837,129.5
2025-02-10,24,5.666666666666667,4.333333333333333,0.43333333333333335,1,27.29696172361373,6.824240430903433,110.0
2025-02-11,2,4.0,4.0,0.5,2,123.60904874022752,30.90226218505688,63.5
2025-02-11,4,4.333333333333333,1.6666666666666667,0.2777777777777778,1,111.52762494139276,27.88190623534819,64.33333333333333
2025-02-11,6,2.0,8.0,0.8,0,0.0,0.0,148.0
2025-02-11,7,3.0,1.0,0.25,0,0.0,0.0,33.0
2025-02-11,9,1.0,5.0,0.8333333333333334,2,82.3002051263779,20.575051281594476,92.5
2025-02-11,10,7.0,3.0,0.30000000000000004,1,35.5716052884405,8.892901322110125,20.0
2025-02-11,11,5.5,4.5,0.45,2,73.25333654160629,18.313334135401572,108.0
2025-02-11,15,2.0,8.0,0.8,0,0.0,0.0,61.0
2025-02-11,16,1.0,3.0,0.75,0,0.0,0.0,211.0
2025-02-11,18,1.0,7.0,0.875,1,59.83885498707541,14.959713746768852,56.0
2025-02-11,19,4.0,0.0,0.0,0,0.0,0.0,37.0
2025-02-11,20,6.5,5.5,0.4583333333333333,2,35.88430307693961,8.971075769234902,109.0
2025-02-11,25,9.0,3.0,0.25,1,62.43464512835058,15.608661282087645,15.0
2025-02-12,1,8.0,0.0,0.0,0,0.0,0.0,252.0
2025-02-12,2,7.0,1.0,0.125,2,73.39273711881968,18.34818427970492,32.0
2025-02-12,9,2.0,4.0,0.6666666666666667,2,28.180824114047155,7.045206028511789,84.5
2025-02-12,12,2.0,4.0,0.6666666666666667,0,0.0,0.0,83.0
2025-02-12,13,4.0,12.0,0.75,2,108.43026795132882,27.107566987832204,56.5
2025-02-12,16,2.0,2.0,0.5,0,0.0,0.0,179.0
2025-02-12,17,5.0,3.0,0.375,1,91.27424947441692,22.81856236860423,175.0
2025-02-12,23,2.0,4.0,0.6666666666666667,0,0.0,0.0,187.0
2025-02-13,3,12.0,4.0,0.25,1,85.2315789645262,21.30789474113155,66.0
2025-02-13,4,3.0,3.0,0.5,1,125.88886187726807,31.472215469317018,76.5
2025-02-13,5,8.0,2.0,0.2,1,30.211239086398415,7.552809771599604,68.5
2025-02-13,9,2.5,3.5,0.5833333333333334,0,0.0,0.0,87.0
2025-02-13,10,4.0,6.0,0.6,0,0.0,0.0,96.0
2025-02-13,11,3.0,7.0,0.7,1,46.235827732291405,11.558956933072851,62.5
2025-02-13,16,2.5,1.5,0.375,0,0.0,0.0,149.5
2025-02-13,17,6.0,2.0,0.25,0,0.0,0.0,126.0
2025-02-13,21,4.0,0.0,0.0,1,23.32604460487279,5.831511151218198,75.0
2025-02-13,23,3.0,3.0,0.5,1,55.803772317790155,13.950943079447539,150.5
2025-02-13,25,2.0,10.0,0.8333333333333334,0,0.0,0.0,21.0
2025-02-14,9,1.0,5.0,0.8333333333333334,0,0.0,0.0,81.0
2025-02-14,15,8.5,1.5,0.14999999999999997,1,99.25631949399505,24.814079873498763,129.0
2025-02-14,16,4.0,0.0,0.0,0,0.0,0.0,46.0
2025-02-14,22,3.0,9.0,0.75,2,80.8157262875969,20.203931571899226,70.0
2025-02-14,23,5.0,1.0,0.16666666666666663,0,0.0,0.0,40.0
2025-02-14,24,2.0,8.0,0.8,0,0.0,0.0,116.0
2025-02-15,7,4.0,0.0,0.0,0,0.0,0.0,95.0
2025-02-15,10,9.0,1.0,0.09999999999999998,1,9.110754018745116,2.277688504686279,257.0
2025-02-15,12,2.0,4.0,0.6666666666666667,0,0.0,0.0,35.0
2025-02-15,13,6.0,10.0,0.625,1,140.3001274723602,35.07503186809005,105.0
2025-02-15,15,10.0,0.0,0.0,0,0.0,0.0,85.0
2025-02-15,16,3.0,1.0,0.25,1,35.89394817358082,8.973487043395204,41.0
2025-02-15,22,11.0,1.0,0.08333333333333337,1,12.777440162105078,3.1943600405262695,60.0
2025-02-15,24,8.5,1.5,0.14999999999999997,0,0.0,0.0,22.5
2025-02-16,2,3.0,5.0,0.625,0,0.0,0.0,113.0
2025-02-16,5,7.0,3.0,0.3,0,0.0,0.0,32.0
2025-02-16,6,6.0,4.0,0.4,0,0.0,0.0,96.0
2025-02-16,8,6.0,0.0,0.0,1,22.997084464833677,5.749271116208419,130.0
2025-02-16,9,3.0,3.0,0.5,2,75.08626426354837,18.771566065887093,119.0
2025-02-16,13,7.0,9.0,0.5625,1,110.29283494074969,27.57320873518742,36.0
2025-02-16,22,11.0,1.0,0.08333333333333337,0,0.0,0.0,106.0
2025-02-16,23,3.5,2.5,0.4166666666666667,3,99.43154751409085,24.857886878522713,74.75
2025-02-17,1,4.0,4.0,0.5,4,199.79937276947288,49.94984319236822,96.5
2025-02-17,2,7.0,1.0,0.125,0,0.0,0.0,129.0
2025-02-17,7,2.0,2.0,0.5,3,156.93621680091042,39.234054200227604,114.66666666666667
2025-02-17,10,9.5,0.5,0.04999999999999999,3,393.2798237636211,98.31995594090527,36.75
2025-02-17,12,1.0,5.0,0.8333333333333334,1,113.89857237470561,28.474643093676402,44.0
2025-02-17,14,11.5,0.5,0.041666666666666685,3,273.4287556720268,68.3571889180067,64.75
2025-02-17,18,5.0,3.0,0.375,1,85.09812522182101,21.274531305455252,116.0
2025-02-17,19,3.0,1.0,0.25,0,0.0,0.0,205.0
2025-02-17,20,10.0,2.0,0.16666666666666663,0,0.0,0.0,76.0
2025-02-17,21,0.0,4.0,1.0,0,0.0,0.0,62.0
2025-02-17,23,5.0,1.0,0.16666666666666663,0,0.0,0.0,37.0
2025-02-17,24,8.0,2.0,0.19999999999999996,0,0.0,0.0,31.0
2025-02-18,1,2.0,6.0,0.75,0,0.0,0.0,119.0
2025-02-18,2,2.0,6.0,0.75,1,26.589632644067212,6.647408161016803,171.0
2025-02-18,3,3.0,13.0,0.8125,1,4.779360746766523,1.1948401866916307,83.0
2025-02-18,4,2.0,4.0,0.6666666666666667,0,0.0,0.0,65.0
2025-02-18,9,4.75,1.25,0.20833333333333334,1,102.77977380088562,25.694943450221405,72.25
2025-02-18,10,9.0,1.0,0.09999999999999998,0,0.0,0.0,29.0
2025-02-18,14,12.0,0.0,0.0,0,0.0,0.0,61.0
2025-02-18,17,8.0,0.0,0.0,1,27.27881263668184,6.81970315917046,77.0
2025-02-18,18,8.0,0.0,0.0,0,0.0,0.0,114.0
2025-02-18,19,2.0,2.0,0.5,3,184.1577574122877,46.03943935307193,58.166666666666664
2025-02-18,20,2.0,10.0,0.8333333333333334,3,79.15214222333545,19.78803555583386,50.333333333333336
2025-02-19,2,3.0,5.0,0.625,1,86.43870320976617,21.609675802441544,21.0
2025-02-19,5,10.0,0.0,0.0,0,0.0,0.0,108.0
2025-02-19,7,4.0,0.0,0.0,0,0.0,0.0,72.0
2025-02-19,8,2.0,4.0,0.6666666666666667,0,0.0,0.0,47.0
2025-02-19,9,5.0,1.0,0.16666666666666663,0,0.0,0.0,47.0
2025-02-19,10,3.0,7.0,0.7,0,0.0,0.0,55.0
2025-02-19,12,2.0,4.0,0.6666666666666667,0,0.0,0.0,82.0
2025-02-19,13,7.0,9.0,0.5625,2,127.09298487850573,31.773246219626433,50.5
2025-02-19,14,2.0,10.0,0.8333333333333334,1,57.05012165866601,14.262530414666502,28.0
2025-02-19,17,3.0,5.0,0.625,1,64.40413763992318,16.101034409980794,282.0
2025-02-19,18,1.5,6.5,0.8125,0,0.0,0.0,41.5
2025-02-19,19,3.0,1.0,0.25,1,255.48047489450823,63.87011872362706,43.666666666666664
2025-02-20,1,0.0,8.0,1.0,0,0.0,0.0,277.0
2025-02-20,2,2.0,6.0,0.75,0,0.0,0.0,26.0
2025-02-20,7,1.0,3.0,0.75,0,0.0,0.0,51.0
2025-02-20,8,4.0,2.0,0.33333333333333337,0,0.0,0.0,43.0
2025-02-20,15,1.0,9.0,0.9,1,36.00316310745078,9.000790776862695,200.0
2025-02-20,16,2.5,1.5,0.375,0,0.0,0.0,53.0
2025-02-20,18,2.0,6.0,0.75,2,129.12310531642262,32.280776329105656,27.5
2025-02-20,19,1.0,3.0,0.75,1,124.52672316881578,31.131680792203944,43.0
2025-02-20,20,12.0,0.0,0.0,0,0.0,0.0,17.0
2025-02-20,21,1.0,3.0,0.75,3,80.30889563131191,20.077223907827978,96.33333333333333
2025-02-20,22,3.0,9.0,0.75,1,162.1223919901148,40.5305979975287,282.0
2025-02-20,23,5.0,1.0,0.16666666666666663,1,108.90632338193755,27.22658084548439,116.0
2025-02-21,1,2.0,6.0,0.75,0,0.0,0.0,106.0
2025-02-21,3,3.0,13.0,0.8125,1,47.9264513789085,11.981612844727126,114.0
2025-02-21,10,6.333333333333333,3.6666666666666665,0.3666666666666667,2,97.67564347003523,24.418910867508806,76.66666666666667
2025-02-21,11,2.0,8.0,0.8,1,4.0964934529232595,1.0241233632308149,88.5
2025-02-21,14,1.0,11.0,0.9166666666666666,3,231.2380101061871,57.80950252654677,49.333333333333336
2025-02-21,15,2.0,8.0,0.8,1,82.8055132091902,20.70137830229755,70.0
2025-02-21,20,2.0,10.0,0.8333333333333334,0,0.0,0.0,36.0
2025-02-21,21,3.0,1.0,0.25,0,0.0,0.0,63.0
2025-02-21,25,3.5,8.5,0.7083333333333333,2,21.88634407832938,5.471586019582345,88.0
2025-02-22,1,3.0,5.0,0.625,0,0.0,0.0,38.0
2025-02-22,2,8.0,0.0,0.0,0,0.0,0.0,19.0
2025-02-22,4,6.0,0.0,0.0,0,0.0,0.0,130.0
2025-02-22,5,5.0,5.0,0.5,0,0.0,0.0,69.0
2025-02-22,7,2.5,1.5,0.375,6,355.8806537593232,88.9701634398308,71.0
2025-02-22,8,4.0,2.0,0.33333333333333337,0,0.0,0.0,110.0
2025-02-22,13,16.0,0.0,0.0,0,0.0,0.0,57.0
2025-02-22,14,10.0,2.0,0.16666666666666663,0,0.0,0.0,28.0
2025-02-22,15,6.0,4.0,0.4,0,0.0,0.0,105.0
2025-02-22,18,4.0,4.0,0.5,1,32.364489816441285,8.091122454110321,35.0
2025-02-22,20,12.0,0.0,0.0,0,0.0,0.0,80.0
2025-02-22,21,2.0,2.0,0.5,0,0.0,0.0,71.0
2025-02-22,22,11.0,1.0,0.08333333333333337,1,5.02184826646921,1.2554620666173024,98.0
2025-02-22,24,5.0,5.0,0.5,0,0.0,0.0,138.0
2025-02-23,3,7.0,9.0,0.5625,0,0.0,0.0,66.0
2025-02-23,5,6.0,4.0,0.4,0,0.0,0.0,175.0
2025-02-23,9,3.0,3.0,0.5,0,0.0,0.0,25.0
2025-02-23,12,4.0,2.0,0.3333333333333333,1,33.43658373654601,8.359145934136503,67.0
2025-02-23,14,7.0,5.0,0.41666666666666663,0,0.0,0.0,26.0
2025-02-23,17,4.0,4.0,0.5,3,232.3524086631739,58.08810216579347,102.0
2025-02-23,18,6.0,2.0,0.25,2,72.54762115801552,18.13690528950388,38.5
2025-02-23,19,2.0,2.0,0.5,0,0.0,0.0,75.0
2025-02-23,20,7.0,5.0,0.41666666666666663,2,83.70066155824523,20.925165389561307,212.5
2025-02-23,25,12.0,0.0,0.0,0,0.0,0.0,35.0
2025-02-24,1,3.0,5.0,0.625,0,0.0,0.0,15.0
2025-02-24,3,10.0,6.0,0.375,0,0.0,0.0,20.0
2025-02-24,4,2.0,4.0,0.6666666666666667,1,22.0043220199677,5.501080504991925,96.0
2025-02-24,6,2.0,8.0,0.8,0,0.0,0.0,56.0
2025-02-24,7,1.0,3.0,0.75,3,161.87895448290698,40.469738620726744,64.0
2025-02-24,10,1.0,9.0,0.9,0,0.0,0.0,98.0
2025-02-24,15,3.0,7.0,0.7,4,296.56521358864916,74.14130339716229,52.5
2025-02-24,17,5.0,3.0,0.375,0,0.0,0.0,110.5
2025-02-24,23,2.0,4.0,0.6666666666666667,1,43.78073218341174,10.945183045852936,83.0
2025-02-25,2,3.0,5.0,0.625,2,127.47684106345679,31.869210265864197,139.0
2025-02-25,3,4.0,12.0,0.75,1,62.91017501811227,15.727543754528067,252.0
2025-02-25,4,5.0,1.0,0.16666666666666663,1,112.67290638006315,28.16822659501579,66.0
2025-02-25,10,3.0,7.0,0.7,0,0.0,0.0,52.0
2025-02-25,12,1.0,5.0,0.8333333333333334,0,0.0,0.0,187.0
2025-02-25,13,15.0,1.0,0.0625,0,0.0,0.0,52.0
2025-02-25,15,3.5,6.5,0.6499999999999999,5,283.4771017623565,70.86927544058912,69.91666666666667
2025-02-25,16,2.0,2.0,0.5,1,62.22238393928697,15.555595984821743,63.0
2025-02-25,17,1.0,7.0,0.875,0,0.0,0.0,30.0
2025-02-25,19,4.0,0.0,0.0,0,0.0,0.0,85.0
2025-02-25,20,4.0,8.0,0.6666666666666667,2,62.514795579911066,15.628698894977767,43.5
2025-02-25,21,1.0,3.0,0.75,0,0.0,0.0,140.0
2025-02-25,24,1.0,9.0,0.9,2,53.57931145651254,13.394827864128136,152.0
2025-02-26,5,9.0,1.0,0.09999999999999998,0,0.0,0.0,95.0
2025-02-26,9,4.5,1.5,0.25,0,0.0,0.0,147.0
2025-02-26,13,3.0,13.0,0.8125,1,74.23626190109724,18.55906547527431,30.0
2025-02-26,14,8.0,4.0,0.33333333333333337,1,54.42583003404215,13.606457508510537,31.0
2025-02-26,15,4.0,6.0,0.6,0,0.0,0.0,93.0
2025-02-26,16,4.0,0.0,0.0,1,165.82849654799705,41.45712413699926,71.0
2025-02-26,17,1.5,6.5,0.8125,0,0.0,0.0,95.0
2025-02-26,20,7.0,5.0,0.4166666666666667,1,14.472236863511,3.61805921587775,92.5
2025-02-26,22,3.0,9.0,0.75,2,113.36015739224393,28.340039348060984,183.5
2025-02-26,23,6.0,0.0,0.0,0,0.0,0.0,29.0
2025-02-27,1,0.0,8.0,1.0,0,0.0,0.0,39.0
2025-02-27,3,3.0,13.0,0.8125,0,0.0,0.0,90.0
2025-02-27,6,10.0,0.0,0.0,0,0.0,0.0,116.0
2025-02-27,8,6.0,0.0,0.0,1,27.426081879122084,6.856520469780521,246.0
2025-02-27,9,5.0,1.0,0.16666666666666663,0,0.0,0.0,20.0
2025-02-27,10,5.0,5.0,0.5,0,0.0,0.0,77.5
2025-02-27,11,9.0,1.0,0.09999999999999998,1,75.35002748793573,18.837506871983933,80.0
2025-02-27,13,2.0,14.0,0.875,1,74.24073874601292,18.56018468650323,81.0
2025-02-27,14,4.0,8.0,0.6666666666666667,0,0.0,0.0,79.0
2025-02-27,15,2.0,8.0,0.8,0,0.0,0.0,169.0
2025-02-27,17,2.0,6.0,0.75,0,0.0,0.0,98.0
2025-02-27,19,4.0,0.0,0.0,2,157.6788456889292,39.4197114222323,24.5
2025-02-27,20,10.0,2.0,0.16666666666666669,1,6.113089884116564,1.528272471029141,24.0
2025-02-27,24,10.0,0.0,0.0,0,0.0,0.0,27.0
2025-02-28,2,7.0,1.0,0.125,1,193.2498378325739,48.31245945814347,164.0
2025-02-28,4,2.0,4.0,0.6666666666666667,0,0.0,0.0,95.0
2025-02-28,7,1.0,3.0,0.75,2,30.332838104660546,7.583209526165136,126.0
2025-02-28,8,1.5,4.5,0.75,3,358.5381117334053,89.63452793335132,72.5
2025-02-28,16,1.0,3.0,0.75,0,0.0,0.0,93.0
2025-02-28,20,11.0,1.0,0.08333333333333337,1,24.527668689232105,6.131917172308026,68.0
2025-02-28,23,3.0,3.0,0.5,1,29.52324729485014,7.380811823712535,44.0
2025-03-01,1,3.0,5.0,0.625,0,0.0,0.0,91.0
2025-03-01,2,3.0,5.0,0.625,0,0.0,0.0,110.0
2025-03-01,5,6.333333333333333,3.6666666666666665,0.3666666666666667,0,0.0,0.0,141.0
2025-03-01,6,4.0,6.0,0.6,1,62.23811306677485,15.559528266693713,286.0
2025-03-01,8,2.0,4.0,0.6666666666666667,0,0.0,0.0,56.0
2025-03-01,11,8.0,2.0,0.19999999999999996,1,57.774824730985976,14.443706182746494,68.0
2025-03-01,12,3.0,3.0,0.5,1,51.07234991013861,12.768087477534653,28.0
2025-03-01,18,5.0,3.0,0.375,2,56.717119770772264,14.179279942693066,152.5
2025-03-01,25,6.5,5.5,0.4583333333333333,3,65.17201001157464,16.29300250289366,37.83333333333333
2025-03-02,2,7.0,1.0,0.125,0,0.0,0.0,65.0
2025-03-02,5,6.0,4.0,0.39999999999999997,2,227.77541756924077,56.94385439231019,37.5
2025-03-02,6,5.0,5.0,0.5,0,0.0,0.0,88.0
2025-03-02,8,4.0,2.0,0.33333333333333337,4,180.11032254114897,45.027580635287244,116.25
2025-03-02,12,3.0,3.0,0.5,1,80.99194140924908,20.24798535231227,23.0
2025-03-02,13,6.0,10.0,0.625,0,0.0,0.0,49.0
2025-03-02,15,9.0,1.0,0.09999999999999998,1,78.68480583596354,19.671201458990886,87.0
2025-03-02,20,11.5,0.5,0.041666666666666685,0,0.0,0.0,159.0
2025-03-02,25,9.0,3.0,0.25,0,0.0,0.0,21.0
2025-03-03,2,3.0,5.0,0.625,0,0.0,0.0,75.0
2025-03-03,4,3.0,3.0,0.5,1,292.6543018164894,73.16357545412235,65.0
2025-03-03,6,5.5,4.5,0.45,0,0.0,0.0,98.0
2025-03-03,7,1.0,3.0,0.75,1,31.700677621975974,7.925169405493993,94.0
2025-03-03,8,6.0,0.0,0.0,1,6.38926482566102,1.597316206415255,251.0
2025-03-03,12,2.0,4.0,0.6666666666666667,0,0.0,0.0,33.0
2025-03-03,15,1.0,9.0,0.9,0,0.0,0.0,25.0
2025-03-03,16,2.0,2.0,0.5,3,242.1822468531799,60.54556171329497,48.75
2025-03-03,17,2.0,6.0,0.75,2,59.17210817200091,14.793027043000228,87.5
2025-03-03,18,1.0,7.0,0.875,0,0.0,0.0,78.0
2025-03-03,21,0.0,4.0,1.0,1,327.93851266778904,81.98462816694726,283.0
2025-03-03,23,5.0,1.0,0.16666666666666663,0,0.0,0.0,104.0
2025-03-04,2,8.0,0.0,0.0,0,0.0,0.0,62.0
2025-03-04,3,2.0,14.0,0.875,4,368.51959146982034,92.12989786745509,74.5
2025-03-04,4,2.0,4.0,0.6666666666666667,2,104.0828104469733,26.020702611743324,73.0
2025-03-04,6,9.0,1.0,0.09999999999999998,3,440.80594262421533,110.20148565605383,72.0
2025-03-04,7,0.0,4.0,1.0,1,51.9963200158863,12.999080003971574,58.0
2025-03-04,10,10.0,0.0,0.0,3,78.92156861761772,19.73039215440443,67.33333333333333
2025-03-04,12,3.0,3.0,0.5,0,0.0,0.0,32.0
2025-03-04,15,6.5,3.5,0.35,2,117.47661281872513,29.369153204681282,76.0
2025-03-04,19,0.0,4.0,1.0,0,0.0,0.0,34.0
2025-03-04,20,3.0,9.0,0.75,1,53.57113271519175,13.392783178797938,105.0
2025-03-04,21,1.0,3.0,0.75,2,86.73288544393522,21.683221360983804,64.25
2025-03-04,25,6.5,5.5,0.4583333333333333,0,0.0,0.0,40.5
2025-03-05,5,4.0,6.0,0.6,1,17.25694063792451,4.314235159481128,161.0
2025-03-05,6,6.0,4.0,0.39999999999999997,2,32.822713160295805,8.205678290073951,163.5
2025-03-05,7,4.0,0.0,0.0,0,0.0,0.0,62.0
2025-03-05,11,6.5,3.5,0.35,1,66.36809578891969,16.592023947229922,58.5
2025-03-05,12,6.0,0.0,0.0,1,31.209955192001892,7.802488798000473,71.0
2025-03-05,14,5.0,7.0,0.5833333333333333,1,53.52953408755834,13.382383521889585,32.0
2025-03-05,16,1.0,3.0,0.75,2,41.60973399827162,10.402433499567906,68.0
2025-03-05,19,1.0,3.0,0.75,0,0.0,0.0,56.0
2025-03-05,20,7.0,5.0,0.4166666666666667,1,77.29924224399471,19.324810560998678,175.0
2025-03-05,21,2.0,2.0,0.5,1,26.55329335431842,6.638323338579605,32.0
2025-03-05,22,6.5,5.5,0.4583333333333333,4,128.49335055050636,32.12333763762659,54.666666666666664
2025-03-05,23,2.5,3.5,0.5833333333333334,1,97.98267402368424,24.49566850592106,111.0
2025-03-06,1,1.0,7.0,0.875,1,202.72789744541217,50.68197436135304,152.0
2025-03-06,2,3.0,5.0,0.625,0,0.0,0.0,53.0
2025-03-06,3,10.0,6.0,0.375,0,0.0,0.0,95.0
2025-03-06,6,2.0,8.0,0.8,0,0.0,0.0,125.5
2025-03-06,7,3.0,1.0,0.25,2,116.57437478591893,29.143593696479734,57.5
2025-03-06,9,6.0,0.0,0.0,2,101.27648611054576,25.31912152763644,144.5
2025-03-06,11,7.0,3.0,0.30000000000000004,0,0.0,0.0,88.0
2025-03-06,15,9.0,1.0,0.09999999999999998,0,0.0,0.0,65.0
2025-03-06,24,6.0,4.0,0.4,0,0.0,0.0,99.0
2025-03-06,25,5.0,7.0,0.5833333333333334,0,0.0,0.0,52.5
2025-03-07,3,2.0,14.0,0.875,1,37.70813619231359,9.427034048078397,180.0
2025-03-07,5,6.0,4.0,0.39999999999999997,1,81.227044396439,20.30676109910975,114.0
2025-03-07,8,3.0,3.0,0.5,0,0.0,0.0,81.0
2025-03-07,9,2.0,4.0,0.6666666666666667,1,103.04809865406888,25.76202466351722,67.0
2025-03-07,10,3.0,7.0,0.7,1,199.84217830167913,49.96054457541978,23.0
2025-03-07,12,4.0,2.0,0.33333333333333337,0,0.0,0.0,92.5
2025-03-07,13,2.0,14.0,0.875,1,108.96093226203233,27.240233065508082,30.0
2025-03-07,15,10.0,0.0,0.0,0,0.0,0.0,15.0
2025-03-07,18,2.0,6.0,0.75,1,54.195117640280756,13.548779410070189,111.0
2025-03-07,19,1.0,3.0,0.75,1,56.11682462488719,14.029206156221797,15.0
2025-03-07,21,1.0,3.0,0.75,1,122.42271535035209,30.605678837588023,74.0
2025-03-07,22,7.0,5.0,0.41666666666666663,1,110.59319543417958,27.648298858544894,178.0
2025-03-08,3,9.666666666666666,6.333333333333333,0.3958333333333333,1,40.466247450998814,10.116561862749704,64.0
2025-03-08,6,5.0,5.0,0.5,0,0.0,0.0,107.0
2025-03-08,7,2.0,2.0,0.5,0,0.0,0.0,184.0
2025-03-08,12,3.0,3.0,0.5,2,63.24615490548572,15.81153872637143,92.5
2025-03-08,17,3.0,5.0,0.625,2,58.20592456402672,14.55148114100668,159.5
2025-03-08,18,6.5,1.5,0.1875,2,238.27985986645263,59.569964966613156,58.5
2025-03-08,20,6.0,6.0,0.5,1,107.88318802536638,26.970797006341595,229.0
2025-03-08,22,12.0,0.0,0.0,0,0.0,0.0,65.0
2025-03-09,1,4.0,4.0,0.5,2,42.574371182933575,10.643592795733394,42.0
2025-03-09,3,11.0,5.0,0.3125,0,0.0,0.0,53.0
2025-03-09,5,10.0,0.0,0.0,0,0.0,0.0,80.0
2025-03-09,6,5.5,4.5,0.45,2,168.0165382214833,42.004134555370825,85.0
2025-03-09,7,3.0,1.0,0.25,1,74.2433293274292,18.5608323318573,75.0
2025-03-09,8,2.0,4.0,0.6666666666666667,0,0.0,0.0,26.5
2025-03-09,9,2.0,4.0,0.6666666666666667,0,0.0,0.0,47.0
2025-03-09,10,6.0,4.0,0.4,0,0.0,0.0,79.0
2025-03-09,12,4.0,2.0,0.33333333333333337,0,0.0,0.0,23.0
2025-03-09,13,7.0,9.0,0.5625,1,54.550396847280304,13.637599211820076,77.0
2025-03-09,15,8.0,2.0,0.19999999999999998,2,126.39423099785914,31.598557749464785,97.66666666666667
2025-03-09,17,3.0,5.0,0.625,0,0.0,0.0,113.0
2025-03-09,19,2.0,2.0,0.5,0,0.0,0.0,227.0
2025-03-09,21,2.0,2.0,0.5,1,150.8018401174221,37.700460029355526,95.0
2025-03-09,22,6.0,6.0,0.5,0,0.0,0.0,19.0
2025-03-09,23,3.0,3.0,0.5,0,0.0,0.0,98.0
2025-03-10,1,4.0,4.0,0.5,0,0.0,0.0,137.5
2025-03-10,2,1.0,7.0,0.875,2,319.9055073299893,79.97637683249732,57.5
2025-03-10,3,12.0,4.0,0.25,0,0.0,0.0,15.0
2025-03-10,7,1.0,3.0,0.75,0,0.0,0.0,35.0
2025-03-10,12,6.0,0.0,0.0,0,0.0,0.0,262.0
2025-03-10,13,4.0,12.0,0.75,1,16.464810585133705,4.116202646283426,113.0
2025-03-10,17,8.0,0.0,0.0,1,29.820523688579954,7.455130922144988,50.0
2025-03-10,21,1.0,3.0,0.75,0,0.0,0.0,285.5
2025-03-10,25,11.0,1.0,0.08333333333333337,2,137.3629522186745,34.34073805466863,147.5
2025-03-11,1,7.0,1.0,0.125,0,0.0,0.0,77.0
2025-03-11,2,3.0,5.0,0.625,0,0.0,0.0,59.0
2025-03-11,8,3.0,3.0,0.5,0,0.0,0.0,71.0
2025-03-11,9,2.0,4.0,0.6666666666666667,0,0.0,0.0,104.0
2025-03-11,12,2.0,4.0,0.6666666666666667,0,0.0,0.0,58.0
2025-03-11,13,4.0,12.0,0.75,0,0.0,0.0,75.0
2025-03-11,14,2.0,10.0,0.8333333333333334,2,240.89201698621292,60.22300424655323,231.0
2025-03-11,16,1.0,3.0,0.75,0,0.0,0.0,29.0
2025-03-11,18,3.0,5.0,0.625,1,6.725334855926282,1.6813337139815705,107.0
2025-03-11,19,1.0,3.0,0.75,0,0.0,0.0,125.0
2025-03-12,2,5.5,2.5,0.3125,0,0.0,0.0,36.5
2025-03-12,3,7.5,8.5,0.53125,0,0.0,0.0,105.5
2025-03-12,9,3.0,3.0,0.5,0,0.0,0.0,102.0
2025-03-12,11,10.0,0.0,0.0,2,132.0365046098529,33.009126152463224,123.5
2025-03-12,16,3.0,1.0,0.25,0,0.0,0.0,28.0
2025-03-12,23,1.0,5.0,0.8333333333333334,0,0.0,0.0,26.0
2025-03-13,3,2.0,14.0,0.875,1,9.526384348407857,2.3815960871019644,117.0
2025-03-13,7,4.0,0.0,0.0,0,0.0,0.0,112.0
2025-03-13,8,6.0,0.0,0.0,3,111.48282909797403,27.87070727449351,67.0
2025-03-13,11,7.0,3.0,0.30000000000000004,0,0.0,0.0,77.0
2025-03-13,12,1.0,5.0,0.8333333333333334,0,0.0,0.0,31.0
2025-03-13,13,5.0,11.0,0.6875,1,36.84352769876051,9.210881924690128,72.0
2025-03-13,14,7.333333333333333,4.666666666666667,0.38888888888888884,0,0.0,0.0,77.33333333333333
2025-03-13,15,4.5,5.5,0.55,4,142.71711972539578,35.679279931348944,60.75
2025-03-13,16,1.0,3.0,0.75,1,19.799147835422403,4.949786958855601,61.0
2025-03-13,17,2.0,6.0,0.75,0,0.0,0.0,179.0
2025-03-13,18,2.0,6.0,0.75,0,0.0,0.0,77.0
2025-03-14,2,8.0,0.0,0.0,0,0.0,0.0,267.0
2025-03-14,4,6.0,0.0,0.0,0,0.0,0.0,67.0
2025-03-14,8,5.0,1.0,0.16666666666666663,0,0.0,0.0,62.0
2025-03-14,9,4.0,2.0,0.33333333333333337,1,95.66427853960926,23.916069634902314,48.0
2025-03-14,10,8.0,2.0,0.2,0,0.0,0.0,38.5
2025-03-14,11,3.0,7.0,0.7,2,99.37181648499954,24.842954121249885,73.5
2025-03-14,14,7.5,4.5,0.37500000000000006,4,551.671505560643,137.91787639016076,42.83333333333333
2025-03-14,17,2.0,6.0,0.75,3,268.8916478928141,67.22291197320352,54.0
2025-03-14,20,3.0,9.0,0.75,2,201.2990161903426,50.32475404758565,62.5
2025-03-14,22,11.0,1.0,0.08333333333333337,2,92.93719682809183,23.234299207022957,52.5
2025-03-15,2,5.0,3.0,0.375,0,0.0,0.0,16.0
2025-03-15,3,10.0,6.0,0.375,1,72.20639460370501,18.051598650926252,116.0
2025-03-15,5,7.0,3.0,0.3,0,0.0,0.0,64.5
2025-03-15,10,4.666666666666667,5.333333333333333,0.5333333333333333,2,205.5650876231355,51.391271905783874,76.5
2025-03-15,11,8.0,2.0,0.19999999999999996,0,0.0,0.0,80.0
2025-03-15,13,14.0,2.0,0.125,0,0.0,0.0,278.0
2025-03-15,14,12.0,0.0,0.0,1,40.336926348050376,10.084231587012594,20.0
2025-03-15,15,7.5,2.5,0.25,2,120.02658128820757,30.00664532205189,24.5
2025-03-15,16,3.0,1.0,0.25,0,0.0,0.0,221.0
2025-03-15,17,5.0,3.0,0.375,0,0.0,0.0,155.0
2025-03-15,19,3.0,1.0,0.25,0,0.0,0.0,48.0
2025-03-15,20,11.0,1.0,0.08333333333333337,0,0.0,0.0,38.0
2025-03-15,21,2.0,2.0,0.5,0,0.0,0.0,21.0
2025-03-15,24,7.0,3.0,0.3,2,125.98588712372806,31.496471780932016,119.5
2025-03-15,25,7.0,5.0,0.41666666666666663,1,88.03153168616704,22.00788292154176,144.5
2025-03-16,1,4.0,4.0,0.5,3,52.52432559019327,13.131081397548318,42.666666666666664
2025-03-16,2,4.0,4.0,0.5,0,0.0,0.0,47.0
2025-03-16,3,12.0,4.0,0.25,0,0.0,0.0,30.5
2025-03-16,5,7.0,3.0,0.30000000000000004,0,0.0,0.0,99.0
2025-03-16,7,1.5,2.5,0.625,1,152.96539947930597,38.24134986982649,80.0
2025-03-16,8,2.0,4.0,0.6666666666666667,5,258.4489043721561,64.61222609303903,74.4
2025-03-16,10,6.0,4.0,0.4,1,256.59571389599114,64.14892847399778,20.0
2025-03-16,12,5.0,1.0,0.16666666666666663,0,0.0,0.0,66.0
2025-03-16,15,9.0,1.0,0.09999999999999998,0,0.0,0.0,64.0
2025-03-16,16,2.5,1.5,0.375,2,45.00405870830313,11.251014677075782,151.25
2025-03-16,22,5.0,7.0,0.5833333333333333,0,0.0,0.0,77.5
2025-03-16,23,3.0,3.0,0.5,0,0.0,0.0,202.0
2025-03-16,24,9.0,1.0,0.09999999999999998,0,0.0,0.0,41.0
2025-03-16,25,9.5,2.5,0.20833333333333331,0,0.0,0.0,71.0
2025-03-17,7,3.0,1.0,0.25,0,0.0,0.0,21.0
2025-03-17,8,1.0,5.0,0.8333333333333334,1,65.63474682301761,16.408686705754402,35.0
2025-03-17,9,1.0,5.0,0.8333333333333334,1,102.53838700602833,25.634596751507083,46.0
2025-03-17,11,9.0,1.0,0.09999999999999998,1,25.12899304290753,6.282248260726883,96.0
2025-03-17,15,9.0,1.0,0.09999999999999998,2,149.66178396374102,37.415445990935254,63.0
2025-03-17,16,0.0,4.0,1.0,1,25.734393952356257,6.433598488089064,52.0
2025-03-17,18,2.0,6.0,0.75,0,0.0,0.0,104.0
2025-03-17,19,1.0,3.0,0.75,2,59.866084436531025,14.966521109132756,46.0
2025-03-17,21,4.0,0.0,0.0,1,238.83066326261218,59.707665815653044,109.0
2025-03-17,22,11.0,1.0,0.08333333333333337,0,0.0,0.0,16.0
2025-03-18,2,2.0,6.0,0.75,0,0.0,0.0,17.0
2025-03-18,5,5.0,5.0,0.5,0,0.0,0.0,195.66666666666666
2025-03-18,6,9.0,1.0,0.09999999999999998,1,24.702024898142795,6.175506224535699,104.0
2025-03-18,9,2.0,4.0,0.6666666666666667,1,61.3772123950654,15.34430309876635,28.0
2025-03-18,11,2.0,8.0,0.8,0,0.0,0.0,111.0
2025-03-18,12,2.0,4.0,0.6666666666666667,0,0.0,0.0,110.0
2025-03-18,15,9.0,1.0,0.09999999999999998,1,40.32837602226172,10.08209400556543,58.0
2025-03-18,16,0.0,4.0,1.0,2,39.41250755096075,9.853126887740187,105.5
2025-03-18,20,4.0,8.0,0.6666666666666667,0,0.0,0.0,73.0
2025-03-18,23,5.0,1.0,0.16666666666666663,0,0.0,0.0,55.0
2025-03-18,24,7.0,3.0,0.30000000000000004,0,0.0,0.0,47.0
2025-03-19,2,7.0,1.0,0.125,1,64.54666224113943,16.136665560284857,45.0
2025-03-19,3,15.0,1.0,0.0625,2,103.53573927753214,25.883934819383036,100.5
2025-03-19,5,2.5,7.5,0.75,1,102.37522588652249,25.59380647163062,100.0
2025-03-19,7,1.0,3.0,0.75,0,0.0,0.0,73.0
2025-03-19,13,10.0,6.0,0.375,3,78.77241814896476,19.69310453724119,177.83333333333334
2025-03-19,14,5.666666666666667,6.333333333333333,0.5277777777777778,3,86.21475278930495,21.553688197326238,58.333333333333336
2025-03-19,17,3.0,5.0,0.625,0,0.0,0.0,88.0
2025-03-19,18,3.0,5.0,0.625,1,253.64998974398125,63.41249743599531,72.5
2025-03-19,19,1.0,3.0,0.75,1,31.51488505484409,7.878721263711022,91.33333333333333
2025-03-19,21,4.0,0.0,0.0,2,42.534980418745135,10.633745104686284,61.5
2025-03-19,22,5.0,7.0,0.5833333333333333,0,0.0,0.0,109.0
2025-03-19,23,1.0,5.0,0.8333333333333334,1,6.3527867654258054,1.5881966913564514,131.0
2025-03-19,24,1.0,9.0,0.9,4,264.85885146273336,66.21471286568334,79.0
2025-03-19,25,7.0,5.0,0.4166666666666667,1,79.00377776680276,19.75094444170069,30.0
2025-03-20,2,2.0,6.0,0.75,2,97.63340703833617,24.408351759584043,48.0
2025-03-20,4,6.0,0.0,0.0,2,110.80486811475419,27.701217028688546,82.5
2025-03-20,5,3.0,7.0,0.7,1,29.74775747886189,7.436939369715472,56.0
2025-03-20,6,2.6666666666666665,7.333333333333333,0.7333333333333334,1,22.792448087403347,5.698112021850837,115.66666666666667
2025-03-20,7,4.0,0.0,0.0,1,48.411113997455736,12.102778499363934,28.0
2025-03-20,14,7.0,5.0,0.41666666666666663,1,72.21862329863109,18.05465582465777,32.0
2025-03-20,15,4.0,6.0,0.6,0,0.0,0.0,27.0
2025-03-20,18,3.0,5.0,0.625,0,0.0,0.0,275.0
2025-03-20,20,5.0,7.0,0.5833333333333333,0,0.0,0.0,85.0
2025-03-20,23,6.0,0.0,0.0,0,0.0,0.0,69.0
2025-03-20,24,1.0,9.0,0.9,0,0.0,0.0,44.0
2025-03-21,1,2.0,6.0,0.75,0,0.0,0.0,76.0
2025-03-21,2,2.6666666666666665,5.333333333333333,0.6666666666666666,4,321.78961014744806,80.44740253686201,95.0
2025-03-21,7,0.5,3.5,0.875,0,0.0,0.0,92.5
2025-03-21,8,6.0,0.0,0.0,2,99.80279550310739,24.950698875776848,60.0
2025-03-21,10,8.0,2.0,0.19999999999999996,0,0.0,0.0,60.0
2025-03-21,11,1.0,9.0,0.9,0,0.0,0.0,74.0
2025-03-21,12,2.5,3.5,0.5833333333333334,5,259.61539300366144,64.90384825091536,102.16666666666667
2025-03-21,13,6.0,10.0,0.625,0,0.0,0.0,26.0
2025-03-21,15,2.0,8.0,0.8,4,152.21124277913253,38.05281069478313,69.25
2025-03-21,18,7.0,1.0,0.125,0,0.0,0.0,109.0
2025-03-21,21,4.0,0.0,0.0,0,0.0,0.0,107.0
2025-03-21,22,7.0,5.0,0.41666666666666663,0,0.0,0.0,69.0
2025-03-22,1,4.0,4.0,0.5,0,0.0,0.0,73.0
2025-03-22,3,6.0,10.0,0.625,1,41.55598176305923,10.388995440764807,114.0
2025-03-22,4,2.0,4.0,0.6666666666666667,2,128.54194791823596,32.13548697955899,171.5
2025-03-22,6,5.0,5.0,0.5,1,43.38533668110024,10.84633417027506,39.0
2025-03-22,7,2.25,1.75,0.4375,2,32.374207371733256,8.093551842933314,49.5
2025-03-22,9,4.333333333333333,1.6666666666666667,0.2777777777777778,3,144.2067216120628,36.0516804030157,88.16666666666667
2025-03-22,13,9.0,7.0,0.4375,1,53.04444524183333,13.261111310458332,26.0
2025-03-22,16,4.0,0.0,0.0,1,309.14883716613764,77.28720929153441,32.0
2025-03-22,18,5.0,3.0,0.375,1,127.00247781027961,31.750619452569904,98.0
2025-03-22,20,6.0,6.0,0.5,1,9.708050137516494,2.4270125343791236,44.5
2025-03-22,22,6.0,6.0,0.5,0,0.0,0.0,67.0
2025-03-22,23,4.0,2.0,0.33333333333333337,1,100.06100451011042,25.015251127527605,48.0
2025-03-23,1,3.5,4.5,0.5625,0,0.0,0.0,60.0
2025-03-23,2,3.0,5.0,0.625,0,0.0,0.0,160.5
2025-03-23,9,3.0,3.0,0.5,3,290.8625478711214,72.71563696778036,99.83333333333334
2025-03-23,10,4.0,6.0,0.6,4,373.08915391327355,93.27228847831839,49.0
2025-03-23,11,10.0,0.0,0.0,2,221.7344913777466,55.43362284443665,52.0
2025-03-23,14,7.0,5.0,0.41666666666666663,0,0.0,0.0,21.0
2025-03-23,16,3.0,1.0,0.25,0,0.0,0.0,99.0
2025-03-23,22,6.0,6.0,0.5,1,52.97408979631728,13.24352244907932,61.0
2025-03-23,23,3.0,3.0,0.5,0,0.0,0.0,100.0
2025-03-23,24,9.0,1.0,0.09999999999999998,0,0.0,0.0,71.0
2025-03-23,25,6.0,6.0,0.5,1,70.03637057773368,17.50909264443342,278.0
2025-03-24,4,2.75,3.25,0.5416666666666667,4,363.4338992000675,90.85847480001688,56.5
2025-03-24,6,5.0,5.0,0.5,1,18.300117618808912,4.575029404702228,89.0
2025-03-24,12,1.0,5.0,0.8333333333333334,0,0.0,0.0,29.0
2025-03-24,13,6.0,10.0,0.625,0,0.0,0.0,88.0
2025-03-24,19,3.0,1.0,0.25,0,0.0,0.0,20.0
2025-03-24,24,9.0,1.0,0.09999999999999998,0,0.0,0.0,60.0
2025-03-24,25,8.0,4.0,0.33333333333333337,0,0.0,0.0,17.0
2025-03-25,2,1.0,7.0,0.875,0,0.0,0.0,254.0
2025-03-25,3,3.0,13.0,0.8125,1,55.31624769997437,13.829061924993592,63.0
2025-03-25,5,7.0,3.0,0.3,1,31.767950265369976,7.941987566342494,83.0
2025-03-25,6,2.0,8.0,0.8,0,0.0,0.0,15.0
2025-03-25,10,2.0,8.0,0.8,0,0.0,0.0,160.0
2025-03-25,11,2.0,8.0,0.8,0,0.0,0.0,44.0
2025-03-25,13,5.0,11.0,0.6875,0,0.0,0.0,55.0
2025-03-25,17,2.0,6.0,0.75,0,0.0,0.0,49.0
2025-03-25,19,2.5,1.5,0.375,1,37.08064116393094,9.270160290982735,48.0
2025-03-25,20,12.0,0.0,0.0,0,0.0,0.0,204.0
2025-03-25,21,1.0,3.0,0.75,0,0.0,0.0,25.0
2025-03-25,22,12.0,0.0,0.0,0,0.0,0.0,39.0
2025-03-25,24,0.0,10.0,1.0,1,35.463229039509315,8.865807259877329,108.0
2025-03-25,25,5.0,7.0,0.5833333333333333,0,0.0,0.0,42.0
2025-03-26,3,16.0,0.0,0.0,1,137.03102662024287,34.25775665506072,46.0
2025-03-26,4,3.0,3.0,0.5,4,207.75199208999788,51.93799802249947,63.333333333333336
2025-03-26,5,4.0,6.0,0.6,0,0.0,0.0,43.0
2025-03-26,9,6.0,0.0,0.0,1,118.49172325792286,29.622930814480714,50.0
2025-03-26,12,3.5,2.5,0.4166666666666667,0,0.0,0.0,46.0
2025-03-26,15,4.0,6.0,0.6,0,0.0,0.0,41.0
2025-03-26,17,1.0,7.0,0.875,0,0.0,0.0,23.0
2025-03-26,19,1.0,3.0,0.75,1,54.00150226623012,13.50037556655753,75.0
2025-03-26,23,2.0,4.0,0.6666666666666667,0,0.0,0.0,91.0
2025-03-26,24,10.0,0.0,0.0,0,0.0,0.0,16.0
2025-03-26,25,7.5,4.5,0.37500000000000006,0,0.0,0.0,70.5
2025-03-27,2,2.0,6.0,0.75,0,0.0,0.0,80.0
2025-03-27,6,7.0,3.0,0.30000000000000004,0,0.0,0.0,129.0
2025-03-27,11,7.0,3.0,0.30000000000000004,0,0.0,0.0,214.0
2025-03-27,12,3.6666666666666665,2.3333333333333335,0.38888888888888884,1,72.25591744585645,18.063979361464114,71.0
2025-03-27,16,1.0,3.0,0.75,0,0.0,0.0,146.5
2025-03-27,24,6.5,3.5,0.35,1,8.497718961313405,2.124429740328351,92.0
2025-03-27,25,10.0,2.0,0.16666666666666663,0,0.0,0.0,63.0
2025-03-28,1,2.0,6.0,0.75,0,0.0,0.0,54.0
2025-03-28,2,2.0,6.0,0.75,1,38.91092810019612,9.72773202504903,110.0
2025-03-28,3,10.0,6.0,0.375,1,73.04520443371437,18.261301108428594,27.0
2025-03-28,4,3.5,2.5,0.4166666666666667,0,0.0,0.0,189.0
2025-03-28,5,3.0,7.0,0.7,0,0.0,0.0,19.0
2025-03-28,7,2.0,2.0,0.5,1,17.153689993830447,4.288422498457612,80.0
2025-03-28,11,2.0,8.0,0.8,0,0.0,0.0,242.0
2025-03-28,14,6.5,5.5,0.4583333333333333,3,429.8781866521148,107.4695466630287,37.0
2025-03-28,15,2.0,8.0,0.8,2,171.27377948939244,42.81844487234811,25.5
2025-03-28,16,2.5,1.5,0.375,0,0.0,0.0,148.5
2025-03-28,17,3.0,5.0,0.625,0,0.0,0.0,64.5
2025-03-28,18,8.0,0.0,0.0,2,180.08704940187923,45.02176235046981,58.0
2025-03-28,20,4.0,8.0,0.6666666666666667,0,0.0,0.0,21.0
2025-03-28,22,12.0,0.0,0.0,1,145.6341470261365,36.408536756534126,113.0
2025-03-28,23,1.0,5.0,0.8333333333333334,2,117.03074371394558,29.257685928486396,52.0
2025-03-28,24,2.0,8.0,0.8,0,0.0,0.0,36.0
2025-03-29,3,14.5,1.5,0.09375,0,0.0,0.0,112.0
2025-03-29,4,4.0,2.0,0.3333333333333333,1,54.88762889703627,13.721907224259068,49.5
2025-03-29,5,5.0,5.0,0.5,1,20.107903246847684,5.026975811711921,52.0
2025-03-29,9,3.0,3.0,0.5,0,0.0,0.0,88.0
2025-03-29,10,5.0,5.0,0.5,0,0.0,0.0,45.0
2025-03-29,12,4.0,2.0,0.3333333333333333,0,0.0,0.0,43.5
2025-03-29,13,6.0,10.0,0.625,1,27.256901447449515,6.814225361862379,226.0
2025-03-29,16,2.0,2.0,0.5,0,0.0,0.0,70.0
2025-03-29,17,4.0,4.0,0.5,0,0.0,0.0,196.0
2025-03-29,18,4.0,4.0,0.5,0,0.0,0.0,211.0
2025-03-29,23,6.0,0.0,0.0,0,0.0,0.0,55.0
2025-03-29,24,4.0,6.0,0.6,1,114.92869100569318,28.732172751423295,65.0
2025-03-29,25,12.0,0.0,0.0,0,0.0,0.0,73.0
2025-03-30,1,5.0,3.0,0.375,2,220.57678301810705,55.14419575452676,57.5
2025-03-30,2,4.0,4.0,0.5,2,122.73295091456085,30.68323772864021,180.5
2025-03-30,3,9.0,7.0,0.4375,2,294.8667465047731,73.71668662619328,77.0
2025-03-30,7,2.0,2.0,0.5,2,126.52668426786188,31.63167106696547,65.0
2025-03-30,10,5.0,5.0,0.5,0,0.0,0.0,158.0
2025-03-30,12,3.0,3.0,0.5,2,40.59481383585248,10.14870345896312,45.0
2025-03-30,14,7.5,4.5,0.37500000000000006,1,5.409473759417478,1.3523684398543696,69.0
2025-03-30,18,8.0,0.0,0.0,0,0.0,0.0,32.0
2025-03-30,19,2.0,2.0,0.5,5,317.09791081956104,79.27447770489026,75.58333333333334
2025-03-30,20,12.0,0.0,0.0,0,0.0,0.0,166.0
2025-03-30,24,3.0,7.0,0.7,1,26.23669419948735,6.559173549871837,218.0
2025-03-31,1,1.0,7.0,0.875,1,34.66126020116024,8.66531505029006,103.0
2025-03-31,5,9.0,1.0,0.09999999999999998,0,0.0,0.0,47.0
2025-03-31,6,1.5,8.5,0.85,3,143.6620071874517,35.91550179686293,42.0
2025-03-31,9,6.0,0.0,0.0,0,0.0,0.0,110.0
2025-03-31,10,2.0,8.0,0.8,1,14.09502190093332,3.52375547523333,107.0
2025-03-31,11,4.0,6.0,0.6000000000000001,2,311.44523273905264,77.86130818476316,114.5
2025-03-31,12,2.5,3.5,0.5833333333333334,2,36.68836708786736,9.17209177196684,75.5
2025-03-31,13,10.0,6.0,0.375,1,106.05915839414837,26.514789598537092,74.0
2025-03-31,16,1.0,3.0,0.75,0,0.0,0.0,26.0
2025-03-31,17,6.5,1.5,0.1875,0,0.0,0.0,27.5
2025-03-31,21,3.0,1.0,0.25,2,144.69591735199563,36.17397933799891,71.0
2025-03-31,23,3.3333333333333335,2.6666666666666665,0.4444444444444445,3,144.29691756791766,36.074229391979415,69.66666666666667
2025-04-01,2,3.5,4.5,0.5625,2,108.25000500295238,27.062501250738094,71.0
2025-04-01,3,10.0,6.0,0.375,1,25.984463569722113,6.496115892430528,70.0
2025-04-01,4,5.0,1.0,0.16666666666666663,0,0.0,0.0,204.0
2025-04-01,6,8.0,2.0,0.19999999999999996,0,0.0,0.0,113.0
2025-04-01,8,2.0,4.0,0.6666666666666667,0,0.0,0.0,269.0
2025-04-01,10,3.0,7.0,0.7,0,0.0,0.0,62.0
2025-04-01,11,3.0,7.0,0.7,2,115.19147541831794,28.797868854579484,32.0
2025-04-01,13,7.0,9.0,0.5625,2,328.551365479859,82.13784136996475,104.5
2025-04-01,14,3.0,9.0,0.75,1,6.578060925137896,1.644515231284474,33.0
2025-04-01,23,1.0,5.0,0.8333333333333334,1,75.64979753211095,18.912449383027738,68.0
2025-04-02,4,6.0,0.0,0.0,0,0.0,0.0,40.0
2025-04-02,5,4.0,6.0,0.6,1,32.93408033924323,8.233520084810808,98.0
2025-04-02,6,8.0,2.0,0.19999999999999996,0,0.0,0.0,90.0
2025-04-02,8,5.0,1.0,0.16666666666666663,1,4.195571857349038,1.0488929643372595,33.0
2025-04-02,11,3.0,7.0,0.7,0,0.0,0.0,31.0
2025-04-02,12,6.0,0.0,0.0,1,26.575854421754258,6.6439636054385645,45.0
2025-04-02,15,4.666666666666667,5.333333333333333,0.5333333333333333,2,332.5322275032388,83.1330568758097,50.666666666666664
2025-04-02,17,3.0,5.0,0.625,0,0.0,0.0,218.0
2025-04-02,22,8.0,4.0,0.33333333333333337,1,50.28978182049254,12.572445455123136,121.5
2025-04-02,24,2.5,7.5,0.75,2,95.45069698208141,23.862674245520353,82.5
2025-04-03,5,2.0,8.0,0.8,0,0.0,0.0,52.0
2025-04-03,11,1.5,8.5,0.8500000000000001,4,123.87003680668121,30.967509201670303,38.25
2025-04-03,12,2.0,4.0,0.6666666666666667,1,62.84300162810762,15.710750407026906,112.0
2025-04-03,15,4.0,6.0,0.6,0,0.0,0.0,97.0
2025-04-03,16,2.5,1.5,0.375,2,93.11055500041329,23.27763875010332,62.5
2025-04-03,17,1.0,7.0,0.875,1,44.531689583132874,11.132922395783218,29.0
2025-04-03,18,3.0,5.0,0.625,2,380.3164503579411,95.07911258948528,92.5
2025-04-03,19,0.0,4.0,1.0,1,35.47917523977967,8.869793809944918,104.0
2025-04-03,20,5.0,7.0,0.5833333333333333,0,0.0,0.0,20.0
2025-04-03,21,1.0,3.0,0.75,0,0.0,0.0,69.0
2025-04-03,25,12.0,0.0,0.0,1,26.74683466523417,6.686708666308543,251.0
2025-04-04,1,3.0,5.0,0.625,2,272.9959404661451,68.24898511653628,117.0
2025-04-04,2,2.0,6.0,0.75,2,199.54143039884573,49.88535759971143,65.0
2025-04-04,5,8.5,1.5,0.15000000000000002,2,142.79702113983817,35.69925528495954,65.0
2025-04-04,8,4.0,2.0,0.33333333333333337,0,0.0,0.0,24.0
2025-04-04,9,4.0,2.0,0.33333333333333337,0,0.0,0.0,99.0
2025-04-04,10,4.0,6.0,0.6000000000000001,1,96.92300915532442,24.230752288831106,25.5
2025-04-04,13,3.0,13.0,0.8125,0,0.0,0.0,113.0
2025-04-04,19,0.0,4.0,1.0,0,0.0,0.0,24.0
2025-04-04,21,1.5,2.5,0.625,1,35.881156894605,8.97028922365125,92.0
2025-04-04,24,10.0,0.0,0.0,1,21.863186737763876,5.465796684440969,95.0
2025-04-04,25,7.0,5.0,0.41666666666666663,1,33.110052925321035,8.277513231330259,20.0
2025-04-05,2,6.0,2.0,0.25,2,174.29469462059046,43.573673655147616,98.75
2025-04-05,3,5.0,11.0,0.6875,4,325.27323708869795,81.31830927217449,38.0
2025-04-05,7,4.0,0.0,0.0,1,118.18248157468956,29.54562039367239,71.0
2025-04-05,8,4.5,1.5,0.25,0,0.0,0.0,70.0
2025-04-05,9,2.0,4.0,0.6666666666666667,0,0.0,0.0,86.0
2025-04-05,10,9.0,1.0,0.09999999999999998,0,0.0,0.0,18.0
2025-04-05,11,4.0,6.0,0.6,0,0.0,0.0,81.0
2025-04-05,12,2.0,4.0,0.6666666666666667,1,24.282621295257382,6.0706553238143455,23.0
2025-04-05,20,5.5,6.5,0.5416666666666666,2,115.91350620515335,28.97837655128834,82.25
2025-04-05,21,3.0,1.0,0.25,0,0.0,0.0,108.0
2025-04-05,23,3.0,3.0,0.5,0,0.0,0.0,53.0
2025-04-05,24,5.0,5.0,0.5,2,320.98494530359324,80.24623632589831,63.0
2025-04-06,1,4.0,4.0,0.5,5,115.60336811996933,28.900842029992333,115.0
2025-04-06,3,8.0,8.0,0.5,0,0.0,0.0,56.0
2025-04-06,6,9.0,1.0,0.09999999999999998,3,358.415362034785,89.60384050869625,117.66666666666667
2025-04-06,9,3.0,3.0,0.5,0,0.0,0.0,117.0
2025-04-06,10,5.0,5.0,0.5,1,70.45131539565838,17.612828848914596,149.0
2025-04-06,11,4.0,6.0,0.6,0,0.0,0.0,78.0
2025-04-06,12,6.0,0.0,0.0,0,0.0,0.0,68.0
2025-04-06,14,11.0,1.0,0.08333333333333337,0,0.0,0.0,89.0
2025-04-06,16,3.0,1.0,0.25,0,0.0,0.0,16.0
2025-04-06,18,8.0,0.0,0.0,0,0.0,0.0,17.0
2025-04-06,20,5.0,7.0,0.5833333333333333,0,0.0,0.0,66.0
2025-04-06,22,11.5,0.5,0.041666666666666685,1,31.397705062315726,7.8494262655789315,81.0
2025-04-06,23,2.0,4.0,0.6666666666666667,0,0.0,0.0,21.0
2025-04-07,1,2.0,6.0,0.75,5,167.57336986376424,41.89334246594106,108.0
2025-04-07,4,1.0,5.0,0.8333333333333334,0,0.0,0.0,94.0
2025-04-07,8,3.0,3.0,0.5,2,119.6133156039918,29.90332890099795,89.0
2025-04-07,10,3.0,7.0,0.7,1,77.20916849534574,19.302292123836434,71.0
2025-04-07,11,3.5,6.5,0.65,0,0.0,0.0,41.0
2025-04-07,13,1.0,15.0,0.9375,1,5.2694015347515135,1.3173503836878784,112.0
2025-04-07,16,3.0,1.0,0.25,0,0.0,0.0,51.0
2025-04-07,17,2.0,6.0,0.75,2,53.24824257714011,13.312060644285028,46.5
2025-04-07,18,5.5,2.5,0.3125,2,138.56047288500758,34.640118221251896,60.5
2025-04-07,19,3.0,1.0,0.25,2,154.57933396742314,38.644833491855785,43.0
2025-04-07,21,1.0,3.0,0.75,1,73.0588774348606,18.26471935871515,180.5
2025-04-08,1,2.0,6.0,0.75,0,0.0,0.0,94.0
2025-04-08,3,5.0,11.0,0.6875,1,41.35249793337979,10.338124483344947,18.0
2025-04-08,6,3.0,7.0,0.7,1,40.928378317796366,10.232094579449091,57.0
2025-04-08,7,1.0,3.0,0.75,1,69.94148194069963,17.485370485174908,48.0
2025-04-08,9,2.0,4.0,0.6666666666666667,0,0.0,0.0,24.0
2025-04-08,12,2.0,4.0,0.6666666666666667,2,164.01392892886454,41.003482232216136,153.5
2025-04-08,15,4.0,6.0,0.6,1,66.35169283933594,16.587923209833985,26.0
2025-04-08,16,1.0,3.0,0.75,1,28.567966441345348,7.141991610336337,76.0
2025-04-08,19,0.0,4.0,1.0,2,154.64315170219217,38.66078792554804,61.5
2025-04-08,22,7.0,5.0,0.4166666666666667,1,9.362843733209578,2.3407109333023945,104.5
2025-04-08,24,8.0,2.0,0.19999999999999996,1,12.733145351012318,3.1832863377530796,39.0
2025-04-09,1,2.0,6.0,0.75,3,258.547210927067,64.63680273176675,52.333333333333336
2025-04-09,3,7.0,9.0,0.5625,0,0.0,0.0,112.0
2025-04-09,6,5.0,5.0,0.5,1,67.9431227847452,16.9857806961863,148.0
2025-04-09,8,4.0,2.0,0.33333333333333337,0,0.0,0.0,18.0
2025-04-09,10,9.0,1.0,0.09999999999999998,1,60.22723760966722,15.056809402416805,275.0
2025-04-09,12,3.0,3.0,0.5,0,0.0,0.0,20.0
2025-04-09,13,11.0,5.0,0.3125,2,390.20183714040235,97.55045928510059,63.5
2025-04-09,14,2.5,9.5,0.7916666666666667,0,0.0,0.0,50.0
2025-04-09,16,2.0,2.0,0.5,1,61.6144514687661,15.403612867191525,117.0
2025-04-09,17,1.0,7.0,0.875,2,343.6981029107633,85.92452572769082,104.0
2025-04-09,24,4.0,6.0,0.6,0,0.0,0.0,32.0
2025-04-10,1,2.0,6.0,0.75,0,0.0,0.0,15.0
2025-04-10,3,1.0,15.0,0.9375,3,135.6606940406884,33.9151735101721,86.66666666666667
2025-04-10,8,6.0,0.0,0.0,1,73.85408766875345,18.463521917188363,116.0
2025-04-10,12,2.0,4.0,0.6666666666666667,2,120.27384731857366,30.068461829643415,55.0
2025-04-10,13,9.5,6.5,0.40625,0,0.0,0.0,110.5
2025-04-10,14,3.0,9.0,0.75,1,12.48053390463341,3.1201334761583523,104.0
2025-04-10,15,3.0,7.0,0.7,0,0.0,0.0,264.0
2025-04-10,20,6.5,5.5,0.4583333333333333,1,23.080817858089375,5.770204464522344,51.0
2025-04-11,3,5.0,11.0,0.6875,0,0.0,0.0,182.0
2025-04-11,6,5.0,5.0,0.5,2,90.34741460060867,22.586853650152168,133.5
2025-04-11,18,1.0,7.0,0.875,0,0.0,0.0,110.0
2025-04-11,19,0.0,4.0,1.0,1,17.969077477620463,4.492269369405116,99.0
2025-04-11,20,10.5,1.5,0.125,1,42.3847032512286,10.59617581280715,92.5
2025-04-11,22,12.0,0.0,0.0,1,130.84906551053587,32.712266377633966,99.0
2025-04-11,23,1.0,5.0,0.8333333333333334,0,0.0,0.0,101.0
2025-04-11,24,4.0,6.0,0.6,0,0.0,0.0,72.0
2025-04-12,1,3.0,5.0,0.625,0,0.0,0.0,68.0
2025-04-12,5,5.0,5.0,0.5,0,0.0,0.0,95.0
2025-04-12,11,6.0,4.0,0.4,2,217.65983322745402,54.414958306863504,125.0
2025-04-12,12,3.0,3.0,0.5,3,286.8864322781885,71.72160806954713,114.0
2025-04-12,13,7.0,9.0,0.5625,0,0.0,0.0,184.0
2025-04-12,15,9.0,1.0,0.09999999999999998,1,11.251246886791499,2.8128117216978747,114.0
2025-04-12,18,5.0,3.0,0.375,1,28.985186573633545,7.246296643408386,97.0
2025-04-12,25,6.0,6.0,0.5,1,305.48564619238635,76.37141154809659,42.0
2025-04-13,1,6.0,2.0,0.25,0,0.0,0.0,59.0
2025-04-13,2,4.0,4.0,0.5,0,0.0,0.0,16.0
2025-04-13,3,10.0,6.0,0.375,0,0.0,0.0,74.0
2025-04-13,6,9.0,1.0,0.09999999999999998,0,0.0,0.0,81.0
2025-04-13,12,3.5,2.5,0.4166666666666667,3,194.97785698473749,48.74446424618437,63.833333333333336
2025-04-13,17,4.0,4.0,0.5,0,0.0,0.0,15.0
2025-04-13,19,4.0,0.0,0.0,0,0.0,0.0,76.0
2025-04-13,20,6.0,6.0,0.5,0,0.0,0.0,91.0
2025-04-13,21,2.0,2.0,0.5,1,85.44588085677438,21.361470214193595,82.5
2025-04-14,1,5.0,3.0,0.375,0,0.0,0.0,105.0
2025-04-14,6,5.5,4.5,0.45,3,138.46306742035858,34.615766855089646,78.33333333333333
2025-04-14,9,1.0,5.0,0.8333333333333334,1,123.70883146489267,30.927207866223167,111.0
2025-04-14,10,1.0,9.0,0.9,2,97.45404409442924,24.36351102360731,90.0
2025-04-14,13,12.0,4.0,0.25,1,92.48792301063425,23.121980752658562,34.0
2025-04-14,14,2.0,10.0,0.8333333333333334,2,272.62184271085323,68.15546067771331,79.5
2025-04-14,15,2.5,7.5,0.75,3,265.82178645549374,66.45544661387343,101.5
2025-04-14,17,1.5,6.5,0.8125,1,21.623239478234755,5.405809869558689,72.0
2025-04-14,19,1.0,3.0,0.75,0,0.0,0.0,175.0
2025-04-14,22,3.0,9.0,0.75,1,71.7698859189711,17.942471479742775,191.0
2025-04-14,25,7.0,5.0,0.4166666666666667,1,37.04325923141478,9.260814807853695,75.5
2025-04-15,2,7.0,1.0,0.125,2,254.1294733103282,63.53236832758205,55.5
2025-04-15,7,1.0,3.0,0.75,4,100.94625218423687,25.236563046059217,54.25
2025-04-15,8,2.0,4.0,0.6666666666666667,0,0.0,0.0,27.0
2025-04-15,13,7.5,8.5,0.53125,3,275.0999853838799,68.77499634596998,45.5
2025-04-15,14,4.0,8.0,0.6666666666666667,0,0.0,0.0,92.0
2025-04-15,15,4.0,6.0,0.6,2,302.36628092416413,75.59157023104103,159.5
2025-04-15,16,4.0,0.0,0.0,0,0.0,0.0,15.0
2025-04-15,18,4.5,3.5,0.4375,0,0.0,0.0,102.0
2025-04-15,19,2.3333333333333335,1.6666666666666667,0.4166666666666667,1,47.42061489586606,11.855153723966515,24.333333333333332
2025-04-15,21,3.0,1.0,0.25,0,0.0,0.0,116.0
2025-04-15,22,7.0,5.0,0.41666666666666663,1,290.488777247603,72.62219431190076,55.0
2025-04-16,7,4.0,0.0,0.0,1,48.27902297132299,12.069755742830747,33.0
2025-04-16,8,4.0,2.0,0.33333333333333337,0,0.0,0.0,81.0
2025-04-16,13,15.0,1.0,0.0625,1,63.22270621676239,15.805676554190597,214.0
2025-04-16,15,1.0,9.0,0.9,0,0.0,0.0,129.0
2025-04-16,19,2.5,1.5,0.375,3,506.8770506837856,126.7192626709464,103.5
2025-04-17,1,1.0,7.0,0.875,0,0.0,0.0,45.0
2025-04-17,4,5.0,1.0,0.16666666666666663,0,0.0,0.0,54.0
2025-04-17,6,9.0,1.0,0.09999999999999998,0,0.0,0.0,42.0
2025-04-17,7,2.0,2.0,0.5,0,0.0,0.0,65.0
2025-04-17,8,1.0,5.0,0.8333333333333334,3,260.9509551849756,65.2377387962439,66.66666666666667
2025-04-17,11,6.5,3.5,0.35,1,83.78513256686328,20.94628314171582,96.0
2025-04-17,18,2.0,6.0,0.75,0,0.0,0.0,27.0
2025-04-17,24,2.5,7.5,0.75,1,39.925785181209946,9.981446295302487,69.5
2025-04-18,2,4.5,3.5,0.4375,1,64.04071113850927,16.010177784627317,57.5
2025-04-18,3,6.0,10.0,0.625,1,271.85099990268753,67.96274997567188,21.0
2025-04-18,4,2.0,4.0,0.6666666666666667,0,0.0,0.0,22.0
2025-04-18,6,8.0,2.0,0.19999999999999996,0,0.0,0.0,35.0
2025-04-18,7,4.0,0.0,0.0,1,7.369346046699875,1.8423365116749688,212.0
2025-04-18,12,6.0,0.0,0.0,0,0.0,0.0,67.0
2025-04-18,14,11.0,1.0,0.08333333333333337,2,70.03855596495603,17.509638991239008,45.0
2025-04-18,15,3.0,7.0,0.7,0,0.0,0.0,29.0
2025-04-18,17,5.75,2.25,0.28125,2,95.83071031827316,23.95767757956829,65.5
2025-04-18,19,3.0,1.0,0.25,0,0.0,0.0,115.0
2025-04-18,20,6.0,6.0,0.5,1,6.503851286004391,1.6259628215010977,285.5
2025-04-18,21,0.0,4.0,1.0,0,0.0,0.0,195.0
2025-04-18,22,11.0,1.0,0.08333333333333337,0,0.0,0.0,100.0
2025-04-19,2,6.5,1.5,0.1875,0,0.0,0.0,48.5
2025-04-19,3,9.0,7.0,0.4375,1,61.75654092364681,15.439135230911702,65.5
2025-04-19,4,3.0,3.0,0.5,1,41.65000251799685,10.412500629499213,85.0
2025-04-19,5,9.0,1.0,0.09999999999999998,0,0.0,0.0,51.0
2025-04-19,8,3.0,3.0,0.5,4,175.27986199404702,43.819965498511756,125.0
2025-04-19,9,6.0,0.0,0.0,0,0.0,0.0,109.0
2025-04-19,10,10.0,0.0,0.0,2,52.43226077728083,13.108065194320208,94.5
2025-04-19,11,4.0,6.0,0.6,0,0.0,0.0,88.0
2025-04-19,13,9.0,7.0,0.4375,1,117.90749761897166,29.476874404742915,77.0
2025-04-19,14,6.0,6.0,0.5,0,0.0,0.0,16.0
2025-04-19,15,5.0,5.0,0.5,1,91.97816051474926,22.994540128687316,27.0
2025-04-19,16,3.0,1.0,0.25,2,98.33741772561498,24.584354431403746,73.0
2025-04-19,17,5.0,3.0,0.375,1,265.24781790244253,66.31195447561063,52.0
2025-04-20,1,7.0,1.0,0.125,0,0.0,0.0,213.0
2025-04-20,7,2.0,2.0,0.5,1,14.36353765907007,3.5908844147675176,72.0
2025-04-20,11,5.0,5.0,0.5,4,168.5402253056446,42.13505632641115,104.5
2025-04-20,15,4.0,6.0,0.6,0,0.0,0.0,178.0
2025-04-20,16,4.0,0.0,0.0,1,55.1866524828268,13.7966631207067,52.0
2025-04-20,17,7.0,1.0,0.125,0,0.0,0.0,116.0
2025-04-20,19,4.0,0.0,0.0,1,105.1003232778995,26.275080819474876,97.0
2025-04-21,2,6.0,2.0,0.25,1,56.81286685081746,14.203216712704364,255.0
2025-04-21,11,2.5,7.5,0.75,2,193.82445565536514,48.456113913841286,82.5
2025-04-21,12,2.0,4.0,0.6666666666666667,0,0.0,0.0,296.0
2025-04-21,13,10.5,5.5,0.34375,1,120.93952961984132,30.23488240496033,145.5
2025-04-21,16,3.5,0.5,0.125,1,27.759017967467486,6.939754491866871,20.0
2025-04-21,22,5.0,7.0,0.5833333333333333,0,0.0,0.0,60.0
2025-04-21,25,3.0,9.0,0.75,1,58.53142452724895,14.632856131812238,52.0
2025-04-22,3,7.5,8.5,0.53125,2,140.77676780558272,35.19419195139568,82.25
2025-04-22,5,0.0,10.0,1.0,1,21.42049143754154,5.355122859385385,39.0
2025-04-22,7,1.0,3.0,0.75,3,437.4499991016881,109.36249977542202,70.0
2025-04-22,9,6.0,0.0,0.0,0,0.0,0.0,17.0
2025-04-22,10,6.0,4.0,0.4,2,60.51844981121998,15.129612452804995,129.5
2025-04-22,15,3.0,7.0,0.7,3,436.93597668384797,109.23399417096199,59.666666666666664
2025-04-22,16,4.0,0.0,0.0,0,0.0,0.0,24.0
2025-04-22,17,8.0,0.0,0.0,0,0.0,0.0,52.0
2025-04-22,18,2.0,6.0,0.75,0,0.0,0.0,78.0
2025-04-22,20,3.0,9.0,0.75,0,0.0,0.0,73.0
2025-04-22,22,11.0,1.0,0.08333333333333337,0,0.0,0.0,65.0
2025-04-22,23,6.0,0.0,0.0,0,0.0,0.0,37.0
2025-04-23,1,1.0,7.0,0.875,0,0.0,0.0,130.0
2025-04-23,4,2.0,4.0,0.6666666666666667,1,75.3449475287591,18.836236882189777,156.5
2025-04-23,10,2.0,8.0,0.8,0,0.0,0.0,63.0
2025-04-23,14,11.0,1.0,0.08333333333333337,0,0.0,0.0,116.0
2025-04-23,16,1.0,3.0,0.75,1,18.08394424553722,4.520986061384305,25.0
2025-04-23,17,5.5,2.5,0.3125,1,339.85876120112266,84.96469030028067,45.0
2025-04-23,19,3.0,1.0,0.25,2,125.55974476401201,31.389936191003002,157.0
2025-04-23,21,3.0,1.0,0.25,0,0.0,0.0,59.0
2025-04-23,22,6.0,6.0,0.5,0,0.0,0.0,43.0
2025-04-23,24,1.0,9.0,0.9,1,43.45812676761178,10.864531691902945,85.0
2025-04-24,6,5.5,4.5,0.45,0,0.0,0.0,63.0
2025-04-24,8,6.0,0.0,0.0,1,33.81541395263393,8.453853488158483,74.0
2025-04-24,9,3.0,3.0,0.5,0,0.0,0.0,84.0
2025-04-24,13,8.0,8.0,0.5,0,0.0,0.0,47.0
2025-04-24,14,10.0,2.0,0.16666666666666663,1,20.680238996580762,5.1700597491451905,26.0
2025-04-24,18,8.0,0.0,0.0,1,97.44690289929537,24.36172572482384,31.0
2025-04-24,23,2.0,4.0,0.6666666666666667,1,61.34124222687488,15.33531055671872,77.0
2025-04-25,2,8.0,0.0,0.0,0,0.0,0.0,110.0
2025-04-25,8,1.0,5.0,0.8333333333333334,0,0.0,0.0,33.0
2025-04-25,9,5.0,1.0,0.16666666666666663,1,39.58716171006829,9.896790427517072,29.0
2025-04-25,11,5.5,4.5,0.45,2,151.75043574298925,37.93760893574731,73.5
2025-04-25,12,3.5,2.5,0.4166666666666667,1,33.34073539733709,8.335183849334273,102.0
2025-04-25,14,5.666666666666667,6.333333333333333,0.5277777777777778,1,95.69869887323313,23.92467471830828,63.0
2025-04-25,15,9.5,0.5,0.04999999999999999,1,10.863756360841625,2.7159390902104064,170.0
2025-04-25,17,8.0,0.0,0.0,1,50.240703162145465,12.560175790536366,88.0
2025-04-25,18,3.0,5.0,0.625,0,0.0,0.0,60.0
2025-04-25,21,2.6666666666666665,1.3333333333333333,0.3333333333333333,1,142.04105610683473,35.51026402670868,54.666666666666664
2025-04-25,22,3.0,9.0,0.75,2,175.54410446951306,43.886026117378265,89.5
2025-04-25,23,2.0,4.0,0.6666666666666667,0,0.0,0.0,78.0
2025-04-25,24,8.0,2.0,0.19999999999999996,1,56.560642367752344,14.140160591938086,36.0
2025-04-26,1,3.0,5.0,0.625,1,65.3768570081082,16.34421425202705,21.0
2025-04-26,2,8.0,0.0,0.0,0,0.0,0.0,48.0
2025-04-26,3,7.0,9.0,0.5625,0,0.0,0.0,116.0
2025-04-26,5,4.5,5.5,0.55,0,0.0,0.0,72.5
2025-04-26,7,1.0,3.0,0.75,2,304.74899559636094,76.18724889909024,64.5
2025-04-26,11,10.0,0.0,0.0,0,0.0,0.0,63.0
2025-04-26,13,14.0,2.0,0.125,0,0.0,0.0,205.0
2025-04-26,14,8.5,3.5,0.29166666666666663,0,0.0,0.0,116.0
2025-04-26,15,7.5,2.5,0.25,0,0.0,0.0,96.0
2025-04-26,16,4.0,0.0,0.0,0,0.0,0.0,86.0
2025-04-26,18,7.5,0.5,0.0625,0,0.0,0.0,110.5
2025-04-26,20,5.0,7.0,0.5833333333333333,0,0.0,0.0,23.0
2025-04-26,21,1.75,2.25,0.5625,10,950.9376576227473,237.73441440568683,46.08333333333333
2025-04-26,22,6.0,6.0,0.5,0,0.0,0.0,102.0
2025-04-26,23,3.0,3.0,0.5,0,0.0,0.0,211.0
2025-04-27,1,8.0,0.0,0.0,0,0.0,0.0,59.0
2025-04-27,5,10.0,0.0,0.0,0,0.0,0.0,69.0
2025-04-27,11,7.0,3.0,0.3,1,84.6960048633623,21.174001215840576,99.0
2025-04-27,13,9.0,7.0,0.4375,1,16.65738213112467,4.164345532781168,94.5
2025-04-27,16,2.0,2.0,0.5,0,0.0,0.0,118.0
2025-04-27,18,3.0,5.0,0.625,0,0.0,0.0,20.0
2025-04-27,19,4.0,0.0,0.0,1,70.80681775207611,17.70170443801903,20.0
2025-04-27,22,5.75,6.25,0.5208333333333333,5,350.29635317560155,87.57408829390039,83.75
2025-04-27,25,7.5,4.5,0.375,1,27.214165688673347,6.803541422168337,148.0
2025-04-28,2,2.0,6.0,0.75,3,148.49705180693633,37.12426295173408,156.25
2025-04-28,3,7.666666666666667,8.333333333333334,0.5208333333333334,0,0.0,0.0,180.0
2025-04-28,4,6.0,0.0,0.0,1,79.97839841034495,19.994599602586238,90.0
2025-04-28,5,1.0,9.0,0.9,0,0.0,0.0,72.0
2025-04-28,7,2.0,2.0,0.5,1,16.099799551832824,4.024949887958206,36.0
2025-04-28,18,2.0,6.0,0.75,0,0.0,0.0,27.0
2025-04-28,22,2.5,9.5,0.7916666666666667,2,67.34665932534514,16.836664831336286,96.25
2025-04-28,24,4.0,6.0,0.6,0,0.0,0.0,56.0
2025-04-29,2,1.0,7.0,0.875,0,0.0,0.0,35.0
2025-04-29,3,13.0,3.0,0.1875,0,0.0,0.0,51.0
2025-04-29,5,1.0,9.0,0.9,3,316.9461701155207,79.23654252888018,58.333333333333336
2025-04-29,6,3.0,7.0,0.7,0,0.0,0.0,47.0
2025-04-29,11,9.0,1.0,0.09999999999999998,1,111.24720026874981,27.811800067187452,88.0
2025-04-29,13,15.0,1.0,0.0625,1,86.29620074398211,21.574050185995528,62.0
2025-04-29,14,5.0,7.0,0.5833333333333333,2,74.8231002307229,18.705775057680725,67.5
2025-04-29,17,6.5,1.5,0.1875,0,0.0,0.0,91.5
2025-04-29,21,4.0,0.0,0.0,0,0.0,0.0,25.0
2025-04-29,24,10.0,0.0,0.0,0,0.0,0.0,55.0
2025-04-30,2,5.666666666666667,2.3333333333333335,0.2916666666666667,0,0.0,0.0,65.33333333333333
2025-04-30,6,8.0,2.0,0.2,1,8.845455729339763,2.2113639323349408,17.0
2025-04-30,7,4.0,0.0,0.0,0,0.0,0.0,37.0
2025-04-30,8,1.0,5.0,0.8333333333333334,2,87.09825038513443,21.77456259628361,77.0
2025-04-30,15,3.0,7.0,0.7,1,37.09172593276627,9.272931483191568,53.0
2025-04-30,16,2.0,2.0,0.5,1,131.9010353178768,32.9752588294692,91.0
2025-04-30,17,1.0,7.0,0.875,0,0.0,0.0,55.0
2025-04-30,18,8.0,0.0,0.0,1,35.31942510732976,8.82985627683244,19.0
2025-04-30,20,7.0,5.0,0.41666666666666663,1,47.67672636700751,11.919181591751878,28.0
2025-04-30,23,0.0,6.0,1.0,3,81.62097893801453,20.405244734503633,62.0
2025-04-30,24,2.0,8.0,0.8,0,0.0,0.0,59.0
2025-04-30,25,4.0,8.0,0.6666666666666667,1,53.93643899290726,13.484109748226816,115.0
2025-05-01,1,1.0,7.0,0.875,1,128.5826102117878,32.14565255294695,87.0
2025-05-01,3,4.5,11.5,0.71875,0,0.0,0.0,139.0
2025-05-01,5,10.0,0.0,0.0,0,0.0,0.0,93.5
2025-05-01,6,6.0,4.0,0.4,0,0.0,0.0,76.25
2025-05-01,8,5.0,1.0,0.16666666666666663,0,0.0,0.0,149.0
2025-05-01,12,5.0,1.0,0.16666666666666663,0,0.0,0.0,64.0
2025-05-01,15,3.0,7.0,0.7,1,61.248062846390816,15.312015711597704,20.0
2025-05-01,17,3.0,5.0,0.625,0,0.0,0.0,35.0
2025-05-01,20,11.0,1.0,0.08333333333333337,1,17.33264840569677,4.333162101424192,74.0
2025-05-01,21,1.0,3.0,0.75,2,32.17792575280845,8.044481438202112,110.0
2025-05-01,22,3.5,8.5,0.7083333333333334,1,111.45051812967354,27.862629532418385,65.0
2025-05-01,25,2.0,10.0,0.8333333333333334,1,24.640715697873336,6.160178924468334,26.0
2025-05-02,2,7.0,1.0,0.125,1,120.98778786194816,30.24694696548704,21.0
2025-05-02,5,3.0,7.0,0.7,2,68.58869994387709,17.147174985969272,57.5
2025-05-02,9,2.0,4.0,0.6666666666666667,1,90.28204353823368,22.57051088455842,103.0
2025-05-02,10,9.5,0.5,0.04999999999999999,1,74.43216862533376,18.60804215633344,254.0
2025-05-02,12,5.0,1.0,0.16666666666666663,1,59.15747993020989,14.789369982552472,32.0
2025-05-02,15,10.0,0.0,0.0,1,251.32710332865238,62.831775832163096,18.0
2025-05-02,17,6.0,2.0,0.25,0,0.0,0.0,92.0
2025-05-02,19,1.0,3.0,0.75,2,48.62632432724488,12.15658108181122,107.5
2025-05-02,21,1.0,3.0,0.75,0,0.0,0.0,128.0
2025-05-02,22,3.0,9.0,0.75,0,0.0,0.0,119.0
2025-05-02,25,12.0,0.0,0.0,1,16.725742495388722,4.181435623847181,74.0
2025-05-03,2,5.5,2.5,0.3125,1,106.54815782189631,26.637039455474078,77.5
2025-05-03,3,8.0,8.0,0.5,3,229.48906659513932,57.37226664878483,164.66666666666666
2025-05-03,4,6.0,0.0,0.0,2,53.40379853517082,13.350949633792705,82.0
2025-05-03,5,4.0,6.0,0.6,4,462.85599165156725,115.71399791289181,85.0
2025-05-03,7,2.0,2.0,0.5,1,35.71453890871207,8.928634727178018,86.0
2025-05-03,8,3.0,3.0,0.5,1,18.868801633796345,4.717200408449086,97.0
2025-05-03,12,5.0,1.0,0.16666666666666663,0,0.0,0.0,34.0
2025-05-03,14,7.0,5.0,0.41666666666666663,0,0.0,0.0,58.0
2025-05-03,15,5.0,5.0,0.5,0,0.0,0.0,50.0
2025-05-03,20,9.5,2.5,0.20833333333333331,0,0.0,0.0,35.0
2025-05-03,21,2.0,2.0,0.5,2,107.46034236324347,26.865085590810867,53.5
2025-05-03,22,5.0,7.0,0.5833333333333333,1,19.045714382953044,4.761428595738261,67.0
2025-05-03,23,3.0,3.0,0.5,1,17.508097406244108,4.377024351561027,78.5
2025-05-04,3,11.0,5.0,0.3125,0,0.0,0.0,140.5
2025-05-04,4,4.0,2.0,0.33333333333333337,1,29.50209891223419,7.375524728058547,97.0
2025-05-04,5,3.0,7.0,0.7,3,379.24636049740155,94.81159012435039,49.333333333333336
2025-05-04,7,4.0,0.0,0.0,0,0.0,0.0,27.0
2025-05-04,8,4.0,2.0,0.3333333333333333,1,20.63537084280329,5.158842710700823,130.66666666666666
2025-05-04,13,8.0,8.0,0.5,0,0.0,0.0,95.0
2025-05-04,15,8.0,2.0,0.19999999999999996,0,0.0,0.0,33.0
2025-05-04,17,7.0,1.0,0.125,0,0.0,0.0,69.0
2025-05-04,18,6.0,2.0,0.25,0,0.0,0.0,66.0
2025-05-04,19,2.0,2.0,0.5,0,0.0,0.0,48.0
2025-05-04,20,5.0,7.0,0.5833333333333333,0,0.0,0.0,40.0
2025-05-04,21,3.0,1.0,0.25,2,155.55621975432734,38.889054938581836,60.333333333333336
2025-05-04,25,3.0,9.0,0.75,2,308.6458853167769,77.16147132919423,41.0
2025-05-05,1,2.0,6.0,0.75,1,37.812712134259634,9.453178033564908,116.0
2025-05-05,2,4.0,4.0,0.5,2,374.61216345024656,93.65304086256164,99.33333333333333
2025-05-05,4,2.0,4.0,0.6666666666666667,0,0.0,0.0,79.0
2025-05-05,5,2.0,8.0,0.8,2,81.97092740027452,20.49273185006863,91.5
2025-05-05,12,1.0,5.0,0.8333333333333334,1,16.153257316058514,4.038314329014629,86.0
2025-05-05,15,4.0,6.0,0.6,3,148.21331039024554,37.053327597561385,130.0
2025-05-05,16,2.0,2.0,0.5,2,201.6193926545288,50.4048481636322,71.75
2025-05-05,22,12.0,0.0,0.0,1,11.692510509720762,2.9231276274301905,88.0
2025-05-05,24,9.5,0.5,0.04999999999999999,3,202.5965827198391,50.64914567995977,86.25
2025-05-06,2,1.0,7.0,0.875,0,0.0,0.0,152.0
2025-05-06,4,2.0,4.0,0.6666666666666667,1,76.71644186246766,19.179110465616915,113.0
2025-05-06,7,2.6666666666666665,1.3333333333333333,0.3333333333333333,1,15.606986143594604,3.901746535898651,100.0
2025-05-06,13,5.0,11.0,0.6875,0,0.0,0.0,196.0
2025-05-06,18,1.0,7.0,0.875,2,133.31960894873805,33.32990223718451,31.0
2025-05-06,25,11.0,1.0,0.08333333333333337,0,0.0,0.0,39.0
2025-05-07,5,6.0,4.0,0.4,1,49.01416453943195,12.253541134857988,89.0
2025-05-07,6,4.0,6.0,0.6,1,134.46739726454223,33.61684931613556,46.0
2025-05-07,8,2.0,4.0,0.6666666666666667,0,0.0,0.0,88.0
2025-05-07,12,6.0,0.0,0.0,0,0.0,0.0,212.0
2025-05-07,14,4.0,8.0,0.6666666666666667,1,58.91280898575998,14.728202246439995,17.0
2025-05-07,15,3.0,7.0,0.7,1,32.72895417568128,8.18223854392032,20.0
2025-05-07,17,2.0,6.0,0.75,0,0.0,0.0,144.0
2025-05-07,18,2.0,6.0,0.75,0,0.0,0.0,15.0
2025-05-07,21,4.0,0.0,0.0,1,21.093562621309015,5.273390655327254,140.0
2025-05-07,23,2.0,4.0,0.6666666666666667,1,12.699264794903215,3.1748161987258037,115.0
2025-05-07,24,3.3333333333333335,6.666666666666667,0.6666666666666666,0,0.0,0.0,43.333333333333336
2025-05-07,25,10.0,2.0,0.16666666666666663,0,0.0,0.0,227.0
2025-05-08,2,3.0,5.0,0.625,1,23.04286269658523,5.760715674146308,74.0
2025-05-08,4,6.0,0.0,0.0,1,121.00008396089399,30.250020990223497,39.0
2025-05-08,5,5.5,4.5,0.45,0,0.0,0.0,86.0
2025-05-08,6,3.0,7.0,0.7,1,117.10712040885457,29.276780102213642,49.0
2025-05-08,7,4.0,0.0,0.0,0,0.0,0.0,35.0
2025-05-08,13,5.0,11.0,0.6875,3,235.55047936949921,58.887619842374804,164.33333333333334
2025-05-08,15,4.0,6.0,0.6,3,239.97321565868407,59.99330391467102,133.66666666666666
2025-05-08,17,8.0,0.0,0.0,0,0.0,0.0,93.0
2025-05-08,20,11.0,1.0,0.08333333333333337,2,228.01117605331982,57.002794013329954,171.0
2025-05-08,22,7.5,4.5,0.37499999999999994,1,174.60373595705735,43.65093398926434,54.0
2025-05-09,1,2.0,6.0,0.75,0,0.0,0.0,31.0
2025-05-09,2,2.0,6.0,0.75,0,0.0,0.0,106.0
2025-05-09,3,1.0,15.0,0.9375,2,69.12588601010667,17.281471502526667,79.0
2025-05-09,4,2.0,4.0,0.6666666666666667,2,66.52341229314942,16.630853073287355,165.75
2025-05-09,6,3.0,7.0,0.7,0,0.0,0.0,113.0
2025-05-09,16,2.0,2.0,0.5,1,75.28757569985936,18.82189392496484,83.0
2025-05-09,21,0.0,4.0,1.0,3,210.9645211867542,52.74113029668855,92.0
2025-05-09,23,1.0,5.0,0.8333333333333334,0,0.0,0.0,215.0
2025-05-09,24,4.0,6.0,0.6,1,72.95888069011372,18.23972017252843,31.0
2025-05-09,25,11.0,1.0,0.08333333333333337,0,0.0,0.0,149.0
2025-05-10,2,6.666666666666667,1.3333333333333333,0.16666666666666666,1,22.711865415344853,5.677966353836213,93.33333333333333
2025-05-10,3,14.0,2.0,0.125,0,0.0,0.0,58.0
2025-05-10,9,2.5,3.5,0.5833333333333334,1,92.58902311072414,23.147255777681035,85.0
2025-05-10,12,6.0,0.0,0.0,1,17.772358795651456,4.443089698912864,19.0
2025-05-10,14,10.5,1.5,0.125,2,101.69640811383884,25.42410202845971,142.0
2025-05-10,16,3.0,1.0,0.25,1,14.473275903301074,3.6183189758252685,80.5
2025-05-10,17,8.0,0.0,0.0,2,135.13134233629506,33.782835584073766,82.5
2025-05-10,20,7.0,5.0,0.41666666666666663,1,32.64102811639017,8.160257029097542,31.0
2025-05-11,2,4.0,4.0,0.5,0,0.0,0.0,17.0
2025-05-11,4,6.0,0.0,0.0,1,187.11278721531446,46.778196803828614,19.0
2025-05-11,6,10.0,0.0,0.0,0,0.0,0.0,117.0
2025-05-11,7,2.0,2.0,0.5,0,0.0,0.0,82.0
2025-05-11,8,3.0,3.0,0.5,0,0.0,0.0,110.0
2025-05-11,11,9.0,1.0,0.09999999999999998,0,0.0,0.0,28.0
2025-05-11,12,3.0,3.0,0.5,0,0.0,0.0,100.0
2025-05-11,13,13.0,3.0,0.1875,2,54.36745564578317,13.591863911445792,33.5
2025-05-11,14,7.0,5.0,0.41666666666666663,0,0.0,0.0,36.0
2025-05-11,17,4.0,4.0,0.5,0,0.0,0.0,26.0
2025-05-11,19,1.0,3.0,0.75,0,0.0,0.0,261.0
2025-05-11,22,5.0,7.0,0.5833333333333333,0,0.0,0.0,22.0
2025-05-11,24,4.5,5.5,0.55,1,59.93086863875561,14.982717159688903,104.0
2025-05-12,4,5.0,1.0,0.16666666666666663,0,0.0,0.0,49.0
2025-05-12,5,10.0,0.0,0.0,1,7.95406480640966,1.988516201602415,233.0
2025-05-12,6,3.0,7.0,0.7,1,10.070321834354491,2.517580458588623,53.0
2025-05-12,9,6.0,0.0,0.0,0,0.0,0.0,259.0
2025-05-12,10,4.0,6.0,0.6,0,0.0,0.0,27.0
2025-05-12,13,7.333333333333333,8.666666666666666,0.5416666666666666,2,111.17438117885244,27.79359529471311,65.16666666666667
2025-05-12,14,10.0,2.0,0.16666666666666663,0,0.0,0.0,37.0
2025-05-12,24,8.0,2.0,0.19999999999999996,1,41.09417885082341,10.273544712705853,247.0
2025-05-13,2,4.0,4.0,0.5,1,12.369036502413712,3.092259125603428,70.5
2025-05-13,5,8.5,1.5,0.14999999999999997,0,0.0,0.0,85.5
2025-05-13,8,2.0,4.0,0.6666666666666667,0,0.0,0.0,119.0
2025-05-13,9,2.0,4.0,0.6666666666666666,3,137.21615660547158,34.304039151367895,86.16666666666667
2025-05-13,15,4.0,6.0,0.6,0,0.0,0.0,221.0
2025-05-13,16,2.5,1.5,0.375,1,100.22169592519518,25.055423981298794,64.5
2025-05-13,17,6.0,2.0,0.25,0,0.0,0.0,113.0
2025-05-13,18,5.0,3.0,0.375,0,0.0,0.0,79.0
2025-05-13,19,3.0,1.0,0.25,0,0.0,0.0,112.0
2025-05-13,20,1.0,11.0,0.9166666666666666,0,0.0,0.0,82.0
2025-05-13,21,0.0,4.0,1.0,1,22.636501965944934,5.6591254914862335,112.0
2025-05-13,22,5.0,7.0,0.5833333333333333,1,38.99189923937796,9.74797480984449,60.0
2025-05-13,24,7.0,3.0,0.30000000000000004,0,0.0,0.0,37.0
2025-05-13,25,4.0,8.0,0.6666666666666667,1,69.03919150143726,17.259797875359315,18.0
2025-05-14,2,7.0,1.0,0.125,0,0.0,0.0,59.0
2025-05-14,4,3.0,3.0,0.5,3,183.6269143796944,45.9067285949236,75.0
2025-05-14,5,5.0,5.0,0.5,0,0.0,0.0,80.0
2025-05-14,8,2.0,4.0,0.6666666666666667,3,125.43815031303714,31.359537578259285,113.66666666666666
2025-05-14,9,2.0,4.0,0.6666666666666667,2,62.36659335159428,15.59164833789857,64.5
2025-05-14,13,16.0,0.0,0.0,0,0.0,0.0,72.0
2025-05-14,17,1.0,7.0,0.875,2,87.13479311432022,21.783698278580054,206.0
2025-05-14,18,7.0,1.0,0.125,0,0.0,0.0,23.0
2025-05-14,22,7.0,5.0,0.41666666666666663,1,170.94674096777914,42.736685241944784,98.0
2025-05-15,3,4.0,12.0,0.75,0,0.0,0.0,62.0
2025-05-15,5,5.0,5.0,0.5,0,0.0,0.0,116.0
2025-05-15,6,10.0,0.0,0.0,0,0.0,0.0,97.0
2025-05-15,7,3.0,1.0,0.25,1,19.299661313952463,4.824915328488116,97.0
2025-05-15,9,2.0,4.0,0.6666666666666667,0,0.0,0.0,76.0
2025-05-15,10,3.0,7.0,0.7,0,0.0,0.0,201.0
2025-05-15,14,5.0,7.0,0.5833333333333333,0,0.0,0.0,69.0
2025-05-15,15,4.0,6.0,0.6,2,110.31758045607523,27.57939511401881,47.0
2025-05-15,21,1.0,3.0,0.75,1,67.63457543968917,16.908643859922293,53.0
2025-05-15,22,3.0,9.0,0.75,0,0.0,0.0,81.0
2025-05-15,24,4.0,6.0,0.6,1,31.052450787315035,7.763112696828759,46.0
2025-05-16,2,3.6666666666666665,4.333333333333333,0.5416666666666666,3,316.6445100607187,79.16112751517967,43.666666666666664
2025-05-16,3,1.0,15.0,0.9375,0,0.0,0.0,38.0
2025-05-16,4,3.0,3.0,0.5,0,0.0,0.0,97.0
2025-05-16,5,3.0,7.0,0.7,1,69.70503310233123,17.426258275582807,108.0
2025-05-16,8,5.0,1.0,0.16666666666666663,1,12.395041188998798,3.0987602972496995,118.0
2025-05-16,9,2.5,3.5,0.5833333333333334,1,131.37145203749645,32.84286300937411,63.5
2025-05-16,11,3.0,7.0,0.7,3,171.68625113322133,42.92156278330533,93.33333333333333
2025-05-16,13,8.0,8.0,0.5,0,0.0,0.0,71.5
2025-05-16,17,4.0,4.0,0.5,1,10.261842550300312,2.565460637575078,81.0
2025-05-16,18,1.5,6.5,0.8125,1,70.00927832949036,17.50231958237259,35.5
2025-05-16,20,1.0,11.0,0.9166666666666666,1,9.197254345701769,2.299313586425442,44.0
2025-05-16,21,3.0,1.0,0.25,0,0.0,0.0,279.0
2025-05-16,22,2.0,10.0,0.8333333333333334,1,56.72241892289737,14.180604730724342,118.0
2025-05-16,23,4.0,2.0,0.33333333333333337,1,22.99300976297591,5.748252440743977,34.5
2025-05-16,25,6.0,6.0,0.5,0,0.0,0.0,48.0
2025-05-17,1,5.0,3.0,0.375,0,0.0,0.0,216.0
2025-05-17,2,3.0,5.0,0.625,2,64.1904291499649,16.047607287491225,79.5
2025-05-17,3,5.0,11.0,0.6875,2,84.21189964517883,21.052974911294708,83.5
2025-05-17,7,2.0,2.0,0.5,3,58.62180933565098,14.655452333912745,160.66666666666666
2025-05-17,8,3.0,3.0,0.5,0,0.0,0.0,95.0
2025-05-17,10,8.0,2.0,0.19999999999999996,0,0.0,0.0,16.0
2025-05-17,14,9.0,3.0,0.25,2,67.44387509321113,16.860968773302783,140.5
2025-05-17,15,6.5,3.5,0.35,0,0.0,0.0,33.0
2025-05-17,17,7.0,1.0,0.125,0,0.0,0.0,239.0
2025-05-17,19,3.0,1.0,0.25,0,0.0,0.0,57.0
2025-05-17,20,11.0,1.0,0.08333333333333337,0,0.0,0.0,25.0
2025-05-17,21,3.0,1.0,0.25,0,0.0,0.0,24.0
2025-05-17,23,3.0,3.0,0.5,1,33.13169961765744,8.28292490441436,116.0
2025-05-17,24,9.0,1.0,0.09999999999999998,1,27.070518911333078,6.7676297278332695,113.0
2025-05-17,25,10.5,1.5,0.125,2,161.56892501296733,40.39223125324183,78.25
2025-05-18,1,4.0,4.0,0.5,1,57.28040615980201,14.320101539950503,51.0
2025-05-18,2,3.0,5.0,0.625,2,377.0711956584145,94.26779891460363,109.5
2025-05-18,3,11.0,5.0,0.3125,2,135.28836301945762,33.822090754864405,71.0
2025-05-18,4,3.0,3.0,0.5,1,29.579634101634703,7.394908525408676,48.0
2025-05-18,6,10.0,0.0,0.0,0,0.0,0.0,45.0
2025-05-18,7,2.0,2.0,0.5,0,0.0,0.0,31.0
2025-05-18,8,3.0,3.0,0.5,0,0.0,0.0,64.0
2025-05-18,9,2.5,3.5,0.5833333333333334,0,0.0,0.0,108.0
2025-05-18,10,10.0,0.0,0.0,1,51.333635606358044,12.833408901589511,116.0
2025-05-18,17,5.0,3.0,0.375,1,18.879682120232168,4.719920530058042,152.5
2025-05-18,20,11.0,1.0,0.08333333333333337,1,80.22446475872039,20.056116189680097,80.0
2025-05-18,21,3.5,0.5,0.125,0,0.0,0.0,84.0
2025-05-18,22,4.0,8.0,0.6666666666666667,1,29.846021190029823,7.461505297507456,71.0
2025-05-18,24,5.0,5.0,0.5,0,0.0,0.0,32.0
2025-05-19,1,3.0,5.0,0.625,0,0.0,0.0,97.0
2025-05-19,5,2.0,8.0,0.8,0,0.0,0.0,81.0
2025-05-19,6,2.0,8.0,0.8,0,0.0,0.0,77.0
2025-05-19,10,6.0,4.0,0.4,0,0.0,0.0,98.0
2025-05-19,12,2.0,4.0,0.6666666666666667,1,75.98117519960562,18.995293799901404,100.0
2025-05-19,14,11.0,1.0,0.08333333333333337,1,14.569912413103006,3.6424781032757516,58.0
2025-05-19,19,1.0,3.0,0.75,1,128.3847993816543,32.09619984541357,116.0
2025-05-19,21,2.0,2.0,0.5,1,58.96034102878639,14.740085257196597,71.0
2025-05-20,5,7.0,3.0,0.30000000000000004,0,0.0,0.0,29.0
2025-05-20,6,6.5,3.5,0.35,2,65.29018299333644,16.32254574833411,27.0
2025-05-20,7,1.0,3.0,0.75,1,23.36490540790607,5.841226351976517,116.0
2025-05-20,8,3.5,2.5,0.4166666666666667,0,0.0,0.0,102.0
2025-05-20,12,5.5,0.5,0.08333333333333331,0,0.0,0.0,89.0
2025-05-20,14,7.0,5.0,0.41666666666666663,1,33.81993982798119,8.454984956995297,182.0
2025-05-20,17,5.0,3.0,0.375,1,142.7458174823441,35.68645437058603,47.0
2025-05-20,18,2.0,6.0,0.75,0,0.0,0.0,80.0
2025-05-20,19,1.0,3.0,0.75,0,0.0,0.0,85.0
2025-05-20,20,12.0,0.0,0.0,1,12.212044387883772,3.053011096970943,35.0
2025-05-20,22,9.0,3.0,0.24999999999999997,3,100.97733307937938,25.244333269844844,156.0
2025-05-20,25,2.0,10.0,0.8333333333333334,2,140.64599328021754,35.161498320054385,73.5
2025-05-21,1,5.0,3.0,0.375,1,85.73954420900318,21.434886052250796,183.0
2025-05-21,4,5.0,1.0,0.16666666666666663,1,118.78160629479318,29.695401573698295,100.0
2025-05-21,6,9.0,1.0,0.09999999999999998,0,0.0,0.0,276.0
2025-05-21,7,2.0,2.0,0.5,3,120.54038355260482,30.135095888151206,96.0
2025-05-21,12,2.0,4.0,0.6666666666666667,0,0.0,0.0,59.0
2025-05-21,13,12.0,4.0,0.25,0,0.0,0.0,23.0
2025-05-21,15,1.0,9.0,0.9,4,438.2633278189637,109.56583195474093,135.0
2025-05-21,16,1.0,3.0,0.75,1,54.947153936438326,13.736788484109582,101.0
2025-05-21,20,12.0,0.0,0.0,0,0.0,0.0,79.0
2025-05-21,21,4.0,0.0,0.0,1,101.01958441434223,25.25489610358556,16.0
2025-05-21,22,2.0,10.0,0.8333333333333334,0,0.0,0.0,111.0
2025-05-21,25,5.0,7.0,0.5833333333333334,5,329.7649033112399,82.44122582780997,87.25
2025-05-22,2,7.0,1.0,0.125,0,0.0,0.0,56.0
2025-05-22,3,10.0,6.0,0.375,0,0.0,0.0,87.0
2025-05-22,4,4.0,2.0,0.33333333333333337,1,84.57173456285132,21.14293364071283,41.0
2025-05-22,8,2.0,4.0,0.6666666666666667,0,0.0,0.0,64.0
2025-05-22,9,2.0,4.0,0.6666666666666667,3,99.79315917105154,24.948289792762885,86.66666666666667
2025-05-22,10,9.0,1.0,0.09999999999999998,0,0.0,0.0,92.0
2025-05-22,13,8.5,7.5,0.46875,2,177.79689939023046,44.449224847557616,174.25
2025-05-22,15,9.0,1.0,0.09999999999999998,0,0.0,0.0,21.0
2025-05-22,19,2.5,1.5,0.375,2,132.9487003334445,33.23717508336112,69.0
2025-05-22,20,8.0,4.0,0.33333333333333337,0,0.0,0.0,110.0
2025-05-22,21,4.0,0.0,0.0,0,0.0,0.0,119.0
2025-05-22,25,3.5,8.5,0.7083333333333334,2,378.565099921466,94.6412749803665,89.5
2025-05-23,2,3.0,5.0,0.625,0,0.0,0.0,164.0
2025-05-23,3,15.0,1.0,0.0625,1,51.06123569176794,12.765308922941985,58.0
2025-05-23,7,3.0,1.0,0.25,1,38.61192036830436,9.65298009207609,23.0
2025-05-23,12,6.0,0.0,0.0,0,0.0,0.0,71.0
2025-05-23,13,2.0,14.0,0.875,6,376.46405009117643,94.11601252279411,77.5
2025-05-23,14,2.0,10.0,0.8333333333333334,2,263.23141881103766,65.80785470275941,68.0
2025-05-23,16,0.0,4.0,1.0,1,143.2863189772476,35.8215797443119,202.0
2025-05-23,17,8.0,0.0,0.0,0,0.0,0.0,110.0
2025-05-23,18,5.0,3.0,0.375,0,0.0,0.0,73.0
2025-05-23,20,4.0,8.0,0.6666666666666667,0,0.0,0.0,102.0
2025-05-24,1,4.333333333333333,3.6666666666666665,0.4583333333333333,0,0.0,0.0,195.33333333333334
2025-05-24,3,12.0,4.0,0.25,2,51.22123033454856,12.80530758363714,117.0
2025-05-24,9,6.0,0.0,0.0,2,121.454619581204,30.363654895301,88.0
2025-05-24,10,5.0,5.0,0.5,2,439.52073537080764,109.88018384270191,62.5
2025-05-24,12,2.0,4.0,0.6666666666666667,1,85.37914785565228,21.34478696391307,101.0
2025-05-24,21,4.0,0.0,0.0,0,0.0,0.0,82.0
2025-05-24,24,8.5,1.5,0.15000000000000002,0,0.0,0.0,67.5
2025-05-25,1,6.0,2.0,0.25,0,0.0,0.0,81.0
2025-05-25,2,8.0,0.0,0.0,3,162.96441979224397,40.74110494806099,45.666666666666664
2025-05-25,5,10.0,0.0,0.0,2,33.531991364779486,8.382997841194872,45.0
2025-05-25,6,7.5,2.5,0.25,0,0.0,0.0,121.0
2025-05-25,12,2.0,4.0,0.6666666666666667,0,0.0,0.0,58.0
2025-05-25,20,7.0,5.0,0.41666666666666663,1,67.26091614335373,16.81522903583843,73.0
2025-05-25,24,8.0,2.0,0.19999999999999996,0,0.0,0.0,118.0
2025-05-25,25,6.0,6.0,0.5,2,111.45622885231018,27.864057213077544,73.5
2025-05-26,2,8.0,0.0,0.0,1,72.42979949329072,18.10744987332268,93.0
2025-05-26,3,13.5,2.5,0.15625,1,144.58057095473342,36.145142738683354,79.5
2025-05-26,4,5.0,1.0,0.16666666666666663,1,31.109842978281442,7.7774607445703605,84.0
2025-05-26,6,3.0,7.0,0.6999999999999998,1,36.57265532882284,9.14316383220571,41.666666666666664
2025-05-26,9,4.0,2.0,0.33333333333333337,1,6.427428085907126,1.6068570214767814,63.5
2025-05-26,11,3.0,7.0,0.7,1,141.45463992208528,35.36365998052132,20.0
2025-05-26,12,2.0,4.0,0.6666666666666667,2,193.60647708266183,48.401619270665456,183.0
2025-05-26,14,2.0,10.0,0.8333333333333334,0,0.0,0.0,111.0
2025-05-26,17,4.0,4.0,0.5,3,108.36991619301524,27.09247904825381,86.33333333333333
2025-05-26,18,8.0,0.0,0.0,2,86.17630235334224,21.54407558833556,48.0
2025-05-26,19,0.5,3.5,0.875,2,193.8254940571849,48.456373514296224,97.75
2025-05-26,20,9.0,3.0,0.25,2,87.56562099318047,21.89140524829512,115.5
2025-05-26,21,1.0,3.0,0.75,4,107.69429834517419,26.923574586293547,115.5
2025-05-26,23,1.0,5.0,0.8333333333333334,1,84.40769638525559,21.101924096313898,94.0
2025-05-26,24,8.0,2.0,0.19999999999999996,0,0.0,0.0,105.0
2025-05-27,3,16.0,0.0,0.0,0,0.0,0.0,63.0
2025-05-27,4,1.0,5.0,0.8333333333333334,0,0.0,0.0,18.0
2025-05-27,7,1.0,3.0,0.75,3,138.55672083154252,34.63918020788563,88.66666666666667
2025-05-27,8,1.3333333333333333,4.666666666666667,0.7777777777777778,2,132.6998984943295,33.17497462358237,101.83333333333333
2025-05-27,15,8.5,1.5,0.15000000000000002,2,103.3767757833755,25.844193945843877,51.75
2025-05-27,17,1.0,7.0,0.875,1,37.075867444851184,9.268966861212796,57.0
2025-05-27,19,1.0,3.0,0.75,1,61.46512834685405,15.366282086713513,218.0
2025-05-27,21,1.0,3.0,0.75,1,324.7132971904532,81.1783242976133,74.0
2025-05-28,3,3.0,13.0,0.8125,0,0.0,0.0,90.0
2025-05-28,20,3.0,9.0,0.75,0,0.0,0.0,83.5
2025-05-28,21,1.0,3.0,0.75,0,0.0,0.0,110.0
2025-05-28,25,10.0,2.0,0.16666666666666669,2,80.1395679395493,20.034891984887324,59.0
2025-05-29,4,0.0,6.0,1.0,0,0.0,0.0,112.0
2025-05-29,5,9.0,1.0,0.09999999999999998,0,0.0,0.0,62.0
2025-05-29,7,1.0,3.0,0.75,0,0.0,0.0,93.0
2025-05-29,12,1.0,5.0,0.8333333333333334,0,0.0,0.0,96.0
2025-05-29,14,10.0,2.0,0.16666666666666663,0,0.0,0.0,32.0
2025-05-29,19,4.0,0.0,0.0,1,22.765227515414352,5.691306878853588,19.0
2025-05-29,21,1.0,3.0,0.75,5,198.0673823090648,49.5168455772662,66.8
2025-05-29,22,9.0,3.0,0.25,0,0.0,0.0,64.0
2025-05-29,25,2.0,10.0,0.8333333333333334,0,0.0,0.0,70.0
2025-05-30,1,1.0,7.0,0.875,0,0.0,0.0,117.0
2025-05-30,2,2.0,6.0,0.75,2,23.653295366290347,5.913323841572587,140.0
2025-05-30,3,5.0,11.0,0.6875,4,289.8413100734032,72.4603275183508,115.25
2025-05-30,14,5.333333333333333,6.666666666666667,0.5555555555555555,4,485.6533229438798,121.41333073596995,68.77777777777777
2025-05-30,18,1.0,7.0,0.875,0,0.0,0.0,283.0
2025-05-30,20,2.5,9.5,0.7916666666666667,5,246.14541823500306,61.536354558750766,114.25
2025-05-30,21,1.0,3.0,0.75,0,0.0,0.0,55.0
2025-05-30,23,2.0,4.0,0.6666666666666667,0,0.0,0.0,233.0
2025-05-30,25,12.0,0.0,0.0,0,0.0,0.0,116.0
2025-05-31,5,9.0,1.0,0.09999999999999998,0,0.0,0.0,44.0
2025-05-31,8,5.0,1.0,0.16666666666666663,1,105.9478084638106,26.48695211595265,57.0
2025-05-31,10,7.0,3.0,0.3,4,159.20017384339943,39.80004346084986,77.0
2025-05-31,16,3.0,1.0,0.25,1,21.35867996811279,5.339669992028197,38.5
2025-05-31,17,7.0,1.0,0.125,2,79.53162517306407,19.882906293266018,88.0
2025-05-31,18,8.0,0.0,0.0,1,15.132673962950992,3.783168490737748,100.0
2025-05-31,20,8.0,4.0,0.33333333333333337,1,24.636765549496175,6.159191387374044,221.0
2025-05-31,23,2.0,4.0,0.6666666666666667,0,0.0,0.0,59.0
2025-05-31,25,7.0,5.0,0.41666666666666663,0,0.0,0.0,35.0
2025-06-01,2,3.5,4.5,0.5625,5,728.3201075998658,182.08002689996644,62.4
2025-06-01,3,8.0,8.0,0.5,1,222.4552674372491,55.61381685931227,51.0
2025-06-01,4,3.0,3.0,0.5,5,343.81897826845193,85.95474456711298,97.0
2025-06-01,7,2.0,2.0,0.5,1,60.1254343163265,15.031358579081624,113.0
2025-06-01,8,6.0,0.0,0.0,0,0.0,0.0,111.0
2025-06-01,13,8.0,8.0,0.5,1,67.71012908790739,16.927532271976848,85.0
2025-06-01,16,3.0,1.0,0.25,1,56.799556250684994,14.199889062671248,91.0
2025-06-01,17,4.0,4.0,0.5,0,0.0,0.0,77.0
2025-06-01,19,2.0,2.0,0.5,0,0.0,0.0,77.0
2025-06-01,20,12.0,0.0,0.0,1,30.475906445534722,7.6189766113836805,75.0
2025-06-01,21,2.0,2.0,0.5,0,0.0,0.0,111.0
2025-06-01,24,10.0,0.0,0.0,1,26.110861186197155,6.527715296549289,72.0
2025-06-02,5,3.0,7.0,0.7,0,0.0,0.0,89.0
2025-06-02,15,6.0,4.0,0.4,0,0.0,0.0,53.0
2025-06-02,16,2.0,2.0,0.5,1,253.2989596967927,63.32473992419818,17.0
2025-06-02,19,1.5,2.5,0.625,2,75.55288477768107,18.888221194420268,26.5
2025-06-02,20,1.0,11.0,0.9166666666666666,0,0.0,0.0,71.0
2025-06-02,21,4.0,0.0,0.0,0,0.0,0.0,108.0
2025-06-02,25,2.0,10.0,0.8333333333333334,0,0.0,0.0,86.0
2025-06-03,6,4.0,6.0,0.6,0,0.0,0.0,94.0
2025-06-03,7,0.5,3.5,0.875,1,108.57831264643197,27.144578161607992,89.5
2025-06-03,9,1.0,5.0,0.8333333333333334,1,89.7256628475281,22.431415711882025,67.0
2025-06-03,10,3.0,7.0,0.7,0,0.0,0.0,68.0
2025-06-03,11,4.0,6.0,0.6,0,0.0,0.0,95.0
2025-06-03,12,2.0,4.0,0.6666666666666667,1,220.1754374973403,55.04385937433508,99.0
2025-06-03,14,1.0,11.0,0.9166666666666666,0,0.0,0.0,65.0
2025-06-03,18,8.0,0.0,0.0,0,0.0,0.0,22.0
2025-06-03,19,0.5,3.5,0.875,0,0.0,0.0,75.0
2025-06-03,21,2.5,1.5,0.375,2,50.07214288908309,12.518035722270772,60.0
2025-06-04,1,1.0,7.0,0.875,2,27.781250060430658,6.9453125151076645,67.0
2025-06-04,3,3.0,13.0,0.8125,0,0.0,0.0,38.0
2025-06-04,6,0.0,10.0,1.0,0,0.0,0.0,32.0
2025-06-04,8,3.5,2.5,0.4166666666666667,1,16.428884279501307,4.107221069875327,150.0
2025-06-04,11,6.5,3.5,0.35,0,0.0,0.0,28.5
2025-06-04,12,2.0,4.0,0.6666666666666667,0,0.0,0.0,105.0
2025-06-04,13,6.0,10.0,0.625,0,0.0,0.0,94.0
2025-06-04,14,5.0,7.0,0.5833333333333333,0,0.0,0.0,26.0
2025-06-04,19,1.5,2.5,0.625,0,0.0,0.0,91.5
2025-06-04,20,3.0,9.0,0.75,2,390.17253502271006,97.54313375567752,152.5
2025-06-04,22,4.0,8.0,0.6666666666666667,0,0.0,0.0,52.0
2025-06-04,23,3.5,2.5,0.4166666666666667,0,0.0,0.0,76.0
2025-06-04,24,2.0,8.0,0.8,0,0.0,0.0,18.0
2025-06-05,1,7.0,1.0,0.125,1,129.22029467736056,32.30507366934014,40.0
2025-06-05,5,6.5,3.5,0.35,0,0.0,0.0,54.5
2025-06-05,8,3.75,2.25,0.375,1,154.6154751126191,38.653868778154774,66.5
2025-06-05,10,8.0,2.0,0.19999999999999996,0,0.0,0.0,104.0
2025-06-05,12,2.0,4.0,0.6666666666666667,0,0.0,0.0,33.0
2025-06-05,14,4.0,8.0,0.6666666666666667,1,66.89469320079994,16.723673300199984,36.0
2025-06-05,15,6.0,4.0,0.4,0,0.0,0.0,148.0
2025-06-05,17,2.0,6.0,0.75,1,7.8193441653801745,1.9548360413450436,50.0
2025-06-05,19,2.0,2.0,0.5,1,46.661331066399406,11.665332766599851,73.0
2025-06-05,20,2.5,9.5,0.7916666666666667,1,23.416412150939124,5.854103037734781,110.5
2025-06-05,22,12.0,0.0,0.0,1,8.419767807543248,2.104941951885812,84.0
2025-06-05,24,1.0,9.0,0.9,2,53.6465474278494,13.41163685696235,103.0
2025-06-06,7,2.25,1.75,0.4375,7,239.2842021403029,59.82105053507573,80.85
2025-06-06,10,2.0,8.0,0.8,0,0.0,0.0,19.0
2025-06-06,12,1.0,5.0,0.8333333333333334,1,23.84148492298861,5.960371230747152,115.0
2025-06-06,14,2.0,10.0,0.8333333333333333,2,140.39390455323857,35.09847613830964,81.0
2025-06-06,15,2.0,8.0,0.8,0,0.0,0.0,103.0
2025-06-06,19,2.3333333333333335,1.6666666666666667,0.4166666666666667,1,33.422933602874,8.3557334007185,83.33333333333333
2025-06-06,23,1.0,5.0,0.8333333333333334,1,80.18027658109638,20.045069145274095,47.0
2025-06-07,1,4.0,4.0,0.5,0,0.0,0.0,22.0
2025-06-07,2,4.0,4.0,0.5,1,80.52486659540148,20.13121664885037,16.0
2025-06-07,6,5.0,5.0,0.5,0,0.0,0.0,82.0
2025-06-07,8,3.0,3.0,0.5,1,40.433947794930255,10.108486948732564,116.0
2025-06-07,9,3.0,3.0,0.5,0,0.0,0.0,197.0
2025-06-07,10,5.5,4.5,0.45,1,63.16866221804797,15.792165554511993,64.5
2025-06-07,11,4.0,6.0,0.6,1,94.1075046360773,23.526876159019324,117.0
2025-06-07,12,3.0,3.0,0.5,1,94.58433728894836,23.64608432223709,31.0
2025-06-07,15,6.0,4.0,0.4,2,233.30467970869955,58.32616992717489,86.0
2025-06-07,16,4.0,0.0,0.0,0,0.0,0.0,232.0
2025-06-07,17,5.0,3.0,0.375,1,22.296030464848968,5.574007616212242,81.5
2025-06-07,19,2.0,2.0,0.5,0,0.0,0.0,73.0
2025-06-07,20,7.0,5.0,0.41666666666666663,0,0.0,0.0,154.0
2025-06-07,24,7.0,3.0,0.3,2,93.15372614253883,23.288431535634707,60.0
2025-06-08,1,7.0,1.0,0.125,0,0.0,0.0,27.0
2025-06-08,9,4.0,2.0,0.33333333333333337,0,0.0,0.0,17.0
2025-06-08,11,5.0,5.0,0.5,1,87.5253631584521,21.881340789613024,103.0
2025-06-08,12,5.0,1.0,0.16666666666666663,0,0.0,0.0,29.0
2025-06-08,14,4.0,8.0,0.6666666666666667,0,0.0,0.0,77.0
2025-06-08,15,5.0,5.0,0.5,1,57.50967307585248,14.37741826896312,15.0
2025-06-08,16,2.0,2.0,0.5,2,54.435317660039274,13.608829415009819,39.5
2025-06-09,5,2.0,8.0,0.8,2,71.99833825763882,17.999584564409705,101.5
2025-06-09,7,1.5,2.5,0.625,0,0.0,0.0,94.0
2025-06-09,8,5.0,1.0,0.16666666666666663,1,58.15849569592561,14.539623923981402,118.0
2025-06-09,11,9.0,1.0,0.09999999999999998,0,0.0,0.0,206.0
2025-06-09,12,2.0,4.0,0.6666666666666667,0,0.0,0.0,47.0
2025-06-09,14,12.0,0.0,0.0,0,0.0,0.0,21.0
2025-06-09,15,8.0,2.0,0.19999999999999996,1,56.352263013774184,14.088065753443546,50.0
2025-06-09,16,1.0,3.0,0.75,0,0.0,0.0,274.0
2025-06-09,18,8.0,0.0,0.0,0,0.0,0.0,58.0
2025-06-09,19,1.5,2.5,0.625,0,0.0,0.0,23.0
2025-06-09,24,2.5,7.5,0.75,0,0.0,0.0,105.0
2025-06-10,4,2.0,4.0,0.6666666666666667,0,0.0,0.0,27.0
2025-06-10,5,7.0,3.0,0.30000000000000004,0,0.0,0.0,43.0
2025-06-10,14,12.0,0.0,0.0,0,0.0,0.0,193.0
2025-06-10,16,4.0,0.0,0.0,0,0.0,0.0,41.0
2025-06-10,17,3.0,5.0,0.625,1,67.6161921506303,16.904048037657574,219.0
2025-06-10,24,3.0,7.0,0.7,3,147.193726768282,36.7984316920705,109.66666666666667
2025-06-10,25,11.0,1.0,0.08333333333333337,1,23.731273534539458,5.9328183836348645,57.0
2025-06-11,1,2.0,6.0,0.75,0,0.0,0.0,23.0
2025-06-11,4,1.5,4.5,0.75,1,132.00979580647748,33.00244895161937,224.5
2025-06-11,9,2.0,4.0,0.6666666666666667,1,38.44162501715547,9.610406254288867,23.0
2025-06-11,12,1.0,5.0,0.8333333333333334,1,56.557338355787365,14.139334588946841,43.0
2025-06-11,14,11.0,1.0,0.08333333333333337,0,0.0,0.0,93.0
2025-06-11,16,1.0,3.0,0.75,0,0.0,0.0,74.0
2025-06-11,17,3.5,4.5,0.5625,3,126.75602902478562,31.689007256196405,68.25
2025-06-11,21,1.0,3.0,0.75,0,0.0,0.0,218.0
2025-06-11,22,12.0,0.0,0.0,0,0.0,0.0,48.0
2025-06-11,23,3.5,2.5,0.4166666666666667,2,133.7149074385266,33.42872685963165,76.5
2025-06-11,24,9.0,1.0,0.09999999999999998,0,0.0,0.0,20.0
2025-06-11,25,8.0,4.0,0.3333333333333333,4,189.18776576675174,47.296941441687935,78.375
2025-06-12,1,8.0,0.0,0.0,0,0.0,0.0,75.0
2025-06-12,2,6.5,1.5,0.1875,2,153.77307382214326,38.443268455535815,82.5
2025-06-12,3,4.0,12.0,0.75,0,0.0,0.0,17.0
2025-06-12,4,6.0,0.0,0.0,1,21.26280636236381,5.315701590590953,190.0
2025-06-12,5,4.0,6.0,0.6,0,0.0,0.0,32.0
2025-06-12,7,1.5,2.5,0.625,0,0.0,0.0,51.5
2025-06-12,9,6.0,0.0,0.0,0,0.0,0.0,116.0
2025-06-12,11,4.666666666666667,5.333333333333333,0.5333333333333333,2,116.22546459948519,29.056366149871298,116.83333333333333
2025-06-12,12,2.0,4.0,0.6666666666666667,4,91.40125502818206,22.850313757045516,58.0
2025-06-12,13,4.0,12.0,0.75,0,0.0,0.0,115.0
2025-06-12,15,10.0,0.0,0.0,0,0.0,0.0,46.0
2025-06-12,17,4.666666666666667,3.3333333333333335,0.4166666666666667,0,0.0,0.0,104.66666666666667
2025-06-12,18,7.0,1.0,0.125,1,138.60783073796085,34.65195768449021,61.0
2025-06-12,20,4.0,8.0,0.6666666666666667,1,51.75922590735271,12.939806476838177,21.0
2025-06-12,21,0.0,4.0,1.0,0,0.0,0.0,150.0
2025-06-12,23,3.0,3.0,0.5,0,0.0,0.0,69.0
2025-06-12,24,4.0,6.0,0.6,1,42.3366870701979,10.584171767549474,33.0
2025-06-13,1,6.0,2.0,0.25,0,0.0,0.0,56.0
2025-06-13,2,5.0,3.0,0.375,1,80.72898300769391,20.182245751923478,70.5
2025-06-13,3,5.0,11.0,0.6875,0,0.0,0.0,50.0
2025-06-13,6,4.0,6.0,0.6,1,24.29928845032794,6.074822112581985,137.66666666666666
2025-06-13,11,9.0,1.0,0.09999999999999998,1,35.75530206348674,8.938825515871685,89.0
2025-06-13,12,5.0,1.0,0.16666666666666663,2,86.65498860317732,21.66374715079433,45.75
2025-06-13,14,3.0,9.0,0.75,0,0.0,0.0,21.0
2025-06-13,15,2.0,8.0,0.8,0,0.0,0.0,33.0
2025-06-13,18,5.0,3.0,0.375,1,20.83910168043036,5.20977542010759,113.0
2025-06-13,22,4.0,8.0,0.6666666666666667,2,124.45239525319741,31.113098813299352,98.5
2025-06-13,23,4.0,2.0,0.33333333333333337,0,0.0,0.0,24.0
2025-06-13,25,2.0,10.0,0.8333333333333334,0,0.0,0.0,118.0
2025-06-14,2,4.0,4.0,0.5,0,0.0,0.0,91.0
2025-06-14,5,4.0,6.0,0.6,0,0.0,0.0,15.0
2025-06-14,6,9.0,1.0,0.09999999999999998,0,0.0,0.0,16.0
2025-06-14,14,7.5,4.5,0.375,0,0.0,0.0,70.5
2025-06-14,16,2.0,2.0,0.5,1,21.52828689294748,5.38207172323687,53.0
2025-06-14,17,3.0,5.0,0.625,0,0.0,0.0,72.0
2025-06-14,19,4.0,0.0,0.0,2,121.64689986493444,30.41172496623361,99.5
2025-06-14,24,8.0,2.0,0.19999999999999996,0,0.0,0.0,72.0
2025-06-15,1,8.0,0.0,0.0,0,0.0,0.0,77.0
2025-06-15,2,5.5,2.5,0.3125,1,26.396929156886515,6.599232289221629,67.0
2025-06-15,3,9.0,7.0,0.4375,3,210.22315518130347,52.55578879532587,41.0
2025-06-15,5,8.0,2.0,0.19999999999999996,0,0.0,0.0,88.0
2025-06-15,10,10.0,0.0,0.0,1,54.07595946241804,13.51898986560451,88.0
2025-06-15,11,8.0,2.0,0.19999999999999996,0,0.0,0.0,18.0
2025-06-15,14,11.0,1.0,0.08333333333333337,0,0.0,0.0,60.0
2025-06-15,17,7.0,1.0,0.125,0,0.0,0.0,53.0
2025-06-15,18,6.5,1.5,0.1875,0,0.0,0.0,75.5
2025-06-15,20,12.0,0.0,0.0,2,17.056478035078314,4.2641195087695785,107.75
2025-06-15,25,6.0,6.0,0.5,0,0.0,0.0,115.0
2025-06-16,3,9.0,7.0,0.4375,3,189.5089474119201,47.377236852980026,90.75
2025-06-16,5,2.0,8.0,0.8,0,0.0,0.0,21.0
2025-06-16,6,9.0,1.0,0.09999999999999998,1,24.526183984443524,6.131545996110881,59.0
2025-06-16,7,1.0,3.0,0.75,0,0.0,0.0,48.0
2025-06-16,9,1.0,5.0,0.8333333333333334,0,0.0,0.0,76.0
2025-06-16,11,10.0,0.0,0.0,0,0.0,0.0,52.0
2025-06-16,13,3.0,13.0,0.8125,1,23.511751243061326,5.8779378107653315,25.0
2025-06-16,15,7.0,3.0,0.30000000000000004,0,0.0,0.0,174.0
2025-06-16,17,7.0,1.0,0.125,0,0.0,0.0,95.0
2025-06-16,18,7.0,1.0,0.125,0,0.0,0.0,112.0
2025-06-16,21,4.0,0.0,0.0,0,0.0,0.0,89.0
2025-06-17,4,6.0,0.0,0.0,1,20.20589339045992,5.05147334761498,38.0
2025-06-17,7,4.0,0.0,0.0,1,98.7479480573777,24.686987014344425,116.0
2025-06-17,10,1.5,8.5,0.8500000000000001,3,139.00401845228794,34.751004613071984,139.5
2025-06-17,15,3.0,7.0,0.7,0,0.0,0.0,72.0
2025-06-17,17,5.0,3.0,0.375,0,0.0,0.0,32.0
2025-06-17,18,8.0,0.0,0.0,1,7.621768556300321,1.9054421390750802,28.0
2025-06-17,19,2.5,1.5,0.375,1,60.54328200924043,15.135820502310107,175.0
2025-06-17,20,11.0,1.0,0.08333333333333337,0,0.0,0.0,92.0
2025-06-17,24,7.0,3.0,0.30000000000000004,0,0.0,0.0,115.0
2025-06-17,25,5.0,7.0,0.5833333333333334,2,54.01596935365603,13.503992338414008,59.5
2025-06-18,1,0.0,8.0,1.0,0,0.0,0.0,15.0
2025-06-18,2,8.0,0.0,0.0,0,0.0,0.0,92.0
2025-06-18,4,1.5,4.5,0.75,0,0.0,0.0,32.5
2025-06-18,6,7.0,3.0,0.3,0,0.0,0.0,43.333333333333336
2025-06-18,8,3.0,3.0,0.5,0,0.0,0.0,32.0
2025-06-18,10,5.0,5.0,0.5,0,0.0,0.0,71.0
2025-06-18,12,1.0,5.0,0.8333333333333334,2,75.28650905319336,18.82162726329834,193.5
2025-06-18,13,1.0,15.0,0.9375,0,0.0,0.0,32.0
2025-06-18,16,2.0,2.0,0.5,1,14.885673082692858,3.7214182706732144,106.0
2025-06-18,17,6.5,1.5,0.1875,1,54.26498008458537,13.566245021146342,78.0
2025-06-18,18,8.0,0.0,0.0,2,98.94121910241493,24.735304775603733,56.5
2025-06-18,19,2.0,2.0,0.5,0,0.0,0.0,41.0
2025-06-18,21,4.0,0.0,0.0,0,0.0,0.0,66.0
2025-06-18,22,2.0,10.0,0.8333333333333334,0,0.0,0.0,62.0
2025-06-19,5,3.0,7.0,0.7,0,0.0,0.0,36.0
2025-06-19,6,1.0,9.0,0.9,3,244.74191722449834,61.185479306124584,19.333333333333332
2025-06-19,10,2.0,8.0,0.8,0,0.0,0.0,60.0
2025-06-19,11,4.5,5.5,0.55,0,0.0,0.0,90.0
2025-06-19,15,8.5,1.5,0.15000000000000002,0,0.0,0.0,53.5
2025-06-19,17,7.0,1.0,0.125,1,44.82875142449484,11.20718785612371,200.0
2025-06-19,23,1.0,5.0,0.8333333333333334,0,0.0,0.0,87.0
2025-06-20,2,6.0,2.0,0.25,0,0.0,0.0,253.0
2025-06-20,3,15.0,1.0,0.0625,3,124.17493327912521,31.043733319781303,92.25
2025-06-20,4,5.0,1.0,0.16666666666666663,0,0.0,0.0,23.0
2025-06-20,5,4.0,6.0,0.6,3,392.3982560279205,98.09956400698013,92.0
2025-06-20,7,3.0,1.0,0.25,0,0.0,0.0,85.0
2025-06-20,11,9.0,1.0,0.09999999999999998,1,13.272517495913817,3.3181293739784543,81.0
2025-06-20,12,2.0,4.0,0.6666666666666667,0,0.0,0.0,29.0
2025-06-20,14,2.0,10.0,0.8333333333333334,0,0.0,0.0,155.0
2025-06-20,15,2.0,8.0,0.8,0,0.0,0.0,41.0
2025-06-20,21,2.0,2.0,0.5,1,276.8605475381891,69.21513688454728,91.0
2025-06-20,25,3.0,9.0,0.75,3,135.77520673644176,33.94380168411044,51.333333333333336
2025-06-21,1,4.0,4.0,0.5,1,55.78030598092591,13.945076495231477,205.0
2025-06-21,3,16.0,0.0,0.0,0,0.0,0.0,73.0
2025-06-21,4,3.0,3.0,0.5,3,212.03962887894716,53.00990721973679,124.0
2025-06-21,6,8.5,1.5,0.14999999999999997,2,178.37657726191193,44.59414431547798,105.0
2025-06-21,7,2.0,2.0,0.5,1,260.9746509518792,65.2436627379698,48.0
2025-06-21,8,6.0,0.0,0.0,1,9.364977394605205,2.3412443486513013,101.0
2025-06-21,10,9.0,1.0,0.09999999999999998,0,0.0,0.0,34.0
2025-06-21,14,9.0,3.0,0.25,1,12.487898289262901,3.1219745723157253,63.0
2025-06-21,18,7.0,1.0,0.125,3,148.64343802657655,37.16085950664414,87.66666666666667
2025-06-21,19,2.0,2.0,0.5,0,0.0,0.0,24.0
2025-06-21,20,4.0,8.0,0.6666666666666667,1,59.96681667212491,14.991704168031227,87.0
2025-06-21,24,5.0,5.0,0.5,1,192.4889702626508,48.1222425656627,22.0
2025-06-21,25,8.0,4.0,0.33333333333333337,1,90.03132401976154,22.507831004940385,95.0
2025-06-22,2,5.0,3.0,0.375,0,0.0,0.0,50.0
2025-06-22,4,5.0,1.0,0.16666666666666663,0,0.0,0.0,30.0
2025-06-22,5,4.0,6.0,0.6,1,86.91955798158567,21.729889495396417,16.0
2025-06-22,6,9.0,1.0,0.09999999999999998,0,0.0,0.0,73.0
2025-06-22,7,3.5,0.5,0.125,0,0.0,0.0,49.5
2025-06-22,9,4.0,2.0,0.33333333333333337,1,89.3752191241683,22.343804781042074,81.0
2025-06-22,10,10.0,0.0,0.0,2,204.4647444053335,51.116186101333376,60.0
2025-06-22,11,4.0,6.0,0.6,1,110.97456708968095,27.743641772420236,87.0
2025-06-22,19,2.0,2.0,0.5,1,12.77225431369521,3.1930635784238026,15.0
2025-06-22,20,6.0,6.0,0.5,0,0.0,0.0,21.0
2025-06-22,21,2.0,2.0,0.5,0,0.0,0.0,87.0
2025-06-22,23,4.5,1.5,0.25,0,0.0,0.0,78.5
2025-06-23,1,0.0,8.0,1.0,1,66.58263397476583,16.645658493691457,20.0
2025-06-23,3,11.5,4.5,0.28125,0,0.0,0.0,119.0
2025-06-23,4,1.0,5.0,0.8333333333333334,1,339.9355530514741,84.98388826286852,29.0
2025-06-23,8,2.0,4.0,0.6666666666666667,1,19.55375311498836,4.88843827874709,120.0
2025-06-23,10,6.0,4.0,0.39999999999999997,1,15.878715806586563,3.9696789516466406,185.0
2025-06-23,11,1.5,8.5,0.8500000000000001,2,257.84113598463284,64.46028399615821,132.75
2025-06-23,18,2.0,6.0,0.75,1,28.511101666735634,7.1277754166839085,139.0
2025-06-23,19,1.0,3.0,0.75,1,150.68877975013376,37.67219493753344,90.0
2025-06-23,20,4.0,8.0,0.6666666666666667,0,0.0,0.0,228.0
2025-06-23,21,1.5,2.5,0.625,2,36.59522708534257,9.148806771335643,25.0
2025-06-24,1,2.0,6.0,0.75,1,291.3849488253787,72.84623720634467,273.0
2025-06-24,2,1.0,7.0,0.875,1,18.928925761897208,4.732231440474302,15.0
2025-06-24,3,3.0,13.0,0.8125,1,12.4086886209441,3.102172155236025,45.0
2025-06-24,5,2.0,8.0,0.8,0,0.0,0.0,112.0
2025-06-24,7,1.3333333333333333,2.6666666666666665,0.6666666666666666,0,0.0,0.0,79.0
2025-06-24,14,1.0,11.0,0.9166666666666666,1,54.6297882066664,13.6574470516666,28.0
2025-06-24,15,10.0,0.0,0.0,1,18.48904792707216,4.62226198176804,86.0
2025-06-24,16,1.0,3.0,0.75,1,80.85399813361646,20.213499533404114,238.0
2025-06-24,21,3.0,1.0,0.25,0,0.0,0.0,69.0
2025-06-24,22,4.0,8.0,0.6666666666666667,1,70.24880719274209,17.562201798185523,73.0
2025-06-24,23,1.0,5.0,0.8333333333333334,0,0.0,0.0,63.0
2025-06-25,1,3.0,5.0,0.625,0,0.0,0.0,54.0
2025-06-25,4,4.0,2.0,0.3333333333333333,1,159.465684186824,39.866421046706,191.0
2025-06-25,5,5.0,5.0,0.5,0,0.0,0.0,172.0
2025-06-25,8,1.0,5.0,0.8333333333333334,0,0.0,0.0,97.0
2025-06-25,9,2.0,4.0,0.6666666666666667,1,55.26041345378043,13.815103363445107,27.0
2025-06-25,10,2.0,8.0,0.8,0,0.0,0.0,191.0
2025-06-25,12,2.0,4.0,0.6666666666666667,0,0.0,0.0,144.0
2025-06-25,16,1.0,3.0,0.75,1,47.82712372647809,11.956780931619523,196.0
2025-06-25,24,3.0,7.0,0.7,1,51.920701517137935,12.980175379284484,141.0
2025-06-26,1,3.0,5.0,0.625,3,267.54017599587775,66.88504399896944,49.666666666666664
2025-06-26,6,8.0,2.0,0.19999999999999996,1,25.921992924297378,6.480498231074344,69.0
2025-06-26,7,4.0,0.0,0.0,1,17.84159922825556,4.46039980706389,45.0
2025-06-26,10,10.0,0.0,0.0,0,0.0,0.0,86.0
2025-06-26,13,1.0,15.0,0.9375,0,0.0,0.0,48.0
2025-06-26,14,1.0,11.0,0.9166666666666666,2,64.62253530415629,16.15563382603907,107.0
2025-06-26,18,5.0,3.0,0.375,0,0.0,0.0,74.0
2025-06-26,20,8.0,4.0,0.33333333333333337,0,0.0,0.0,54.0
2025-06-26,22,5.5,6.5,0.5416666666666667,3,150.21073784867033,37.55268446216758,141.5
2025-06-27,8,1.0,5.0,0.8333333333333334,1,65.62316799581802,16.405791998954506,65.0
2025-06-27,11,3.0,7.0,0.7,0,0.0,0.0,114.0
2025-06-27,15,9.0,1.0,0.09999999999999998,2,98.77460742890219,24.693651857225547,77.5
2025-06-27,17,3.0,5.0,0.625,0,0.0,0.0,103.0
2025-06-27,18,7.0,1.0,0.125,0,0.0,0.0,275.0
2025-06-27,25,1.0,11.0,0.9166666666666666,1,21.166725586735605,5.291681396683901,132.0
2025-06-28,4,2.0,4.0,0.6666666666666667,0,0.0,0.0,123.0
2025-06-28,5,6.5,3.5,0.35,1,70.57496666227748,17.64374166556937,75.5
2025-06-28,7,2.0,2.0,0.5,1,43.500540134271795,10.875135033567949,118.0
2025-06-28,9,3.0,3.0,0.5,0,0.0,0.0,57.0
2025-06-28,11,10.0,0.0,0.0,1,20.915953962894413,5.228988490723603,103.0
2025-06-28,12,3.0,3.0,0.5,0,0.0,0.0,59.0
2025-06-28,14,11.0,1.0,0.08333333333333337,0,0.0,0.0,29.0
2025-06-28,18,4.0,4.0,0.5,2,204.2392419305161,51.059810482629025,123.0
2025-06-28,21,2.0,2.0,0.5,0,0.0,0.0,43.5
2025-06-28,24,5.0,5.0,0.5,0,0.0,0.0,111.0
2025-06-29,1,4.0,4.0,0.5,1,23.50299087204656,5.87574771801164,49.0
2025-06-29,3,13.0,3.0,0.1875,1,66.69522353836632,16.67380588459158,237.0
2025-06-29,4,3.0,3.0,0.5,0,0.0,0.0,96.0
2025-06-29,5,9.0,1.0,0.09999999999999998,0,0.0,0.0,193.0
2025-06-29,6,5.0,5.0,0.5,0,0.0,0.0,86.0
2025-06-29,8,5.0,1.0,0.16666666666666663,0,0.0,0.0,44.0
2025-06-29,9,3.5,2.5,0.4166666666666667,1,72.45899521673286,18.114748804183215,169.5
2025-06-29,10,4.0,6.0,0.6,1,82.6209646570125,20.655241164253123,66.0
2025-06-29,13,11.0,5.0,0.3125,0,0.0,0.0,109.0
2025-06-29,14,6.0,6.0,0.5,0,0.0,0.0,34.0
2025-06-29,15,5.0,5.0,0.5,1,4.890408330151048,1.222602082537762,291.0
2025-06-29,20,6.0,6.0,0.5,0,0.0,0.0,106.0
2025-06-29,23,2.0,4.0,0.6666666666666667,0,0.0,0.0,40.0
2025-06-29,24,7.0,3.0,0.3,1,47.54333617715256,11.88583404428814,97.5
2025-06-30,5,4.0,6.0,0.6,1,59.39077015599432,14.84769253899858,77.0
2025-06-30,6,8.0,2.0,0.19999999999999996,1,65.43892670322252,16.35973167580563,285.0
2025-06-30,7,2.0,2.0,0.5,2,66.95422324303195,16.738555810757987,101.0
2025-06-30,14,6.5,5.5,0.4583333333333333,0,0.0,0.0,46.0
2025-06-30,16,2.0,2.0,0.5,0,0.0,0.0,60.0
2025-06-30,17,7.0,1.0,0.125,1,270.14824472101697,67.53706118025424,17.0
2025-06-30,24,3.0,7.0,0.7,0,0.0,0.0,55.0
2025-06-30,25,5.0,7.0,0.5833333333333333,0,0.0,0.0,108.0
2025-07-01,2,4.5,3.5,0.4375,2,76.25410819846368,19.06352704961592,50.5
2025-07-01,3,6.0,10.0,0.625,0,0.0,0.0,86.0
2025-07-01,4,1.0,5.0,0.8333333333333334,1,49.440633494341775,12.360158373585444,89.0
2025-07-01,5,3.0,7.0,0.7,0,0.0,0.0,75.0
2025-07-01,12,0.0,6.0,1.0,1,146.4141886342297,36.603547158557426,113.0
2025-07-01,13,5.0,11.0,0.6875,2,122.29373680173083,30.573434200432708,77.5
2025-07-01,15,1.0,9.0,0.9,0,0.0,0.0,115.0
2025-07-01,16,4.0,0.0,0.0,0,0.0,0.0,86.0
2025-07-01,21,0.5,3.5,0.875,6,500.64707027924203,125.16176756981051,104.375
2025-07-01,24,1.0,9.0,0.9,1,28.063926534226376,7.015981633556594,25.0
2025-07-02,2,1.0,7.0,0.875,0,0.0,0.0,75.0
2025-07-02,4,1.0,5.0,0.8333333333333334,0,0.0,0.0,39.0
2025-07-02,5,3.0,7.0,0.7,0,0.0,0.0,83.0
2025-07-02,6,10.0,0.0,0.0,0,0.0,0.0,58.0
2025-07-02,11,4.0,6.0,0.6,2,137.6164867456391,34.40412168640977,46.5
2025-07-02,14,10.0,2.0,0.16666666666666663,2,112.09379584398667,28.023448960996667,77.5
2025-07-02,15,3.0,7.0,0.7,4,302.651373705708,75.662843426427,104.5
2025-07-02,17,3.0,5.0,0.625,1,16.8531097900884,4.2132774475221,22.0
2025-07-02,21,1.0,3.0,0.75,2,99.20967433405065,24.80241858351266,68.0
2025-07-02,22,1.0,11.0,0.9166666666666666,1,23.163382811791053,5.790845702947763,109.0
2025-07-02,24,1.0,9.0,0.9,0,0.0,0.0,78.0
2025-07-02,25,2.0,10.0,0.8333333333333334,0,0.0,0.0,101.0
2025-07-03,1,3.0,5.0,0.625,0,0.0,0.0,56.0
2025-07-03,3,16.0,0.0,0.0,2,56.5260092976912,14.1315023244228,91.0
2025-07-03,4,3.5,2.5,0.4166666666666667,0,0.0,0.0,181.0
2025-07-03,5,4.0,6.0,0.6,0,0.0,0.0,148.0
2025-07-03,6,2.0,8.0,0.8,0,0.0,0.0,166.0
2025-07-03,9,4.0,2.0,0.33333333333333337,0,0.0,0.0,87.0
2025-07-03,10,2.5,7.5,0.75,2,90.45762936518034,22.614407341295085,98.5
2025-07-03,14,10.0,2.0,0.16666666666666663,1,18.589949713254306,4.6474874283135765,115.0
2025-07-03,15,3.0,7.0,0.7,0,0.0,0.0,26.0
2025-07-03,18,6.0,2.0,0.25,0,0.0,0.0,54.5
2025-07-03,20,2.0,10.0,0.8333333333333334,1,71.41093271134211,17.85273317783553,165.0
2025-07-03,21,0.5,3.5,0.875,2,43.22636295363252,10.80659073840813,61.5
2025-07-03,24,3.0,7.0,0.7,0,0.0,0.0,107.0
2025-07-03,25,2.5,9.5,0.7916666666666667,1,68.61770343688555,17.154425859221387,68.5
2025-07-04,2,0.0,8.0,1.0,3,313.9349534370372,78.4837383592593,85.0
2025-07-04,4,6.0,0.0,0.0,3,155.8846147084023,38.971153677100574,89.5
2025-07-04,5,7.0,3.0,0.3,1,30.87770214303577,7.719425535758942,99.5
2025-07-04,7,3.0,1.0,0.25,0,0.0,0.0,52.0
2025-07-04,20,2.0,10.0,0.8333333333333334,0,0.0,0.0,66.0
2025-07-04,24,3.3333333333333335,6.666666666666667,0.6666666666666666,1,23.379961047069987,5.844990261767497,68.0
2025-07-05,1,3.0,5.0,0.625,1,105.9400173666427,26.485004341660677,70.0
2025-07-05,3,8.0,8.0,0.5,3,167.56455971479605,41.89113992869901,114.66666666666667
2025-07-05,6,7.0,3.0,0.3,4,279.68870781144307,69.92217695286077,53.5
2025-07-05,8,5.0,1.0,0.16666666666666663,0,0.0,0.0,71.0
2025-07-05,10,10.0,0.0,0.0,0,0.0,0.0,79.0
2025-07-05,11,7.0,3.0,0.30000000000000004,1,64.91555452974939,16.228888632437346,27.0
2025-07-05,13,6.0,10.0,0.625,1,40.95835949668104,10.23958987417026,25.0
2025-07-05,21,4.0,0.0,0.0,2,111.80636310080101,27.951590775200252,139.0
2025-07-06,4,3.0,3.0,0.5,2,168.78998029317185,42.19749507329296,41.5
2025-07-06,7,2.0,2.0,0.5,0,0.0,0.0,115.0
2025-07-06,8,4.0,2.0,0.3333333333333333,1,82.54650737768944,20.63662684442236,183.0
2025-07-06,9,4.5,1.5,0.25,1,82.34863795960918,20.587159489902294,141.0
2025-07-06,11,4.0,6.0,0.6,0,0.0,0.0,19.0
2025-07-06,13,6.0,10.0,0.625,1,75.27920984760533,18.819802461901332,54.0
2025-07-06,14,10.0,2.0,0.16666666666666669,0,0.0,0.0,106.5
2025-07-06,15,7.0,3.0,0.3,2,221.9410394564086,55.48525986410215,141.0
2025-07-06,16,3.0,1.0,0.25,1,48.882108484011226,12.220527121002807,69.0
2025-07-06,18,8.0,0.0,0.0,1,36.8543900806803,9.213597520170074,45.0
2025-07-06,24,4.0,6.0,0.6,1,127.01393010167476,31.75348252541869,140.0
2025-07-07,2,2.0,6.0,0.75,0,0.0,0.0,83.5
2025-07-07,3,2.0,14.0,0.875,1,25.849074922126423,6.462268730531606,154.0
2025-07-07,5,3.0,7.0,0.7,2,120.72715707153739,30.181789267884348,41.5
2025-07-07,13,5.0,11.0,0.6875,1,44.608268671690716,11.152067167922679,28.0
2025-07-07,15,10.0,0.0,0.0,1,78.04666192989083,19.511665482472708,95.0
2025-07-07,16,1.0,3.0,0.75,0,0.0,0.0,28.0
2025-07-07,17,5.0,3.0,0.375,0,0.0,0.0,276.0
2025-07-07,18,3.0,5.0,0.625,0,0.0,0.0,27.0
2025-07-07,24,1.0,9.0,0.9,1,115.02495377594752,28.75623844398688,141.0
2025-07-07,25,5.0,7.0,0.5833333333333333,0,0.0,0.0,95.0
2025-07-08,2,5.666666666666667,2.3333333333333335,0.2916666666666667,0,0.0,0.0,55.333333333333336
2025-07-08,3,2.0,14.0,0.875,2,178.862667281453,44.71566682036325,174.5
2025-07-08,8,1.0,5.0,0.8333333333333334,0,0.0,0.0,85.0
2025-07-08,11,3.6666666666666665,6.333333333333333,0.6333333333333333,1,43.996220005901435,10.999055001475359,73.33333333333333
2025-07-08,12,3.0,3.0,0.5,1,37.780218624953065,9.445054656238266,70.0
2025-07-08,16,4.0,0.0,0.0,1,120.06933679269102,30.017334198172755,69.5
2025-07-08,18,1.0,7.0,0.875,0,0.0,0.0,208.0
2025-07-08,23,4.0,2.0,0.33333333333333337,0,0.0,0.0,82.0
2025-07-08,25,11.0,1.0,0.08333333333333337,0,0.0,0.0,86.0
2025-07-09,2,1.0,7.0,0.875,1,60.56830712129129,15.142076780322823,21.0
2025-07-09,3,16.0,0.0,0.0,1,13.930890028099421,3.4827225070248553,21.0
2025-07-09,5,10.0,0.0,0.0,0,0.0,0.0,49.0
2025-07-09,7,0.0,4.0,1.0,1,49.55473790527927,12.388684476319817,208.0
2025-07-09,9,1.0,5.0,0.8333333333333334,1,63.97483813381421,15.993709533453552,65.5
2025-07-09,13,5.5,10.5,0.65625,1,166.07612082535564,41.51903020633891,122.5
2025-07-09,14,2.0,10.0,0.8333333333333334,0,0.0,0.0,68.0
2025-07-09,17,2.0,6.0,0.75,0,0.0,0.0,27.0
2025-07-09,18,3.0,5.0,0.625,1,17.614061798845626,4.403515449711406,106.0
2025-07-09,19,4.0,0.0,0.0,0,0.0,0.0,118.0
2025-07-09,20,4.0,8.0,0.6666666666666667,0,0.0,0.0,89.0
2025-07-10,3,2.0,14.0,0.875,2,216.46306722599473,54.115766806498684,92.0
2025-07-10,8,5.0,1.0,0.16666666666666663,1,93.2416672247831,23.310416806195775,34.0
2025-07-10,12,2.5,3.5,0.5833333333333334,0,0.0,0.0,79.0
2025-07-10,15,2.0,8.0,0.8,0,0.0,0.0,79.0
2025-07-10,16,1.0,3.0,0.75,2,150.71184122428383,37.67796030607096,87.0
2025-07-10,17,5.0,3.0,0.375,1,31.268143135171595,7.817035783792899,32.0
2025-07-10,19,3.0,1.0,0.25,4,179.33140244842997,44.83285061210749,106.22222222222223
2025-07-10,23,4.0,2.0,0.33333333333333337,0,0.0,0.0,120.0
2025-07-11,2,7.0,1.0,0.125,0,0.0,0.0,50.0
2025-07-11,4,2.0,4.0,0.6666666666666667,1,50.73353475458537,12.683383688646343,60.0
2025-07-11,7,1.0,3.0,0.75,0,0.0,0.0,16.0
2025-07-11,9,2.5,3.5,0.5833333333333334,0,0.0,0.0,48.5
2025-07-11,10,1.0,9.0,0.9,0,0.0,0.0,96.0
2025-07-11,11,10.0,0.0,0.0,1,75.42552449471248,18.85638112367812,72.0
2025-07-11,17,7.0,1.0,0.125,0,0.0,0.0,49.0
2025-07-11,19,1.0,3.0,0.75,2,176.65695275009296,44.16423818752324,116.0
2025-07-11,23,6.0,0.0,0.0,0,0.0,0.0,50.0
2025-07-11,24,3.0,7.0,0.7,1,46.86854704627873,11.717136761569682,34.0
2025-07-12,1,7.0,1.0,0.125,2,97.80586249198888,24.45146562299722,110.5
2025-07-12,2,4.0,4.0,0.5,2,153.57397460727208,38.39349365181802,68.5
2025-07-12,3,6.0,10.0,0.625,2,87.42381843952967,21.855954609882417,33.0
2025-07-12,4,4.0,2.0,0.33333333333333337,1,80.81303754799556,20.20325938699889,22.0
2025-07-12,5,6.0,4.0,0.4,1,6.1550715066541075,1.5387678766635269,97.0
2025-07-12,10,7.333333333333333,2.6666666666666665,0.26666666666666666,2,171.50557893783176,42.87639473445794,121.66666666666667
2025-07-12,12,2.0,4.0,0.6666666666666667,0,0.0,0.0,30.0
2025-07-12,13,11.666666666666666,4.333333333333333,0.2708333333333333,1,49.938477661021494,12.484619415255374,129.0
2025-07-12,16,2.0,2.0,0.5,2,37.40607953737986,9.351519884344965,113.0
2025-07-12,17,5.0,3.0,0.375,0,0.0,0.0,74.33333333333333
2025-07-12,18,5.333333333333333,2.6666666666666665,0.3333333333333333,4,335.8710808650619,83.96777021626548,110.8888888888889
2025-07-12,19,3.0,1.0,0.25,1,24.172442640225224,6.043110660056306,17.0
2025-07-12,21,3.5,0.5,0.125,2,142.00433599055168,35.50108399763792,64.5
2025-07-12,22,5.0,7.0,0.5833333333333333,0,0.0,0.0,115.0
2025-07-12,25,5.0,7.0,0.5833333333333333,3,485.3105966689754,121.32764916724385,61.0
2025-07-13,2,8.0,0.0,0.0,0,0.0,0.0,103.0
2025-07-13,4,3.0,3.0,0.5,1,28.56372196885398,7.140930492213495,37.0
2025-07-13,7,4.0,0.0,0.0,0,0.0,0.0,53.0
2025-07-13,8,3.0,3.0,0.5,1,50.04092350120587,12.510230875301467,99.0
2025-07-13,10,9.0,1.0,0.09999999999999998,1,42.019427560656396,10.504856890164099,122.0
2025-07-13,12,3.0,3.0,0.5,0,0.0,0.0,29.0
2025-07-13,13,7.0,9.0,0.5625,2,82.57055720636949,20.64263930159237,63.0
2025-07-13,14,10.0,2.0,0.16666666666666663,1,24.502298279336387,6.125574569834097,118.0
2025-07-13,19,4.0,0.0,0.0,0,0.0,0.0,84.0
2025-07-13,20,6.0,6.0,0.5,3,117.69651618323543,29.424129045808858,49.666666666666664
2025-07-13,21,3.0,1.0,0.25,2,97.56461483741161,24.391153709352903,74.5
2025-07-13,25,5.0,7.0,0.5833333333333333,1,115.91560844915067,28.978902112287667,21.0
2025-07-14,2,8.0,0.0,0.0,0,0.0,0.0,106.0
2025-07-14,3,3.0,13.0,0.8125,1,54.23273375363523,13.558183438408808,68.0
2025-07-14,6,3.0,7.0,0.7,0,0.0,0.0,72.0
2025-07-14,11,5.5,4.5,0.44999999999999996,2,136.5975785337161,34.149394633429026,167.0
2025-07-14,12,1.0,5.0,0.8333333333333334,0,0.0,0.0,88.0
2025-07-14,15,1.0,9.0,0.9,3,88.91128962450945,22.227822406127363,117.66666666666667
2025-07-14,16,2.0,2.0,0.5,2,348.1510667861376,87.0377666965344,91.66666666666667
2025-07-14,17,3.3333333333333335,4.666666666666667,0.5833333333333334,5,272.3225450267834,68.08063625669585,134.44444444444443
2025-07-14,19,0.0,4.0,1.0,1,90.15540185304616,22.53885046326154,227.0
2025-07-14,22,7.0,5.0,0.41666666666666663,1,12.656697483981157,3.164174370995289,68.0
2025-07-14,23,1.0,5.0,0.8333333333333334,1,18.916856423473348,4.729214105868337,96.0
2025-07-14,24,8.0,2.0,0.19999999999999996,1,11.031509082255415,2.7578772705638537,226.0
2025-07-14,25,5.0,7.0,0.5833333333333333,0,0.0,0.0,147.0
2025-07-15,11,6.0,4.0,0.4,0,0.0,0.0,117.0
2025-07-15,13,13.0,3.0,0.1875,1,60.81197082139185,15.202992705347963,134.0
2025-07-15,15,8.0,2.0,0.19999999999999996,0,0.0,0.0,214.0
2025-07-15,16,1.0,3.0,0.75,0,0.0,0.0,20.0
2025-07-15,19,1.0,3.0,0.75,1,67.94203539229262,16.985508848073156,74.0
2025-07-15,22,5.0,7.0,0.5833333333333333,0,0.0,0.0,27.0
2025-07-15,23,3.0,3.0,0.5,1,90.9161822992483,22.729045574812076,68.0
2025-07-15,24,4.0,6.0,0.6,0,0.0,0.0,113.0
2025-07-16,2,1.0,7.0,0.875,0,0.0,0.0,17.0
2025-07-16,5,10.0,0.0,0.0,0,0.0,0.0,276.0
2025-07-16,7,4.0,0.0,0.0,1,77.0048079453963,19.251201986349074,44.0
2025-07-16,8,5.0,1.0,0.16666666666666663,0,0.0,0.0,86.0
2025-07-16,9,5.0,1.0,0.16666666666666663,1,298.7405306500381,74.68513266250953,45.0
2025-07-16,12,6.0,0.0,0.0,0,0.0,0.0,96.0
2025-07-16,13,10.2,5.8,0.3625,3,418.303958726544,104.575989681636,75.73333333333332
2025-07-16,17,2.0,6.0,0.75,0,0.0,0.0,84.0
2025-07-16,18,7.0,1.0,0.125,0,0.0,0.0,101.0
2025-07-16,22,2.0,10.0,0.8333333333333334,1,338.107205373085,84.52680134327125,63.0
2025-07-16,24,3.0,7.0,0.7,2,49.196137121430695,12.299034280357674,26.5
2025-07-16,25,2.0,10.0,0.8333333333333334,0,0.0,0.0,137.0
2025-07-17,3,16.0,0.0,0.0,1,19.72652137976249,4.931630344940623,70.0
2025-07-17,4,0.0,6.0,1.0,2,132.72259522832243,33.18064880708061,109.0
2025-07-17,5,4.0,6.0,0.6,0,0.0,0.0,64.0
2025-07-17,6,10.0,0.0,0.0,2,18.564524366100578,4.6411310915251445,96.0
2025-07-17,7,4.0,0.0,0.0,1,26.12579799083653,6.531449497709133,39.0
2025-07-17,8,1.0,5.0,0.8333333333333334,2,183.4258082392257,45.85645205980642,77.0
2025-07-17,9,4.0,2.0,0.33333333333333337,1,41.013525121355435,10.253381280338859,75.0
2025-07-17,12,2.0,4.0,0.6666666666666667,0,0.0,0.0,32.0
2025-07-17,14,10.0,2.0,0.16666666666666663,0,0.0,0.0,41.0
2025-07-17,15,6.0,4.0,0.4,0,0.0,0.0,34.0
2025-07-17,17,7.0,1.0,0.125,0,0.0,0.0,81.0
2025-07-17,19,1.0,3.0,0.75,1,220.34587011759987,55.08646752939997,239.0
2025-07-17,22,4.0,8.0,0.6666666666666667,1,14.232419487332965,3.5581048718332413,46.0
2025-07-18,3,13.0,3.0,0.1875,0,0.0,0.0,24.0
2025-07-18,5,1.0,9.0,0.9,3,103.99337548486429,25.998343871216072,104.33333333333333
2025-07-18,6,6.0,4.0,0.4,0,0.0,0.0,68.0
2025-07-18,9,1.0,5.0,0.8333333333333334,0,0.0,0.0,253.0
2025-07-18,10,8.5,1.5,0.14999999999999997,0,0.0,0.0,155.5
2025-07-18,11,8.0,2.0,0.2,2,63.21793503109322,15.804483757773305,101.25
2025-07-18,22,4.0,8.0,0.6666666666666667,0,0.0,0.0,75.0
2025-07-18,23,5.0,1.0,0.16666666666666663,1,66.59108483082242,16.647771207705606,105.0
2025-07-19,1,5.0,3.0,0.375,0,0.0,0.0,46.0
2025-07-19,3,13.0,3.0,0.1875,0,0.0,0.0,40.0
2025-07-19,4,3.0,3.0,0.5,1,27.8612595547345,6.965314888683625,15.0
2025-07-19,5,4.0,6.0,0.6,0,0.0,0.0,83.0
2025-07-19,8,2.5,3.5,0.5833333333333334,0,0.0,0.0,77.0
2025-07-19,9,3.0,3.0,0.5,0,0.0,0.0,44.0
2025-07-19,11,5.333333333333333,4.666666666666667,0.4666666666666666,4,123.15236482663093,30.788091206657732,134.44444444444446
2025-07-19,16,1.5,2.5,0.625,4,187.96064618295838,46.990161545739596,79.33333333333334
2025-07-19,17,4.0,4.0,0.5,0,0.0,0.0,263.0
2025-07-19,18,5.333333333333333,2.6666666666666665,0.3333333333333333,3,308.6821856872698,77.17054642181745,127.33333333333333
2025-07-19,23,5.0,1.0,0.16666666666666663,2,80.70821812655032,20.17705453163758,31.0
2025-07-20,3,14.0,2.0,0.125,4,242.72423227460303,60.681058068650756,113.0
2025-07-20,6,8.0,2.0,0.2,2,129.84174599692432,32.46043649923108,54.0
2025-07-20,10,10.0,0.0,0.0,0,0.0,0.0,94.0
2025-07-20,18,7.0,1.0,0.125,0,0.0,0.0,50.0
2025-07-20,19,2.0,2.0,0.5,1,42.036507300305075,10.509126825076269,93.0
2025-07-20,20,7.0,5.0,0.41666666666666663,1,21.088175835299822,5.2720439588249555,47.0
2025-07-21,8,2.0,4.0,0.6666666666666667,0,0.0,0.0,204.0
2025-07-21,9,3.0,3.0,0.5,1,96.56097217883408,24.14024304470852,93.0
2025-07-21,10,2.0,8.0,0.8,0,0.0,0.0,66.0
2025-07-21,13,14.0,2.0,0.125,0,0.0,0.0,45.0
2025-07-21,15,3.0,7.0,0.7,0,0.0,0.0,47.0
2025-07-21,16,1.0,3.0,0.75,0,0.0,0.0,93.0
2025-07-21,17,2.0,6.0,0.75,0,0.0,0.0,89.0
2025-07-21,18,7.0,1.0,0.125,1,79.68458464459654,19.921146161149135,104.0
2025-07-21,24,2.5,7.5,0.75,4,312.62048537813837,78.15512134453459,85.75
2025-07-22,2,1.0,7.0,0.875,0,0.0,0.0,112.0
2025-07-22,4,5.0,1.0,0.16666666666666663,0,0.0,0.0,167.0
2025-07-22,5,4.0,6.0,0.6000000000000001,1,68.1652047390845,17.041301184771125,92.0
2025-07-22,6,2.0,8.0,0.8,1,42.637982985176336,10.659495746294084,46.0
2025-07-22,8,5.0,1.0,0.16666666666666663,0,0.0,0.0,101.0
2025-07-22,12,2.0,4.0,0.6666666666666667,0,0.0,0.0,103.0
2025-07-22,14,5.0,7.0,0.5833333333333333,0,0.0,0.0,111.0
2025-07-22,15,4.0,6.0,0.6,0,0.0,0.0,53.0
2025-07-22,18,2.0,6.0,0.75,0,0.0,0.0,101.0
2025-07-22,21,2.5,1.5,0.375,2,55.96893057418249,13.992232643545622,102.5
2025-07-22,23,1.5,4.5,0.75,2,32.75804545200949,8.189511363002373,83.25
2025-07-22,25,12.0,0.0,0.0,1,64.05017429378049,16.01254357344512,56.0
2025-07-23,6,6.0,4.0,0.4,2,159.0838333652238,39.77095834130595,102.0
2025-07-23,7,4.0,0.0,0.0,1,22.65439198696602,5.663597996741505,68.0
2025-07-23,15,5.0,5.0,0.5,1,34.13625994614664,8.53406498653666,65.0
2025-07-23,16,3.0,1.0,0.25,1,24.302345735145245,6.075586433786311,34.0
2025-07-23,19,3.0,1.0,0.25,1,70.36915644721017,17.592289111802543,98.0
2025-07-23,22,7.0,5.0,0.4166666666666667,0,0.0,0.0,153.0
2025-07-23,24,7.0,3.0,0.30000000000000004,0,0.0,0.0,65.0
2025-07-24,3,4.0,12.0,0.75,0,0.0,0.0,96.0
2025-07-24,12,2.0,4.0,0.6666666666666667,1,142.28559783263944,35.57139945815986,213.0
2025-07-24,15,9.0,1.0,0.09999999999999998,0,0.0,0.0,49.0
2025-07-24,22,1.0,11.0,0.9166666666666666,0,0.0,0.0,78.0
2025-07-24,25,2.0,10.0,0.8333333333333334,0,0.0,0.0,65.0
2025-07-25,5,8.0,2.0,0.19999999999999996,0,0.0,0.0,33.0
2025-07-25,8,6.0,0.0,0.0,0,0.0,0.0,71.0
2025-07-25,10,10.0,0.0,0.0,0,0.0,0.0,79.0
2025-07-25,13,10.0,6.0,0.375,0,0.0,0.0,77.0
2025-07-25,14,4.0,8.0,0.6666666666666667,0,0.0,0.0,41.0
2025-07-25,18,1.0,7.0,0.875,3,182.3015034854452,45.5753758713613,210.33333333333334
2025-07-25,21,0.0,4.0,1.0,0,0.0,0.0,118.0
2025-07-25,22,6.5,5.5,0.45833333333333337,0,0.0,0.0,62.5
2025-07-26,1,7.0,1.0,0.125,1,39.00680038604961,9.751700096512403,107.0
2025-07-26,2,8.0,0.0,0.0,0,0.0,0.0,71.0
2025-07-26,3,15.0,1.0,0.0625,1,30.806401051179996,7.701600262794999,91.0
2025-07-26,8,3.0,3.0,0.5,0,0.0,0.0,25.0
2025-07-26,13,8.0,8.0,0.5,1,46.58944770563521,11.647361926408802,200.0
2025-07-26,16,4.0,0.0,0.0,0,0.0,0.0,33.0
2025-07-26,19,2.0,2.0,0.5,2,51.631607604592716,12.907901901148179,135.5
2025-07-26,20,7.0,5.0,0.41666666666666663,1,51.168438922662105,12.792109730665526,110.0
2025-07-26,22,8.0,4.0,0.33333333333333337,0,0.0,0.0,84.0
2025-07-26,24,5.0,5.0,0.5,0,0.0,0.0,46.0
2025-07-27,2,6.0,2.0,0.25,0,0.0,0.0,267.0
2025-07-27,4,3.0,3.0,0.5,0,0.0,0.0,81.0
2025-07-27,5,7.0,3.0,0.30000000000000004,2,37.78230996812479,9.445577492031198,66.5
2025-07-27,7,4.0,0.0,0.0,1,7.253937929875323,1.8134844824688308,88.0
2025-07-27,9,3.0,3.0,0.5,0,0.0,0.0,33.0
2025-07-27,10,5.5,4.5,0.45,2,135.14612995879872,33.78653248969968,87.5
2025-07-27,14,6.0,6.0,0.5,0,0.0,0.0,73.0
2025-07-27,16,2.0,2.0,0.5,2,84.46937497215052,21.11734374303763,57.5
2025-07-27,17,4.0,4.0,0.5,1,18.52468394222485,4.631170985556213,299.0
2025-07-27,20,5.0,7.0,0.5833333333333333,0,0.0,0.0,33.0
2025-07-27,21,2.5,1.5,0.375,1,30.17100191512953,7.5427504787823825,109.0
2025-07-27,22,7.0,5.0,0.41666666666666663,4,331.7504862037795,82.93762155094487,56.75
2025-07-28,1,5.0,3.0,0.375,0,0.0,0.0,110.0
2025-07-28,3,15.5,0.5,0.03125,0,0.0,0.0,38.0
2025-07-28,4,5.0,1.0,0.16666666666666663,0,0.0,0.0,73.0
2025-07-28,5,3.0,7.0,0.7,0,0.0,0.0,158.0
2025-07-28,7,1.0,3.0,0.75,0,0.0,0.0,36.0
2025-07-28,10,1.0,9.0,0.9,2,196.12491448623507,49.03122862155877,192.0
2025-07-28,11,10.0,0.0,0.0,1,50.22427628498934,12.556069071247334,113.0
2025-07-28,13,15.0,1.0,0.0625,0,0.0,0.0,65.0
2025-07-28,19,1.0,3.0,0.75,1,148.23951062621165,37.05987765655291,89.0
2025-07-29,2,3.0,5.0,0.625,1,73.05570415484638,18.263926038711595,93.0
2025-07-29,3,5.0,11.0,0.6875,1,43.233362826836604,10.808340706709151,65.0
2025-07-29,4,3.0,3.0,0.5,0,0.0,0.0,27.0
2025-07-29,7,2.0,2.0,0.5,1,132.51008313478832,33.12752078369708,297.0
2025-07-29,10,2.0,8.0,0.8,1,117.35300389416689,29.338250973541722,32.0
2025-07-29,11,6.0,4.0,0.4,2,173.44790202980982,43.361975507452456,65.0
2025-07-29,12,5.0,1.0,0.16666666666666663,1,8.623357148369033,2.1558392870922582,98.0
2025-07-29,13,10.0,6.0,0.375,0,0.0,0.0,64.5
2025-07-29,16,2.0,2.0,0.5,1,68.75379322495698,17.188448306239245,19.0
2025-07-29,20,7.0,5.0,0.41666666666666663,1,214.3313234192405,53.582830854810126,89.0
2025-07-29,22,7.0,5.0,0.41666666666666663,0,0.0,0.0,65.0
2025-07-29,25,4.0,8.0,0.6666666666666667,0,0.0,0.0,45.0
2025-07-30,1,4.0,4.0,0.5,1,21.254931520211244,5.313732880052811,114.0
2025-07-30,3,15.0,1.0,0.0625,0,0.0,0.0,21.0
2025-07-30,10,9.0,1.0,0.09999999999999998,0,0.0,0.0,79.0
2025-07-30,13,15.0,1.0,0.0625,0,0.0,0.0,43.0
2025-07-30,16,1.0,3.0,0.75,0,0.0,0.0,35.0
2025-07-30,19,3.0,1.0,0.25,2,57.57458417435517,14.393646043588792,122.25
2025-07-30,21,1.0,3.0,0.75,0,0.0,0.0,74.0
2025-07-30,22,1.0,11.0,0.9166666666666666,0,0.0,0.0,294.0
2025-07-31,1,7.0,1.0,0.125,0,0.0,0.0,106.0
2025-07-31,4,1.0,5.0,0.8333333333333334,0,0.0,0.0,50.0
2025-07-31,6,10.0,0.0,0.0,1,28.10293613040107,7.025734032600267,38.0
2025-07-31,7,4.0,0.0,0.0,0,0.0,0.0,102.5
2025-07-31,9,5.0,1.0,0.16666666666666663,2,80.21166355191357,20.052915887978394,66.5
2025-07-31,10,3.0,7.0,0.7,0,0.0,0.0,241.0
2025-07-31,17,6.0,2.0,0.25,0,0.0,0.0,44.0
2025-07-31,18,2.0,6.0,0.75,0,0.0,0.0,116.0
2025-07-31,21,2.5,1.5,0.375,2,127.22243435755465,31.80560858938866,98.5
2025-07-31,22,5.333333333333333,6.666666666666667,0.5555555555555555,2,221.32549747055427,55.33137436763857,58.0
2025-07-31,24,2.5,7.5,0.75,3,182.6173358570191,45.654333964254775,60.25
2025-07-31,25,4.0,8.0,0.6666666666666667,2,109.66176377624228,27.41544094406057,120.5
2025-08-01,1,2.0,6.0,0.75,0,0.0,0.0,75.0
2025-08-01,2,2.0,6.0,0.75,1,106.27732301678746,26.569330754196866,118.0
2025-08-01,4,3.5,2.5,0.4166666666666667,0,0.0,0.0,105.5
2025-08-01,10,10.0,0.0,0.0,2,36.79796821511401,9.199492053778503,177.5
2025-08-01,11,4.0,6.0,0.6,6,475.5538602116552,118.8884650529138,71.0
2025-08-01,12,2.0,4.0,0.6666666666666667,1,20.171325711191123,5.042831427797781,113.0
2025-08-01,13,8.0,8.0,0.5,0,0.0,0.0,108.0
2025-08-01,15,3.0,7.0,0.7,4,196.23100067885272,49.05775016971318,90.75
2025-08-01,18,1.0,7.0,0.875,0,0.0,0.0,52.0
2025-08-01,19,1.0,3.0,0.75,0,0.0,0.0,84.0
2025-08-01,23,6.0,0.0,0.0,0,0.0,0.0,34.0
2025-08-01,24,5.5,4.5,0.45,2,93.22271144254199,23.305677860635498,53.5
2025-08-02,4,4.0,2.0,0.3333333333333333,2,66.70861887629567,16.67715471907392,128.0
2025-08-02,12,4.0,2.0,0.3333333333333333,3,220.252810504444,55.063202626111,56.0
2025-08-02,15,9.0,1.0,0.09999999999999998,0,0.0,0.0,40.0
2025-08-02,19,2.0,2.0,0.5,1,28.74283372832279,7.185708432080697,81.0
2025-08-02,21,2.6666666666666665,1.3333333333333333,0.3333333333333333,1,24.004822410600628,6.001205602650157,121.33333333333333
2025-08-02,24,6.5,3.5,0.35,1,101.4324859251075,25.358121481276875,85.0
2025-08-02,25,7.0,5.0,0.41666666666666663,0,0.0,0.0,55.0
2025-08-03,1,6.0,2.0,0.25,1,60.10530799019469,15.026326997548672,60.0
2025-08-03,4,3.0,3.0,0.5,1,37.61451466638544,9.40362866659636,16.0
2025-08-03,10,5.0,5.0,0.5,1,47.6638186385646,11.91595465964115,79.0
2025-08-03,12,4.0,2.0,0.33333333333333337,1,20.793283902370213,5.198320975592553,103.0
2025-08-03,14,5.0,7.0,0.5833333333333333,0,0.0,0.0,117.0
2025-08-03,15,9.0,1.0,0.09999999999999998,2,52.320687830262095,13.080171957565524,95.5
2025-08-03,16,2.0,2.0,0.5,0,0.0,0.0,200.0
2025-08-03,19,2.0,2.0,0.5,1,34.06805053392697,8.517012633481743,106.0
2025-08-03,22,4.0,8.0,0.6666666666666667,0,0.0,0.0,30.0
2025-08-03,24,5.0,5.0,0.5,1,107.7317262123871,26.932931553096775,84.0
2025-08-04,7,1.0,3.0,0.75,0,0.0,0.0,50.0
2025-08-04,13,5.0,11.0,0.6875,4,253.57078439437424,63.39269609859356,78.25
2025-08-04,14,10.0,2.0,0.16666666666666663,1,25.86804482783313,6.467011206958283,106.0
2025-08-04,16,2.0,2.0,0.5,2,145.00388264102693,36.25097066025673,117.33333333333333
2025-08-04,20,11.0,1.0,0.08333333333333337,2,59.36473374665438,14.841183436663595,53.0
2025-08-04,21,0.0,4.0,1.0,0,0.0,0.0,85.0
2025-08-04,25,11.0,1.0,0.08333333333333337,0,0.0,0.0,112.0
2025-08-05,1,2.0,6.0,0.75,0,0.0,0.0,81.0
2025-08-05,2,1.0,7.0,0.875,0,0.0,0.0,36.0
2025-08-05,14,3.0,9.0,0.75,0,0.0,0.0,36.0
2025-08-05,16,1.0,3.0,0.75,0,0.0,0.0,56.0
2025-08-05,17,2.0,6.0,0.75,0,0.0,0.0,42.0
2025-08-05,19,1.0,3.0,0.75,1,4.982094085859951,1.2455235214649878,85.0
2025-08-05,24,3.0,7.0,0.7,4,82.0448533471824,20.5112133367956,39.25
2025-08-06,1,3.0,5.0,0.625,2,78.50141602571756,19.62535400642939,46.5
2025-08-06,5,1.0,9.0,0.9,2,61.4704217955517,15.367605448887925,49.5
2025-08-06,6,10.0,0.0,0.0,0,0.0,0.0,22.0
2025-08-06,8,2.0,4.0,0.6666666666666667,3,199.97355349511565,49.99338837377891,32.666666666666664
2025-08-06,11,3.0,7.0,0.7,0,0.0,0.0,30.0
2025-08-06,12,2.0,4.0,0.6666666666666667,2,163.94221417951158,40.985553544877895,70.5
2025-08-06,13,14.0,2.0,0.125,0,0.0,0.0,64.0
2025-08-06,14,5.5,6.5,0.5416666666666666,0,0.0,0.0,116.0
2025-08-06,21,2.5,1.5,0.375,2,397.85323177578493,99.46330794394623,134.0
2025-08-06,22,12.0,0.0,0.0,0,0.0,0.0,89.0
2025-08-06,25,7.0,5.0,0.41666666666666663,1,12.640429755654194,3.1601074389135486,51.0
2025-08-07,1,8.0,0.0,0.0,1,37.453634553401955,9.363408638350489,96.0
2025-08-07,2,7.5,0.5,0.0625,1,15.80250431807524,3.95062607951881,55.5
2025-08-07,4,1.0,5.0,0.8333333333333334,0,0.0,0.0,217.0
2025-08-07,6,4.0,6.0,0.6,0,0.0,0.0,147.0
2025-08-07,7,4.0,0.0,0.0,1,51.029782709476024,12.757445677369006,117.0
2025-08-07,8,2.0,4.0,0.6666666666666667,0,0.0,0.0,28.0
2025-08-07,9,4.0,2.0,0.33333333333333337,0,0.0,0.0,91.0
2025-08-07,12,2.0,4.0,0.6666666666666667,0,0.0,0.0,119.0
2025-08-07,13,6.0,10.0,0.625,1,18.07309692206106,4.518274230515265,18.0
2025-08-07,14,9.5,2.5,0.20833333333333331,3,94.87347682847562,23.718369207118904,129.75
2025-08-07,15,10.0,0.0,0.0,0,0.0,0.0,15.0
2025-08-07,16,3.0,1.0,0.25,1,27.390467702933314,6.847616925733329,84.0
2025-08-07,17,1.0,7.0,0.875,0,0.0,0.0,31.0
2025-08-07,18,7.0,1.0,0.125,0,0.0,0.0,218.0
2025-08-07,19,3.0,1.0,0.25,1,104.85596627104519,26.213991567761298,39.0
2025-08-07,21,2.0,2.0,0.5,0,0.0,0.0,84.0
2025-08-07,23,4.0,2.0,0.33333333333333337,0,0.0,0.0,66.5
2025-08-07,25,7.0,5.0,0.41666666666666663,0,0.0,0.0,17.0
2025-08-08,3,4.0,12.0,0.75,3,137.2799882377296,34.3199970594324,165.0
2025-08-08,5,7.333333333333333,2.6666666666666665,0.26666666666666666,2,118.31701644606589,29.579254111516473,73.33333333333333
2025-08-08,6,3.0,7.0,0.7,1,41.735771979864346,10.433942994966086,54.0
2025-08-08,11,8.0,2.0,0.19999999999999996,0,0.0,0.0,24.0
2025-08-08,13,10.5,5.5,0.34375,0,0.0,0.0,201.5
2025-08-08,17,8.0,0.0,0.0,0,0.0,0.0,21.0
2025-08-08,20,10.0,2.0,0.16666666666666663,2,93.65093081172431,23.412732702931077,128.5
2025-08-08,21,2.0,2.0,0.5,1,56.44347664301229,14.110869160753072,18.0
2025-08-08,23,3.0,3.0,0.5,1,80.59874786317961,20.149686965794903,17.0
2025-08-08,24,6.0,4.0,0.4,1,46.33789977081201,11.584474942703002,117.0
2025-08-09,1,5.0,3.0,0.375,1,30.265374683394864,7.566343670848716,36.0
2025-08-09,5,10.0,0.0,0.0,1,73.13569160798812,18.28392290199703,38.0
2025-08-09,6,6.0,4.0,0.4,0,0.0,0.0,73.0
2025-08-09,7,3.0,1.0,0.25,1,41.84463425955896,10.46115856488974,97.0
2025-08-09,8,3.0,3.0,0.5,1,14.618751353337899,3.6546878383344747,90.0
2025-08-09,9,6.0,0.0,0.0,0,0.0,0.0,97.0
2025-08-09,10,8.0,2.0,0.19999999999999996,0,0.0,0.0,91.0
2025-08-09,11,6.0,4.0,0.4,1,35.18415260644851,8.796038151612127,78.0
2025-08-09,12,4.0,2.0,0.33333333333333337,0,0.0,0.0,81.0
2025-08-09,14,4.0,8.0,0.6666666666666667,0,0.0,0.0,167.0
2025-08-09,17,4.5,3.5,0.4375,1,91.10806653007295,22.777016632518237,70.5
2025-08-09,20,11.0,1.0,0.08333333333333337,0,0.0,0.0,21.0
2025-08-09,22,8.0,4.0,0.3333333333333333,2,72.48432196244268,18.12108049061067,141.25
2025-08-09,25,8.0,4.0,0.33333333333333337,0,0.0,0.0,236.0
2025-08-10,1,3.0,5.0,0.625,2,93.64244092457653,23.410610231144133,84.5
2025-08-10,9,3.0,3.0,0.5,0,0.0,0.0,37.0
2025-08-10,10,6.0,4.0,0.4,1,23.129235661126938,5.782308915281734,31.0
2025-08-10,11,10.0,0.0,0.0,0,0.0,0.0,99.0
2025-08-10,17,4.5,3.5,0.4375,3,278.0819562225049,69.52048905562623,78.5
2025-08-10,19,2.0,2.0,0.5,1,16.170496392934005,4.042624098233501,34.0
2025-08-10,21,4.0,0.0,0.0,0,0.0,0.0,107.0
2025-08-10,24,6.0,4.0,0.4,0,0.0,0.0,59.0
2025-08-11,2,1.0,7.0,0.875,1,39.35150989551786,9.837877473879464,56.0
2025-08-11,3,12.0,4.0,0.25,0,0.0,0.0,102.0
2025-08-11,6,9.0,1.0,0.09999999999999998,1,44.05011612858858,11.012529032147144,23.0
2025-08-11,8,3.0,3.0,0.5,2,195.82856968256988,48.95714242064247,51.5
2025-08-11,10,3.0,7.0,0.7,0,0.0,0.0,132.0
2025-08-11,12,6.0,0.0,0.0,0,0.0,0.0,100.5
2025-08-11,13,3.0,13.0,0.8125,4,139.97198712932388,34.99299678233097,59.75
2025-08-11,15,10.0,0.0,0.0,0,0.0,0.0,31.0
2025-08-11,17,7.0,1.0,0.125,0,0.0,0.0,74.0
2025-08-11,20,2.0,10.0,0.8333333333333334,1,17.42724420860312,4.35681105215078,260.0
2025-08-11,21,1.0,3.0,0.75,0,0.0,0.0,59.0
2025-08-11,22,3.0,9.0,0.75,0,0.0,0.0,99.5
2025-08-11,23,2.0,4.0,0.6666666666666667,0,0.0,0.0,47.0
2025-08-11,25,3.3333333333333335,8.666666666666666,0.7222222222222223,2,93.04182535511487,23.260456338778717,54.666666666666664
2025-08-12,1,0.0,8.0,1.0,1,5.1731876165185255,1.2932969041296314,31.0
2025-08-12,3,16.0,0.0,0.0,0,0.0,0.0,99.0
2025-08-12,8,6.0,0.0,0.0,0,0.0,0.0,62.0
2025-08-12,12,2.0,4.0,0.6666666666666667,1,79.59336589956342,19.898341474890856,57.0
2025-08-12,14,4.0,8.0,0.6666666666666667,1,75.02988076154634,18.757470190386584,88.0
2025-08-12,18,7.0,1.0,0.125,0,0.0,0.0,22.0
2025-08-12,21,1.0,3.0,0.75,1,11.885987925575387,2.9714969813938468,80.0
2025-08-12,23,6.0,0.0,0.0,0,0.0,0.0,73.0
2025-08-13,3,6.666666666666667,9.333333333333334,0.5833333333333334,6,411.8967826412987,102.97419566032468,114.41666666666667
2025-08-13,6,2.0,8.0,0.8,2,69.5788887112617,17.394722177815424,33.0
2025-08-13,7,1.0,3.0,0.75,1,12.613307128025303,3.1533267820063258,20.0
2025-08-13,9,4.0,2.0,0.33333333333333337,0,0.0,0.0,66.0
2025-08-13,10,2.0,8.0,0.8,0,0.0,0.0,37.0
2025-08-13,12,4.0,2.0,0.33333333333333337,0,0.0,0.0,86.0
2025-08-13,13,14.0,2.0,0.125,0,0.0,0.0,75.0
2025-08-13,14,7.0,5.0,0.4166666666666667,0,0.0,0.0,98.0
2025-08-13,17,3.0,5.0,0.625,0,0.0,0.0,31.0
2025-08-13,19,4.0,0.0,0.0,1,33.69179448468892,8.42294862117223,66.0
2025-08-13,20,3.0,9.0,0.75,1,60.27054662505533,15.067636656263833,82.0
2025-08-13,21,1.0,3.0,0.75,0,0.0,0.0,22.0
2025-08-14,1,3.0,5.0,0.625,0,0.0,0.0,203.0
2025-08-14,2,8.0,0.0,0.0,1,145.84930027866943,36.46232506966736,51.0
2025-08-14,3,7.666666666666667,8.333333333333334,0.5208333333333334,1,74.62533071206813,18.656332678017034,26.0
2025-08-14,5,5.666666666666667,4.333333333333333,0.4333333333333333,5,506.8450763293744,126.7112690823436,70.5
2025-08-14,7,1.0,3.0,0.75,0,0.0,0.0,90.5
2025-08-14,10,6.0,4.0,0.4,0,0.0,0.0,102.0
2025-08-14,11,4.0,6.0,0.6,0,0.0,0.0,74.0
2025-08-14,12,2.0,4.0,0.6666666666666667,0,0.0,0.0,40.5
2025-08-14,13,4.0,12.0,0.75,0,0.0,0.0,108.0
2025-08-14,15,4.0,6.0,0.6,3,122.50601463917025,30.62650365979256,41.666666666666664
2025-08-14,17,5.5,2.5,0.3125,3,235.428086935193,58.85702173379825,116.0
2025-08-14,18,3.0,5.0,0.625,0,0.0,0.0,71.0
2025-08-14,21,1.0,3.0,0.75,1,35.81221411528936,8.95305352882234,78.0
2025-08-14,23,3.5,2.5,0.4166666666666667,0,0.0,0.0,149.0
2025-08-14,25,12.0,0.0,0.0,1,118.1043433606431,29.526085840160775,118.0
2025-08-15,3,9.0,7.0,0.4375,0,0.0,0.0,92.0
2025-08-15,5,1.0,9.0,0.9,2,153.28016457612839,38.320041144032096,64.0
2025-08-15,6,4.0,6.0,0.6,0,0.0,0.0,54.0
2025-08-15,10,5.5,4.5,0.44999999999999996,0,0.0,0.0,63.5
2025-08-15,15,2.0,8.0,0.8,1,86.87046336342443,21.71761584085611,81.0
2025-08-15,17,5.0,3.0,0.375,0,0.0,0.0,80.0
2025-08-15,18,6.0,2.0,0.25,0,0.0,0.0,159.0
2025-08-15,19,0.0,4.0,1.0,2,50.224645200487046,12.556161300121762,51.5
2025-08-15,21,1.0,3.0,0.75,0,0.0,0.0,65.0
2025-08-15,23,5.5,0.5,0.08333333333333331,2,88.3797130418198,22.09492826045495,66.5
2025-08-15,24,6.5,3.5,0.35,0,0.0,0.0,81.5
2025-08-15,25,1.0,11.0,0.9166666666666666,3,203.94641850548754,50.986604626371886,94.66666666666667
2025-08-16,3,16.0,0.0,0.0,3,216.99408186085924,54.24852046521481,137.66666666666666
2025-08-16,5,6.0,4.0,0.4,1,36.930142845066875,9.232535711266719,98.0
2025-08-16,6,10.0,0.0,0.0,2,308.2329679850664,77.0582419962666,75.5
2025-08-16,7,2.0,2.0,0.5,0,0.0,0.0,84.0
2025-08-16,8,2.5,3.5,0.5833333333333334,9,535.6650039414149,133.9162509853537,84.91666666666666
2025-08-16,9,3.0,3.0,0.5,0,0.0,0.0,51.0
2025-08-16,10,5.0,5.0,0.5,0,0.0,0.0,51.0
2025-08-16,12,3.0,3.0,0.5,0,0.0,0.0,112.0
2025-08-16,15,4.0,6.0,0.6,2,137.94641960175318,34.486604900438294,54.5
2025-08-16,17,8.0,0.0,0.0,0,0.0,0.0,50.0
2025-08-16,18,6.0,2.0,0.25,0,0.0,0.0,19.0
2025-08-16,19,4.0,0.0,0.0,1,57.65531848755183,14.413829621887958,65.0
2025-08-16,22,4.0,8.0,0.6666666666666667,0,0.0,0.0,109.0
2025-08-17,1,4.0,4.0,0.5,0,0.0,0.0,90.0
2025-08-17,2,4.0,4.0,0.5,0,0.0,0.0,221.0
2025-08-17,3,10.0,6.0,0.375,2,324.04340320163874,81.01085080040968,69.5
2025-08-17,4,3.0,3.0,0.5,3,177.1277967842365,44.281949196059124,76.33333333333333
2025-08-17,5,9.0,1.0,0.09999999999999998,1,74.0507270862847,18.512681771571174,100.0
2025-08-17,6,9.0,1.0,0.10000000000000002,0,0.0,0.0,78.0
2025-08-17,8,3.0,3.0,0.5,2,100.00961261122757,25.00240315280689,156.0
2025-08-17,9,3.0,3.0,0.5,1,63.065557003516005,15.766389250879001,16.0
2025-08-17,25,9.0,3.0,0.25,0,0.0,0.0,21.0
2025-08-18,5,4.0,6.0,0.6,0,0.0,0.0,86.0
2025-08-18,7,0.0,4.0,1.0,0,0.0,0.0,216.0
2025-08-18,9,2.0,4.0,0.6666666666666667,1,38.478404136051196,9.619601034012799,71.0
2025-08-18,10,7.0,3.0,0.30000000000000004,0,0.0,0.0,91.0
2025-08-18,13,10.0,6.0,0.375,0,0.0,0.0,114.0
2025-08-18,14,5.0,7.0,0.5833333333333333,1,20.60213390563484,5.15053347640871,77.0
2025-08-18,15,5.0,5.0,0.5,0,0.0,0.0,28.0
2025-08-18,16,1.5,2.5,0.625,1,35.74498487679027,8.936246219197567,149.0
2025-08-18,17,5.333333333333333,2.6666666666666665,0.3333333333333333,4,222.26746327767563,55.56686581941891,37.77777777777778
2025-08-18,18,2.0,6.0,0.75,1,36.327666923386346,9.081916730846586,116.0
2025-08-18,19,3.0,1.0,0.25,1,17.827493706089673,4.456873426522418,20.0
2025-08-18,23,2.0,4.0,0.6666666666666667,0,0.0,0.0,64.0
2025-08-19,2,1.5,6.5,0.8125,1,51.53612068290356,12.88403017072589,50.5
2025-08-19,5,2.0,8.0,0.8,0,0.0,0.0,107.0
2025-08-19,7,4.0,0.0,0.0,0,0.0,0.0,53.0
2025-08-19,10,10.0,0.0,0.0,3,424.5717185691458,106.14292964228645,146.0
2025-08-19,16,3.0,1.0,0.25,1,31.06249811812213,7.765624529530532,79.0
2025-08-19,22,2.0,10.0,0.8333333333333334,0,0.0,0.0,116.0
2025-08-20,4,2.0,4.0,0.6666666666666667,0,0.0,0.0,161.0
2025-08-20,6,1.5,8.5,0.8500000000000001,2,283.9048078722022,70.97620196805055,79.25
2025-08-20,8,5.0,1.0,0.16666666666666663,1,87.33910957484228,21.83477739371057,75.0
2025-08-20,19,2.0,2.0,0.5,1,65.72574953224378,16.431437383060945,274.0
2025-08-20,20,7.5,4.5,0.37500000000000006,3,114.02813340672687,28.507033351681716,100.0
2025-08-20,21,1.0,3.0,0.75,0,0.0,0.0,100.0
2025-08-20,22,2.0,10.0,0.8333333333333334,2,34.601725362866155,8.650431340716539,80.5
2025-08-20,23,2.0,4.0,0.6666666666666667,1,49.59517644026189,12.398794110065472,128.0
2025-08-20,24,3.3333333333333335,6.666666666666667,0.6666666666666666,1,8.254912698720346,2.0637281746800866,45.333333333333336
2025-08-21,2,1.0,7.0,0.875,0,0.0,0.0,46.0
2025-08-21,3,9.0,7.0,0.4375,0,0.0,0.0,96.0
2025-08-21,4,5.0,1.0,0.16666666666666663,0,0.0,0.0,73.0
2025-08-21,5,10.0,0.0,0.0,0,0.0,0.0,99.0
2025-08-21,7,0.0,4.0,1.0,0,0.0,0.0,35.0
2025-08-21,8,3.25,2.75,0.45833333333333337,3,161.03243528088186,40.258108820220464,74.0
2025-08-21,11,3.0,7.0,0.7,0,0.0,0.0,29.0
2025-08-21,14,12.0,0.0,0.0,2,143.1415771216646,35.78539428041615,86.5
2025-08-21,16,1.5,2.5,0.625,1,94.93853060216831,23.73463265054208,40.0
2025-08-21,17,1.0,7.0,0.875,0,0.0,0.0,29.0
2025-08-21,19,2.0,2.0,0.5,0,0.0,0.0,212.0
2025-08-21,20,9.0,3.0,0.25,0,0.0,0.0,78.0
2025-08-21,22,3.0,9.0,0.75,0,0.0,0.0,280.0
2025-08-21,23,1.0,5.0,0.8333333333333334,2,156.93652158657954,39.234130396644886,44.0
2025-08-22,1,8.0,0.0,0.0,0,0.0,0.0,31.0
2025-08-22,3,15.0,1.0,0.0625,0,0.0,0.0,39.0
2025-08-22,5,3.0,7.0,0.7,0,0.0,0.0,59.0
2025-08-22,9,1.0,5.0,0.8333333333333334,0,0.0,0.0,76.0
2025-08-22,10,2.0,8.0,0.8,1,25.030545031767332,6.257636257941833,18.0
2025-08-22,11,4.0,6.0,0.6000000000000001,1,63.72850330433557,15.932125826083892,65.5
2025-08-22,17,2.0,6.0,0.75,0,0.0,0.0,21.0
2025-08-22,21,3.5,0.5,0.125,2,185.77212106669987,46.44303026667497,48.75
2025-08-22,24,4.5,5.5,0.55,0,0.0,0.0,150.0
2025-08-22,25,5.0,7.0,0.5833333333333333,1,75.32621907650497,18.831554769126242,74.5
2025-08-23,1,4.0,4.0,0.5,1,45.42328975441213,11.355822438603033,39.0
2025-08-23,2,5.0,3.0,0.375,3,150.49043754377865,37.62260938594466,40.25
2025-08-23,9,6.0,0.0,0.0,0,0.0,0.0,56.0
2025-08-23,10,5.0,5.0,0.5,1,19.751250414995226,4.937812603748807,43.0
2025-08-23,11,8.5,1.5,0.15000000000000002,2,125.39513337259035,31.348783343147588,41.0
2025-08-23,23,3.0,3.0,0.5,0,0.0,0.0,27.0
2025-08-24,2,4.0,4.0,0.5,1,48.31129035330282,12.077822588325706,97.0
2025-08-24,6,8.0,2.0,0.19999999999999996,1,67.67170671832845,16.917926679582113,59.0
2025-08-24,9,3.0,3.0,0.5,2,73.71177610263531,18.427944025658828,72.5
2025-08-24,10,4.0,6.0,0.6,1,165.77396294066887,41.44349073516722,39.0
2025-08-24,11,6.0,4.0,0.4,0,0.0,0.0,17.0
2025-08-24,12,6.0,0.0,0.0,1,6.1311093241180465,1.5327773310295116,66.0
2025-08-24,14,7.0,5.0,0.41666666666666663,0,0.0,0.0,88.0
2025-08-24,15,6.5,3.5,0.35,0,0.0,0.0,31.0
2025-08-24,18,4.5,3.5,0.4375,0,0.0,0.0,90.5
2025-08-24,20,12.0,0.0,0.0,0,0.0,0.0,53.0
2025-08-24,23,4.5,1.5,0.25,0,0.0,0.0,43.0
2025-08-24,25,7.0,5.0,0.41666666666666663,0,0.0,0.0,34.0
2025-08-25,1,4.5,3.5,0.4375,2,67.37606287069296,16.84401571767324,94.0
2025-08-25,2,5.0,3.0,0.375,0,0.0,0.0,22.0
2025-08-25,3,13.0,3.0,0.1875,0,0.0,0.0,205.0
2025-08-25,10,9.0,1.0,0.09999999999999998,0,0.0,0.0,32.0
2025-08-25,11,3.0,7.0,0.7,0,0.0,0.0,21.0
2025-08-25,12,1.0,5.0,0.8333333333333334,2,306.9814529526102,76.74536323815255,65.5
2025-08-25,15,7.0,3.0,0.3,1,15.312188050096607,3.8280470125241517,105.5
2025-08-25,18,6.0,2.0,0.25,1,28.997982623006763,7.249495655751691,73.0
2025-08-25,21,2.0,2.0,0.5,5,310.6823653665224,77.6705913416306,64.625
2025-08-25,22,4.0,8.0,0.6666666666666667,0,0.0,0.0,98.0
2025-08-26,3,3.0,13.0,0.8125,0,0.0,0.0,119.0
2025-08-26,9,6.0,0.0,0.0,0,0.0,0.0,262.0
2025-08-26,11,2.0,8.0,0.8,0,0.0,0.0,35.0
2025-08-26,12,5.0,1.0,0.16666666666666663,0,0.0,0.0,156.0
2025-08-26,13,2.0,14.0,0.875,2,181.96150855822395,45.49037713955599,62.0
2025-08-26,15,2.0,8.0,0.8,0,0.0,0.0,50.0
2025-08-26,22,2.0,10.0,0.8333333333333334,0,0.0,0.0,21.0
2025-08-26,24,3.0,7.0,0.7,2,94.86975082083106,23.717437705207765,46.5
2025-08-27,5,6.0,4.0,0.4,0,0.0,0.0,25.0
2025-08-27,7,1.0,3.0,0.75,0,0.0,0.0,22.0
2025-08-27,8,4.0,2.0,0.33333333333333337,0,0.0,0.0,102.5
2025-08-27,10,10.0,0.0,0.0,0,0.0,0.0,40.0
2025-08-27,11,8.0,2.0,0.19999999999999996,0,0.0,0.0,15.0
2025-08-27,13,4.0,12.0,0.75,4,274.064510648062,68.5161276620155,65.25
2025-08-27,14,10.0,2.0,0.16666666666666663,1,67.73501949045315,16.93375487261329,61.0
2025-08-27,15,4.5,5.5,0.55,1,115.7580242114462,28.93950605286155,64.0
2025-08-27,16,3.0,1.0,0.25,1,38.14984695483385,9.537461738708462,34.0
2025-08-27,17,2.0,6.0,0.75,1,30.60880066323614,7.652200165809035,74.0
2025-08-27,20,4.0,8.0,0.6666666666666667,0,0.0,0.0,256.0
2025-08-27,22,11.0,1.0,0.08333333333333337,0,0.0,0.0,34.0
2025-08-27,23,2.0,4.0,0.6666666666666667,1,79.14048564060587,19.78512141015147,87.0
2025-08-28,1,2.0,6.0,0.75,2,237.6523100456521,59.41307751141302,112.0
2025-08-28,3,14.5,1.5,0.09375,1,98.77646179649932,24.69411544912483,67.0
2025-08-28,6,8.0,2.0,0.2,1,27.689055957060127,6.922263989265032,102.5
2025-08-28,8,2.0,4.0,0.6666666666666667,3,406.12719447388366,101.53179861847092,133.66666666666666
2025-08-28,10,2.0,8.0,0.8,0,0.0,0.0,16.0
2025-08-28,12,2.0,4.0,0.6666666666666667,1,30.813505805288678,7.703376451322169,94.0
2025-08-28,18,3.0,5.0,0.625,0,0.0,0.0,22.0
2025-08-28,24,4.0,6.0,0.6,0,0.0,0.0,57.0
2025-08-29,2,2.0,6.0,0.75,0,0.0,0.0,55.0
2025-08-29,3,4.0,12.0,0.75,2,128.065048649936,32.016262162484,171.0
2025-08-29,4,2.0,4.0,0.6666666666666667,4,217.629961043139,54.40749026078475,77.0
2025-08-29,8,6.0,0.0,0.0,0,0.0,0.0,24.0
2025-08-29,11,10.0,0.0,0.0,0,0.0,0.0,90.0
2025-08-29,12,1.0,5.0,0.8333333333333334,0,0.0,0.0,112.0
2025-08-29,15,3.0,7.0,0.7,0,0.0,0.0,20.0
2025-08-29,17,3.5,4.5,0.5625,3,329.4528904958851,82.36322262397127,33.75
2025-08-29,18,1.0,7.0,0.875,0,0.0,0.0,88.0
2025-08-29,23,1.0,5.0,0.8333333333333334,1,95.50965719038923,23.87741429759731,15.0
2025-08-30,3,8.0,8.0,0.5,2,158.15931521047332,39.53982880261833,99.5
2025-08-30,10,4.0,6.0,0.6,0,0.0,0.0,41.0
2025-08-30,12,3.0,3.0,0.5,0,0.0,0.0,39.0
2025-08-30,13,8.0,8.0,0.5,1,13.093017051081654,3.2732542627704135,115.0
2025-08-30,14,9.0,3.0,0.25,1,113.6563107001813,28.414077675045323,76.5
2025-08-30,15,5.5,4.5,0.45,2,112.8953270346323,28.223831758658076,149.0
2025-08-30,16,3.0,1.0,0.25,0,0.0,0.0,143.0
2025-08-30,17,4.0,4.0,0.5,1,35.40481992807023,8.851204982017558,69.0
2025-08-30,19,2.0,2.0,0.5,0,0.0,0.0,67.0
2025-08-30,23,6.0,0.0,0.0,1,138.2813269129611,34.57033172824028,88.0
2025-08-31,6,4.0,6.0,0.6,0,0.0,0.0,27.0
2025-08-31,8,6.0,0.0,0.0,0,0.0,0.0,180.0
2025-08-31,11,10.0,0.0,0.0,1,7.1377238336638635,1.7844309584159659,83.0
2025-08-31,13,14.0,2.0,0.125,0,0.0,0.0,112.0
2025-08-31,16,2.0,2.0,0.5,0,0.0,0.0,52.0
2025-08-31,20,5.0,7.0,0.5833333333333333,1,37.560858313505456,9.390214578376364,28.0
2025-08-31,21,3.0,1.0,0.25,0,0.0,0.0,85.0
2025-08-31,22,6.0,6.0,0.5,1,38.61016045499367,9.652540113748417,104.0
2025-08-31,23,3.5,2.5,0.4166666666666667,1,27.386069031031425,6.846517257757856,153.0
2025-08-31,25,12.0,0.0,0.0,0,0.0,0.0,47.0
2025-09-01,1,8.0,0.0,0.0,1,13.96527316928734,3.491318292321835,22.0
2025-09-01,4,3.0,3.0,0.5,2,49.481960293445034,12.370490073361259,161.75
2025-09-01,7,0.0,4.0,1.0,2,15.76156788519759,3.9403919712993973,143.0
2025-09-01,8,1.0,5.0,0.8333333333333334,1,29.141432344632033,7.285358086158008,31.0
2025-09-01,14,3.0,9.0,0.75,6,321.5040349774465,80.37600874436163,101.33333333333333
2025-09-01,16,3.0,1.0,0.25,1,55.67764444152552,13.91941111038138,75.0
2025-09-01,19,3.0,1.0,0.25,1,64.24555718842674,16.061389297106686,182.0
2025-09-01,22,4.0,8.0,0.6666666666666667,2,63.66872340491604,15.91718085122901,44.0
2025-09-02,2,3.6666666666666665,4.333333333333333,0.5416666666666666,1,144.27398444047518,36.068496110118794,84.66666666666667
2025-09-02,3,14.0,2.0,0.125,1,31.946895899899165,7.986723974974791,83.0
2025-09-02,5,4.0,6.0,0.6000000000000001,1,78.34182386550185,19.585455966375463,105.5
2025-09-02,11,3.0,7.0,0.7,4,294.1152019006935,73.52880047517337,102.75
2025-09-02,14,1.0,11.0,0.9166666666666666,2,258.1856425249902,64.54641063124755,61.5
2025-09-02,15,9.0,1.0,0.09999999999999998,0,0.0,0.0,25.0
2025-09-02,16,3.0,1.0,0.25,0,0.0,0.0,15.0
2025-09-02,17,1.0,7.0,0.875,0,0.0,0.0,87.0
2025-09-02,20,7.5,4.5,0.375,2,18.035140559607846,4.508785139901962,60.5
2025-09-02,21,1.0,3.0,0.75,0,0.0,0.0,44.0
2025-09-02,22,5.0,7.0,0.5833333333333333,0,0.0,0.0,15.0
2025-09-03,2,3.5,4.5,0.5625,1,22.81617607232848,5.70404401808212,61.0
2025-09-03,9,1.0,5.0,0.8333333333333334,0,0.0,0.0,86.0
2025-09-03,10,6.0,4.0,0.4,0,0.0,0.0,27.0
2025-09-03,11,8.0,2.0,0.19999999999999996,0,0.0,0.0,94.0
2025-09-03,12,2.0,4.0,0.6666666666666667,4,124.00518785969595,31.001296964923988,72.5
2025-09-03,13,5.0,11.0,0.6875,0,0.0,0.0,91.0
2025-09-03,14,11.0,1.0,0.08333333333333337,1,17.019919297976603,4.254979824494151,41.0
2025-09-03,15,6.0,4.0,0.4,1,98.6558188495915,24.663954712397874,66.5
2025-09-03,19,1.0,3.0,0.75,0,0.0,0.0,53.0
2025-09-03,20,5.5,6.5,0.5416666666666666,0,0.0,0.0,89.0
2025-09-03,21,2.0,2.0,0.5,0,0.0,0.0,89.0
2025-09-03,25,12.0,0.0,0.0,0,0.0,0.0,238.0
2025-09-04,1,4.0,4.0,0.5,0,0.0,0.0,224.0
2025-09-04,4,2.0,4.0,0.6666666666666667,1,156.26744233906882,39.066860584767205,79.0
2025-09-04,5,8.0,2.0,0.19999999999999996,0,0.0,0.0,43.0
2025-09-04,8,3.5,2.5,0.4166666666666667,1,52.6033148559657,13.150828713991425,169.5
2025-09-04,16,0.0,4.0,1.0,4,420.42444177488125,105.10611044372031,37.0
2025-09-04,17,8.0,0.0,0.0,2,21.826077971067566,5.456519492766891,45.5
2025-09-04,19,1.0,3.0,0.75,1,102.5204888524378,25.63012221310945,87.0
2025-09-04,20,7.0,5.0,0.41666666666666663,0,0.0,0.0,299.0
2025-09-04,21,0.0,4.0,1.0,0,0.0,0.0,22.0
2025-09-04,22,8.0,4.0,0.3333333333333333,0,0.0,0.0,119.33333333333333
2025-09-04,23,1.0,5.0,0.8333333333333334,0,0.0,0.0,39.0
2025-09-04,24,10.0,0.0,0.0,0,0.0,0.0,132.0
2025-09-04,25,12.0,0.0,0.0,0,0.0,0.0,101.0
2025-09-05,1,8.0,0.0,0.0,0,0.0,0.0,171.0
2025-09-05,3,6.0,10.0,0.625,0,0.0,0.0,223.0
2025-09-05,7,1.0,3.0,0.75,0,0.0,0.0,28.0
2025-09-05,12,1.5,4.5,0.75,0,0.0,0.0,184.5
2025-09-05,17,1.5,6.5,0.8125,0,0.0,0.0,143.0
2025-09-05,19,3.0,1.0,0.25,1,35.17547971170099,8.793869927925247,63.5
2025-09-05,20,3.0,9.0,0.75,0,0.0,0.0,94.0
2025-09-05,23,3.0,3.0,0.5,0,0.0,0.0,111.0
2025-09-05,24,4.0,6.0,0.6,1,64.54692516662367,16.136731291655916,33.0
2025-09-06,2,3.0,5.0,0.625,5,495.92565502635154,123.98141375658788,102.2
2025-09-06,4,2.0,4.0,0.6666666666666667,5,170.60435188212904,42.65108797053226,50.6
2025-09-06,5,10.0,0.0,0.0,1,49.47788552753879,12.369471381884697,105.0
2025-09-06,12,3.0,3.0,0.5,0,0.0,0.0,106.0
2025-09-06,13,11.0,5.0,0.3125,2,407.8654156571479,101.96635391428697,82.5
2025-09-06,14,5.0,7.0,0.5833333333333333,0,0.0,0.0,130.0
2025-09-06,15,4.0,6.0,0.6,2,378.3569724417602,94.58924311044005,74.5
2025-09-06,16,4.0,0.0,0.0,1,16.68551069871973,4.171377674679933,18.0
2025-09-06,17,7.0,1.0,0.125,0,0.0,0.0,66.0
2025-09-06,20,6.0,6.0,0.5,0,0.0,0.0,15.0
2025-09-06,21,4.0,0.0,0.0,0,0.0,0.0,18.0
2025-09-06,23,4.0,2.0,0.33333333333333337,0,0.0,0.0,77.0
2025-09-06,24,6.0,4.0,0.4,1,9.760584507270744,2.440146126817686,16.0
2025-09-06,25,7.0,5.0,0.4166666666666667,1,92.14302808629428,23.03575702157357,66.0
2025-09-07,1,5.0,3.0,0.375,1,57.695318125448075,14.423829531362019,98.0
2025-09-07,4,5.0,1.0,0.16666666666666663,3,63.974369769972036,15.993592442493009,32.333333333333336
2025-09-07,5,5.0,5.0,0.5,2,230.01207558429854,57.503018896074636,113.0
2025-09-07,6,7.0,3.0,0.30000000000000004,0,0.0,0.0,118.0
2025-09-07,7,3.0,1.0,0.25,0,0.0,0.0,137.0
2025-09-07,9,5.0,1.0,0.16666666666666663,2,46.927613652284506,11.731903413071127,106.5
2025-09-07,11,4.0,6.0,0.6,1,82.98702500798835,20.746756251997088,30.0
2025-09-07,15,7.0,3.0,0.30000000000000004,1,107.50266733509413,26.875666833773533,90.0
2025-09-07,17,4.0,4.0,0.5,5,281.84858556118115,70.46214639029529,83.6
2025-09-07,18,5.0,3.0,0.375,0,0.0,0.0,41.0
2025-09-07,25,6.0,6.0,0.5,0,0.0,0.0,85.0
2025-09-08,4,2.0,4.0,0.6666666666666667,1,37.27479940052207,9.318699850130518,115.0
2025-09-08,5,10.0,0.0,0.0,0,0.0,0.0,105.0
2025-09-08,6,6.0,4.0,0.4,1,29.044517310203343,7.261129327550836,69.0
2025-09-08,7,1.0,3.0,0.75,1,79.27156081758115,19.817890204395287,27.0
2025-09-08,8,1.0,5.0,0.8333333333333334,1,5.365407738336863,1.3413519345842158,81.5
2025-09-08,9,1.0,5.0,0.8333333333333334,2,132.6911281890829,33.17278204727072,141.5
2025-09-08,11,4.0,6.0,0.6,0,0.0,0.0,74.0
2025-09-08,13,6.0,10.0,0.625,1,24.489718393032337,6.122429598258084,110.0
2025-09-08,16,1.0,3.0,0.75,1,119.98174819223586,29.995437048058964,72.0
2025-09-08,17,3.0,5.0,0.625,0,0.0,0.0,36.0
2025-09-08,18,8.0,0.0,0.0,2,181.02458986682987,45.25614746670747,279.0
2025-09-08,22,10.0,2.0,0.16666666666666663,1,13.583118752540482,3.3957796881351205,62.0
2025-09-08,25,7.5,4.5,0.37499999999999994,1,146.03512349451722,36.508780873629306,75.0
2025-09-09,3,14.0,2.0,0.125,2,208.66350471848355,52.16587617962089,46.75
2025-09-09,4,3.0,3.0,0.5,1,75.91238010347277,18.978095025868193,89.0
2025-09-09,5,10.0,0.0,0.0,0,0.0,0.0,210.0
2025-09-09,6,7.0,3.0,0.30000000000000004,0,0.0,0.0,109.0
2025-09-09,8,6.0,0.0,0.0,0,0.0,0.0,265.0
2025-09-09,10,7.0,3.0,0.30000000000000004,0,0.0,0.0,95.0
2025-09-09,11,9.0,1.0,0.09999999999999998,1,293.56117180773117,73.39029295193279,59.5
2025-09-09,12,5.0,1.0,0.16666666666666663,1,79.1394303472066,19.78485758680165,211.0
2025-09-09,13,5.0,11.0,0.6875,1,19.230572208600634,4.8076430521501585,62.0
2025-09-09,14,2.0,10.0,0.8333333333333334,2,167.33936321009355,41.83484080252339,42.0
2025-09-09,15,0.0,10.0,1.0,2,123.18001920944175,30.795004802360438,80.5
2025-09-09,16,1.0,3.0,0.75,1,23.08907247546832,5.77226811886708,52.5
2025-09-09,19,1.0,3.0,0.75,1,102.97987362585819,25.744968406464547,25.0
2025-09-09,23,1.0,5.0,0.8333333333333334,1,65.9699673142039,16.492491828550975,113.0
2025-09-09,24,4.0,6.0,0.6,1,204.06202575844006,51.015506439610014,148.0
2025-09-10,1,1.0,7.0,0.875,0,0.0,0.0,136.0
2025-09-10,5,10.0,0.0,0.0,0,0.0,0.0,82.0
2025-09-10,6,5.5,4.5,0.44999999999999996,2,96.92730716203502,24.231826790508755,142.75
2025-09-10,7,4.0,0.0,0.0,0,0.0,0.0,113.0
2025-09-10,8,3.0,3.0,0.5,4,242.3670927240716,60.5917731810179,119.66666666666666
2025-09-10,11,1.0,9.0,0.9,4,208.2943941107672,52.0735985276918,86.5
2025-09-10,13,4.0,12.0,0.75,0,0.0,0.0,33.0
2025-09-10,14,7.0,5.0,0.41666666666666663,0,0.0,0.0,116.0
2025-09-10,18,3.0,5.0,0.625,1,89.58826913868224,22.39706728467056,191.0
2025-09-10,19,3.0,1.0,0.25,0,0.0,0.0,42.0
2025-09-10,22,6.0,6.0,0.5,2,60.67123044166898,15.167807610417245,124.75
2025-09-10,24,1.0,9.0,0.9,0,0.0,0.0,28.0
2025-09-11,1,2.0,6.0,0.75,1,8.261138192447081,2.0652845481117703,67.0
2025-09-11,3,5.0,11.0,0.6875,0,0.0,0.0,83.0
2025-09-11,5,9.0,1.0,0.09999999999999998,0,0.0,0.0,142.0
2025-09-11,7,2.0,2.0,0.5,0,0.0,0.0,67.0
2025-09-11,8,2.0,4.0,0.6666666666666667,0,0.0,0.0,32.0
2025-09-11,9,1.0,5.0,0.8333333333333334,1,151.90366772470625,37.97591693117656,140.0
2025-09-11,10,3.0,7.0,0.7,1,59.58142268131988,14.89535567032997,67.0
2025-09-11,14,11.0,1.0,0.08333333333333337,0,0.0,0.0,59.0
2025-09-11,18,1.0,7.0,0.875,0,0.0,0.0,52.0
2025-09-11,19,1.0,3.0,0.75,1,92.8317040687702,23.20792601719255,30.0
2025-09-11,20,5.0,7.0,0.5833333333333333,2,138.4661795084447,34.616544877111174,93.0
2025-09-11,21,1.0,3.0,0.75,1,74.71106176773857,18.677765441934643,59.0
2025-09-11,24,9.0,1.0,0.09999999999999998,3,224.69190872755533,56.17297718188883,83.33333333333333
2025-09-11,25,5.0,7.0,0.5833333333333334,0,0.0,0.0,276.0
2025-09-12,1,7.0,1.0,0.125,1,320.0804043982281,80.02010109955702,27.0
2025-09-12,4,4.0,2.0,0.33333333333333337,0,0.0,0.0,74.0
2025-09-12,5,4.0,6.0,0.6,0,0.0,0.0,111.0
2025-09-12,7,1.0,3.0,0.75,1,19.80391842559987,4.950979606399968,96.0
2025-09-12,8,4.0,2.0,0.33333333333333337,0,0.0,0.0,57.0
2025-09-12,9,4.0,2.0,0.33333333333333337,0,0.0,0.0,39.0
2025-09-12,10,4.0,6.0,0.6,0,0.0,0.0,58.0
2025-09-12,11,2.0,8.0,0.8,1,74.7830078272157,18.695751956803925,18.0
2025-09-12,12,2.0,4.0,0.6666666666666667,1,99.64186435878693,24.910466089696733,112.0
2025-09-12,13,8.0,8.0,0.5,1,101.69667118446158,25.424167796115395,72.5
2025-09-12,14,3.0,9.0,0.75,1,50.36136864965283,12.590342162413208,154.0
2025-09-12,16,4.0,0.0,0.0,0,0.0,0.0,84.0
2025-09-12,18,2.5,5.5,0.6875,1,66.20223520642264,16.55055880160566,71.0
2025-09-12,22,5.666666666666667,6.333333333333333,0.5277777777777778,6,445.6260653540106,111.40651633850266,72.91666666666667
2025-09-12,23,4.0,2.0,0.3333333333333333,2,101.3125898154223,25.328147453855575,38.666666666666664
2025-09-12,24,4.666666666666667,5.333333333333333,0.5333333333333333,2,103.92780588508256,25.98195147127064,113.33333333333333
2025-09-13,1,4.5,3.5,0.4375,4,109.63203427594689,27.408008568986723,68.0
2025-09-13,2,8.0,0.0,0.0,0,0.0,0.0,177.0
2025-09-13,4,3.0,3.0,0.5,0,0.0,0.0,72.0
2025-09-13,5,8.0,2.0,0.19999999999999996,0,0.0,0.0,31.0
2025-09-13,7,3.0,1.0,0.25,0,0.0,0.0,16.0
2025-09-13,9,5.333333333333333,0.6666666666666666,0.11111111111111112,1,77.89798545457296,19.47449636364324,165.33333333333334
2025-09-13,10,6.0,4.0,0.4,1,116.65069959843136,29.16267489960784,44.0
2025-09-13,11,3.5,6.5,0.6499999999999999,3,79.77392251901016,19.94348062975254,65.25
2025-09-13,12,3.0,3.0,0.5,0,0.0,0.0,130.0
2025-09-13,14,7.0,5.0,0.41666666666666663,0,0.0,0.0,115.0
2025-09-13,15,10.0,0.0,0.0,0,0.0,0.0,78.0
2025-09-13,18,3.0,5.0,0.625,1,194.644418659136,48.661104664784,43.0
2025-09-13,19,2.0,2.0,0.5,0,0.0,0.0,64.0
2025-09-13,24,6.0,4.0,0.4,3,175.684899866847,43.92122496671175,41.0
2025-09-14,1,8.0,0.0,0.0,0,0.0,0.0,62.0
2025-09-14,3,16.0,0.0,0.0,1,13.129709730174012,3.282427432543503,26.0
2025-09-14,6,7.5,2.5,0.25,3,91.18559466454931,22.79639866613733,98.33333333333334
2025-09-14,9,3.0,3.0,0.5,1,69.31802770604698,17.329506926511744,79.0
2025-09-14,10,7.5,2.5,0.25,0,0.0,0.0,182.0
2025-09-14,11,5.5,4.5,0.45,3,109.49245454452817,27.373113636132043,45.75
2025-09-14,16,2.0,2.0,0.5,0,0.0,0.0,20.0
2025-09-14,20,5.0,7.0,0.5833333333333333,0,0.0,0.0,74.0
2025-09-14,24,9.0,1.0,0.09999999999999998,0,0.0,0.0,282.0
2025-09-15,4,1.0,5.0,0.8333333333333334,1,43.04134960435349,10.760337401088373,96.0
2025-09-15,7,2.5,1.5,0.375,0,0.0,0.0,93.0
2025-09-15,8,2.0,4.0,0.6666666666666667,3,102.35481588957342,25.588703972393354,78.0
2025-09-15,13,10.0,6.0,0.375,1,58.91265885967511,14.728164714918778,75.5
2025-09-15,17,7.0,1.0,0.125,1,60.565637665556864,15.141409416389216,57.5
2025-09-15,18,7.0,1.0,0.125,0,0.0,0.0,113.0
2025-09-15,19,4.0,0.0,0.0,0,0.0,0.0,25.0
2025-09-15,20,4.0,8.0,0.6666666666666667,1,147.34358905363422,36.835897263408555,31.0
2025-09-15,21,4.0,0.0,0.0,0,0.0,0.0,102.0
2025-09-15,23,5.0,1.0,0.16666666666666663,1,255.96578871515794,63.991447178789485,83.0
2025-09-15,24,5.0,5.0,0.5,2,34.090167112915836,8.522541778228959,50.5
2025-09-16,1,1.0,7.0,0.875,1,24.543448401310535,6.135862100327634,33.0
2025-09-16,3,15.0,1.0,0.0625,1,18.532670135721737,4.633167533930434,53.0
2025-09-16,4,2.0,4.0,0.6666666666666667,1,93.73113311338581,23.432783278346452,56.0
2025-09-16,5,4.0,6.0,0.6,2,72.14146876666366,18.035367191665916,106.0
2025-09-16,8,6.0,0.0,0.0,2,121.86897561840189,30.467243904600473,107.5
2025-09-16,9,1.6666666666666667,4.333333333333333,0.7222222222222223,0,0.0,0.0,46.333333333333336
2025-09-16,10,3.0,7.0,0.7,0,0.0,0.0,78.0
2025-09-16,11,5.5,4.5,0.45,0,0.0,0.0,66.0
2025-09-16,12,1.0,5.0,0.8333333333333334,0,0.0,0.0,116.0
2025-09-16,13,14.0,2.0,0.125,0,0.0,0.0,81.0
2025-09-16,23,2.0,4.0,0.6666666666666667,2,289.3281157513739,72.33202893784348,49.0
2025-09-16,25,4.0,8.0,0.6666666666666667,2,48.96941955954907,12.242354889887267,100.5
2025-09-17,2,4.5,3.5,0.4375,0,0.0,0.0,79.0
2025-09-17,4,2.0,4.0,0.6666666666666667,1,122.88524058077402,30.721310145193506,85.0
2025-09-17,8,2.0,4.0,0.6666666666666667,0,0.0,0.0,18.0
2025-09-17,9,1.0,5.0,0.8333333333333334,0,0.0,0.0,16.0
2025-09-17,11,3.0,7.0,0.7,0,0.0,0.0,217.0
2025-09-17,13,16.0,0.0,0.0,0,0.0,0.0,181.0
2025-09-17,19,1.0,3.0,0.75,0,0.0,0.0,76.0
2025-09-17,20,12.0,0.0,0.0,0,0.0,0.0,110.0
2025-09-17,22,5.5,6.5,0.5416666666666667,0,0.0,0.0,140.0
2025-09-17,23,4.0,2.0,0.33333333333333337,1,42.909249718155976,10.727312429538994,116.0
2025-09-17,24,10.0,0.0,0.0,0,0.0,0.0,49.0
2025-09-17,25,5.0,7.0,0.5833333333333333,0,0.0,0.0,76.0
2025-09-18,2,6.5,1.5,0.1875,1,72.78476702189397,18.196191755473492,41.5
2025-09-18,8,6.0,0.0,0.0,0,0.0,0.0,67.0
2025-09-18,13,12.5,3.5,0.21875,2,143.840652212174,35.9601630530435,29.75
2025-09-18,14,1.0,11.0,0.9166666666666666,3,129.657919571866,32.4144798929665,122.66666666666667
2025-09-18,15,9.0,1.0,0.09999999999999998,0,0.0,0.0,53.0
2025-09-19,1,3.5,4.5,0.5625,2,203.7804004501749,50.94510011254373,39.5
2025-09-19,2,8.0,0.0,0.0,0,0.0,0.0,119.0
2025-09-19,5,9.0,1.0,0.09999999999999998,1,56.46098493015067,14.115246232537668,103.0
2025-09-19,6,9.0,1.0,0.09999999999999998,3,551.3321865480805,137.83304663702012,145.33333333333334
2025-09-19,7,2.0,2.0,0.5,4,190.06751153065875,47.51687788266469,96.25
2025-09-19,8,2.0,4.0,0.6666666666666667,0,0.0,0.0,69.0
2025-09-19,10,3.0,7.0,0.7,0,0.0,0.0,47.0
2025-09-19,12,5.0,1.0,0.16666666666666663,0,0.0,0.0,28.0
2025-09-19,15,9.0,1.0,0.09999999999999998,0,0.0,0.0,73.0
2025-09-19,16,1.0,3.0,0.75,0,0.0,0.0,52.0
2025-09-19,17,2.0,6.0,0.75,2,132.6197040623276,33.1549260155819,163.5
2025-09-19,21,1.0,3.0,0.75,2,94.77150666855272,23.69287666713818,39.0
2025-09-19,22,4.0,8.0,0.6666666666666667,0,0.0,0.0,72.0
2025-09-20,4,3.0,3.0,0.5,2,96.1717745623867,24.042943640596675,75.5
2025-09-20,6,10.0,0.0,0.0,0,0.0,0.0,95.0
2025-09-20,11,4.0,6.0,0.6,0,0.0,0.0,55.0
2025-09-20,12,3.0,3.0,0.5,0,0.0,0.0,90.0
2025-09-20,14,5.5,6.5,0.5416666666666666,1,52.13586092923854,13.033965232309635,67.0
2025-09-20,16,2.0,2.0,0.5,1,39.56780487671732,9.89195121917933,65.0
2025-09-20,17,6.0,2.0,0.25,0,0.0,0.0,24.5
2025-09-20,19,2.5,1.5,0.375,2,97.00452989278618,24.251132473196545,48.0
2025-09-20,20,11.0,1.0,0.08333333333333337,0,0.0,0.0,27.0
2025-09-20,22,5.0,7.0,0.5833333333333333,1,69.23027949195406,17.307569872988516,22.0
2025-09-20,24,6.0,4.0,0.4,1,34.91502737805258,8.728756844513144,105.0
2025-09-21,2,7.0,1.0,0.125,1,12.287459122180595,3.0718647805451487,62.0
2025-09-21,3,8.0,8.0,0.5,2,135.28198458028646,33.820496145071616,66.66666666666667
2025-09-21,4,6.0,0.0,0.0,2,123.11844776181034,30.779611940452586,33.5
2025-09-21,6,7.0,3.0,0.30000000000000004,0,0.0,0.0,204.0
2025-09-21,8,5.0,1.0,0.16666666666666663,0,0.0,0.0,111.0
2025-09-21,10,5.0,5.0,0.5,1,50.40676241832666,12.601690604581664,285.0
2025-09-21,12,3.0,3.0,0.5,1,7.146505752849012,1.786626438212253,110.0
2025-09-21,14,8.5,3.5,0.2916666666666667,0,0.0,0.0,150.5
2025-09-21,17,5.0,3.0,0.375,0,0.0,0.0,19.0
2025-09-21,18,5.0,3.0,0.375,1,121.21204836474139,30.303012091185348,43.5
2025-09-21,19,4.0,0.0,0.0,0,0.0,0.0,50.0
2025-09-21,20,12.0,0.0,0.0,1,35.283686302259,8.82092157556475,107.0
2025-09-21,21,2.0,2.0,0.5,0,0.0,0.0,107.0
2025-09-21,22,11.0,1.0,0.08333333333333337,0,0.0,0.0,115.0
2025-09-21,24,8.0,2.0,0.19999999999999996,0,0.0,0.0,86.0
2025-09-22,1,4.5,3.5,0.4375,1,80.4655104808028,20.1163776202007,204.0
2025-09-22,2,1.0,7.0,0.875,0,0.0,0.0,91.0
2025-09-22,3,15.0,1.0,0.0625,0,0.0,0.0,55.0
2025-09-22,5,2.0,8.0,0.8,2,20.817437802505545,5.204359450626386,55.5
2025-09-22,7,4.0,0.0,0.0,0,0.0,0.0,116.0
2025-09-22,11,5.0,5.0,0.5,1,97.02023919459558,24.255059798648894,101.0
2025-09-22,12,5.0,1.0,0.16666666666666663,0,0.0,0.0,32.0
2025-09-22,14,4.0,8.0,0.6666666666666666,0,0.0,0.0,153.5
2025-09-22,16,2.0,2.0,0.5,0,0.0,0.0,49.333333333333336
2025-09-22,17,1.0,7.0,0.875,1,39.937510113758776,9.984377528439694,67.0
2025-09-22,19,2.0,2.0,0.5,2,154.4453424513564,38.6113356128391,31.75
2025-09-22,20,12.0,0.0,0.0,1,66.80026831547372,16.70006707886843,82.0
2025-09-22,22,6.5,5.5,0.45833333333333337,2,69.01556535983747,17.253891339959367,67.5
2025-09-22,23,4.0,2.0,0.33333333333333337,0,0.0,0.0,72.0
2025-09-22,24,2.0,8.0,0.8,4,420.19828394289675,105.04957098572419,114.5
2025-09-23,2,2.0,6.0,0.75,0,0.0,0.0,95.0
2025-09-23,3,5.0,11.0,0.6875,0,0.0,0.0,51.0
2025-09-23,4,4.0,2.0,0.33333333333333337,0,0.0,0.0,52.0
2025-09-23,6,5.0,5.0,0.5,2,45.07880283899783,11.269700709749458,129.75
2025-09-23,7,0.0,4.0,1.0,0,0.0,0.0,107.0
2025-09-23,9,1.0,5.0,0.8333333333333334,0,0.0,0.0,88.0
2025-09-23,11,5.0,5.0,0.5,0,0.0,0.0,52.0
2025-09-23,15,5.0,5.0,0.5,4,243.40158868521422,60.850397171303555,58.88888888888889
2025-09-23,18,6.0,2.0,0.25,2,130.368607270794,32.5921518176985,173.0
2025-09-23,21,4.0,0.0,0.0,0,0.0,0.0,64.0
2025-09-23,23,5.666666666666667,0.3333333333333333,0.055555555555555546,0,0.0,0.0,74.0
2025-09-24,4,1.0,5.0,0.8333333333333334,1,93.6309817595719,23.407745439892974,81.0
2025-09-24,5,10.0,0.0,0.0,0,0.0,0.0,62.0
2025-09-24,6,4.0,6.0,0.6,1,64.45968813308598,16.114922033271494,58.0
2025-09-24,8,2.0,4.0,0.6666666666666667,1,64.68785716569177,16.171964291422942,42.0
2025-09-24,9,1.0,5.0,0.8333333333333334,1,11.542940892137063,2.8857352230342657,60.0
2025-09-24,10,9.0,1.0,0.09999999999999998,1,178.0145279630081,44.50363199075203,64.5
2025-09-24,11,2.5,7.5,0.75,0,0.0,0.0,30.0
2025-09-24,14,5.0,7.0,0.5833333333333333,0,0.0,0.0,73.0
2025-09-24,15,3.0,7.0,0.7000000000000001,1,36.34823524994552,9.08705881248638,77.66666666666667
2025-09-24,17,3.0,5.0,0.625,1,155.09328351505908,38.77332087876477,111.0
2025-09-24,19,4.0,0.0,0.0,0,0.0,0.0,86.0
2025-09-24,20,5.75,6.25,0.5208333333333334,1,43.58332591568052,10.89583147892013,87.0
2025-09-24,21,1.0,3.0,0.75,0,0.0,0.0,109.0
2025-09-24,22,6.0,6.0,0.5,1,18.32461573423799,4.581153933559498,32.5
2025-09-24,23,4.0,2.0,0.33333333333333337,0,0.0,0.0,101.0
2025-09-24,24,2.0,8.0,0.8,4,59.606301486055415,14.901575371513854,147.5
2025-09-24,25,11.0,1.0,0.08333333333333337,1,126.08468451461093,31.521171128652732,47.0
2025-09-25,2,2.0,6.0,0.75,2,279.46506115593724,69.86626528898431,82.5
2025-09-25,4,6.0,0.0,0.0,0,0.0,0.0,169.0
2025-09-25,5,10.0,0.0,0.0,1,27.722592707876625,6.930648176969156,69.0
2025-09-25,7,2.0,2.0,0.5,2,111.1371849884235,27.784296247105875,158.0
2025-09-25,10,3.0,7.0,0.7,0,0.0,0.0,109.0
2025-09-25,11,3.0,7.0,0.7,0,0.0,0.0,87.0
2025-09-25,13,15.0,1.0,0.0625,0,0.0,0.0,106.0
2025-09-25,15,7.0,3.0,0.30000000000000004,0,0.0,0.0,22.0
2025-09-25,16,3.0,1.0,0.25,2,57.257105254995494,14.314276313748874,93.0
2025-09-25,17,7.0,1.0,0.125,0,0.0,0.0,34.0
2025-09-25,19,2.0,2.0,0.5,0,0.0,0.0,57.5
2025-09-25,20,1.0,11.0,0.9166666666666667,6,484.18309810268113,121.04577452567028,106.66666666666667
2025-09-25,21,1.0,3.0,0.75,0,0.0,0.0,96.0
2025-09-25,23,6.0,0.0,0.0,0,0.0,0.0,21.0
2025-09-26,1,2.0,6.0,0.75,4,272.87492311772263,68.21873077943066,63.0
2025-09-26,6,9.0,1.0,0.09999999999999998,0,0.0,0.0,91.0
2025-09-26,7,3.0,1.0,0.25,0,0.0,0.0,103.0
2025-09-26,9,1.0,5.0,0.8333333333333334,0,0.0,0.0,208.0
2025-09-26,11,7.5,2.5,0.25,1,8.827773975115047,2.2069434937787618,62.0
2025-09-26,13,9.0,7.0,0.4375,1,12.050436146481278,3.0126090366203195,115.0
2025-09-26,14,5.0,7.0,0.5833333333333333,0,0.0,0.0,110.0
2025-09-26,15,3.5,6.5,0.65,3,167.6476003354287,41.91190008385718,80.25
2025-09-26,18,7.0,1.0,0.125,1,19.920132865915036,4.980033216478759,81.0
2025-09-26,20,5.0,7.0,0.5833333333333333,1,38.6123838768589,9.653095969214725,48.0
2025-09-26,23,3.0,3.0,0.5,0,0.0,0.0,121.5
2025-09-26,25,2.5,9.5,0.7916666666666667,0,0.0,0.0,81.0
2025-09-27,1,7.0,1.0,0.125,1,25.770702145361977,6.442675536340494,19.0
2025-09-27,6,9.0,1.0,0.09999999999999998,3,224.54671183366406,56.136677958416016,51.25
2025-09-27,11,8.0,2.0,0.19999999999999996,0,0.0,0.0,39.0
2025-09-27,14,8.0,4.0,0.3333333333333333,1,14.218393564788292,3.554598391197073,36.5
2025-09-27,19,4.0,0.0,0.0,1,19.3372963110781,4.834324077769525,31.0
2025-09-27,21,3.0,1.0,0.25,0,0.0,0.0,93.0
2025-09-27,22,6.0,6.0,0.5,4,325.87694944514806,81.46923736128701,43.0
2025-09-27,25,6.0,6.0,0.5,4,220.9548312060113,55.23870780150283,46.0
2025-09-28,1,3.0,5.0,0.625,0,0.0,0.0,48.0
2025-09-28,5,6.0,4.0,0.4,1,47.80288314588641,11.950720786471603,63.0
2025-09-28,10,5.5,4.5,0.45,1,296.6327242229755,74.15818105574388,186.5
2025-09-28,14,9.0,3.0,0.25,0,0.0,0.0,265.0
2025-09-28,15,6.0,4.0,0.4,0,0.0,0.0,75.5
2025-09-28,16,1.0,3.0,0.75,0,0.0,0.0,109.0
2025-09-28,17,8.0,0.0,0.0,1,17.971949150002004,4.492987287500501,173.0
2025-09-28,19,2.0,2.0,0.5,0,0.0,0.0,117.0
2025-09-28,21,2.0,2.0,0.5,1,45.9727046162633,11.493176154065825,105.0
2025-09-29,5,4.0,6.0,0.6,1,25.94744578477279,6.486861446193197,22.0
2025-09-29,6,1.0,9.0,0.9,0,0.0,0.0,232.0
2025-09-29,9,1.0,5.0,0.8333333333333334,1,214.4303269433597,53.60758173583992,59.0
2025-09-29,11,6.0,4.0,0.4,2,149.71334986017308,37.42833746504327,81.0
2025-09-29,12,3.0,3.0,0.5,0,0.0,0.0,119.0
2025-09-29,13,9.5,6.5,0.40625,0,0.0,0.0,93.0
2025-09-29,15,5.5,4.5,0.45,0,0.0,0.0,210.5
2025-09-29,18,2.0,6.0,0.75,1,44.58958041049923,11.147395102624808,130.0
2025-09-29,20,7.5,4.5,0.37500000000000006,1,32.0092135296823,8.002303382420575,49.0
2025-09-29,21,1.0,3.0,0.75,1,110.56329595801648,27.64082398950412,138.0
2025-09-29,25,4.0,8.0,0.6666666666666667,1,65.76166876862926,16.440417192157316,208.0
2025-09-30,4,2.0,4.0,0.6666666666666667,3,268.7665134980383,67.19162837450958,51.666666666666664
2025-09-30,8,4.0,2.0,0.33333333333333337,1,69.34239395796668,17.33559848949167,55.0
2025-09-30,14,3.5,8.5,0.7083333333333333,0,0.0,0.0,171.5
2025-09-30,16,3.0,1.0,0.25,0,0.0,0.0,57.0
2025-09-30,19,1.3333333333333333,2.6666666666666665,0.6666666666666666,0,0.0,0.0,86.0
2025-09-30,21,3.0,1.0,0.25,1,17.199639013066825,4.299909753266706,69.0
2025-09-30,22,4.0,8.0,0.6666666666666667,0,0.0,0.0,70.0
2025-10-01,2,5.0,3.0,0.375,0,0.0,0.0,84.0
2025-10-01,3,6.0,10.0,0.625,0,0.0,0.0,45.0
2025-10-01,8,5.0,1.0,0.16666666666666663,1,81.52940990937448,20.38235247734362,110.0
2025-10-01,9,0.5,5.5,0.9166666666666667,2,249.25325977204523,62.31331494301131,119.0
2025-10-01,13,10.0,6.0,0.375,1,66.97889331937594,16.744723329843985,116.0
2025-10-01,17,7.0,1.0,0.125,0,0.0,0.0,57.0
2025-10-01,18,6.0,2.0,0.25,1,41.39687955822475,10.349219889556187,55.0
2025-10-01,23,4.0,2.0,0.33333333333333337,0,0.0,0.0,108.0
2025-10-01,24,9.0,1.0,0.09999999999999998,1,89.84729013163827,22.46182253290957,84.0
2025-10-01,25,5.0,7.0,0.5833333333333333,1,9.670871492295223,2.417717873073806,44.0
2025-10-02,3,6.0,10.0,0.625,0,0.0,0.0,101.0
2025-10-02,6,1.0,9.0,0.9,1,18.655644409187307,4.663911102296827,177.0
2025-10-02,8,4.0,2.0,0.33333333333333337,1,38.019168396448094,9.504792099112024,114.0
2025-10-02,9,3.5,2.5,0.4166666666666667,2,115.84717198126549,28.961792995316372,76.5
2025-10-02,13,12.666666666666666,3.3333333333333335,0.20833333333333334,3,121.18226305705389,30.295565764263472,62.333333333333336
2025-10-02,15,9.5,0.5,0.04999999999999999,1,92.77939290452527,23.194848226131317,104.0
2025-10-02,16,1.0,3.0,0.75,3,232.56318875042135,58.14079718760534,102.0
2025-10-02,17,2.0,6.0,0.75,0,0.0,0.0,93.0
2025-10-02,18,2.0,6.0,0.75,0,0.0,0.0,18.0
2025-10-02,20,5.0,7.0,0.5833333333333333,3,437.855231374593,109.46380784364825,56.666666666666664
2025-10-02,23,2.6666666666666665,3.3333333333333335,0.5555555555555556,0,0.0,0.0,80.0
2025-10-02,25,11.0,1.0,0.08333333333333337,1,39.78855362120768,9.94713840530192,119.0
2025-10-03,3,4.0,12.0,0.75,1,52.70319952032314,13.175799880080785,17.0
2025-10-03,4,5.0,1.0,0.16666666666666663,0,0.0,0.0,28.0
2025-10-03,5,9.0,1.0,0.09999999999999998,0,0.0,0.0,115.0
2025-10-03,10,4.0,6.0,0.6,1,80.63285295567842,20.158213238919604,117.0
2025-10-03,11,7.0,3.0,0.3,2,70.2830514602622,17.57076286506555,103.75
2025-10-03,12,6.0,0.0,0.0,2,118.08153534793792,29.52038383698448,124.5
2025-10-03,13,13.0,3.0,0.1875,0,0.0,0.0,48.0
2025-10-03,16,4.0,0.0,0.0,0,0.0,0.0,265.0
2025-10-03,17,3.0,5.0,0.625,0,0.0,0.0,75.0
2025-10-03,18,6.0,2.0,0.25,0,0.0,0.0,49.0
2025-10-03,19,1.0,3.0,0.75,1,61.92795283535102,15.481988208837755,86.0
2025-10-03,22,3.0,9.0,0.75,0,0.0,0.0,49.0
2025-10-04,2,4.0,4.0,0.5,4,282.14569776088916,70.53642444022229,115.0
2025-10-04,4,3.0,3.0,0.5,2,122.363599616148,30.590899904037,84.0
2025-10-04,6,9.0,1.0,0.09999999999999998,0,0.0,0.0,94.0
2025-10-04,11,9.0,1.0,0.09999999999999998,2,49.56679347349084,12.39169836837271,27.0
2025-10-04,13,11.0,5.0,0.3125,1,31.80450719228228,7.95112679807057,26.0
2025-10-04,15,6.0,4.0,0.4,0,0.0,0.0,51.0
2025-10-04,16,3.0,1.0,0.25,0,0.0,0.0,59.333333333333336
2025-10-04,21,3.0,1.0,0.25,1,32.94427531330114,8.236068828325285,37.0
2025-10-04,22,6.0,6.0,0.5,0,0.0,0.0,17.0
2025-10-04,23,4.0,2.0,0.3333333333333333,0,0.0,0.0,139.0
2025-10-04,25,6.0,6.0,0.5,0,0.0,0.0,52.0
2025-10-05,4,5.0,1.0,0.16666666666666666,1,109.52218718832803,27.38054679708201,122.66666666666667
2025-10-05,5,10.0,0.0,0.0,0,0.0,0.0,44.0
2025-10-05,7,2.5,1.5,0.375,0,0.0,0.0,165.0
2025-10-05,10,5.0,5.0,0.5,0,0.0,0.0,84.0
2025-10-05,18,4.0,4.0,0.5,1,34.084290377237636,8.521072594309409,266.0
2025-10-05,22,8.0,4.0,0.33333333333333337,0,0.0,0.0,39.0
2025-10-06,4,5.0,1.0,0.16666666666666663,0,0.0,0.0,68.0
2025-10-06,5,10.0,0.0,0.0,0,0.0,0.0,113.0
2025-10-06,6,4.5,5.5,0.55,1,45.31651992032251,11.329129980080628,76.5
2025-10-06,10,4.0,6.0,0.6,2,111.17592926763903,27.79398231690976,37.5
2025-10-06,15,8.0,2.0,0.19999999999999996,0,0.0,0.0,86.0
2025-10-06,16,1.0,3.0,0.75,2,192.88715685655123,48.22178921413781,67.5
2025-10-06,17,2.5,5.5,0.6875,1,43.04014822803411,10.760037057008528,103.5
2025-10-06,19,1.5,2.5,0.625,1,15.949591876995626,3.9873979692489065,72.5
2025-10-06,21,1.0,3.0,0.75,1,31.131718890900363,7.782929722725091,67.0
2025-10-07,3,14.0,2.0,0.125,1,214.1998518901148,53.5499629725287,61.0
2025-10-07,7,1.0,3.0,0.75,0,0.0,0.0,158.0
2025-10-07,11,10.0,0.0,0.0,0,0.0,0.0,99.0
2025-10-07,17,2.0,6.0,0.75,0,0.0,0.0,16.0
2025-10-07,20,10.0,2.0,0.16666666666666663,0,0.0,0.0,64.0
2025-10-07,22,3.0,9.0,0.75,0,0.0,0.0,45.0
2025-10-07,23,2.0,4.0,0.6666666666666667,1,21.06939467348881,5.267348668372202,40.0
2025-10-08,2,6.666666666666667,1.3333333333333333,0.16666666666666666,1,4.989301058115473,1.2473252645288682,70.33333333333333
2025-10-08,3,16.0,0.0,0.0,1,20.417334102912655,5.104333525728164,66.0
2025-10-08,4,2.0,4.0,0.6666666666666667,2,150.68018405942087,37.67004601485522,41.0
2025-10-08,6,7.0,3.0,0.30000000000000004,0,0.0,0.0,40.0
2025-10-08,8,6.0,0.0,0.0,0,0.0,0.0,26.0
2025-10-08,9,6.0,0.0,0.0,0,0.0,0.0,190.0
2025-10-08,12,1.0,5.0,0.8333333333333334,0,0.0,0.0,38.0
2025-10-08,13,2.0,14.0,0.875,1,10.713935739882228,2.678483934970557,85.0
2025-10-08,18,1.0,7.0,0.875,1,103.34299728801093,25.835749322002734,115.0
2025-10-08,20,5.0,7.0,0.5833333333333333,0,0.0,0.0,67.0
2025-10-08,21,1.0,3.0,0.75,2,54.04874256941052,13.51218564235263,67.5
2025-10-08,22,2.0,10.0,0.8333333333333334,0,0.0,0.0,47.0
2025-10-08,23,6.0,0.0,0.0,0,0.0,0.0,30.0
2025-10-09,1,0.0,8.0,1.0,1,58.754434219104645,14.688608554776161,177.0
2025-10-09,2,2.0,6.0,0.75,1,91.36652127480984,22.84163031870246,154.0
2025-10-09,7,1.0,3.0,0.75,3,126.4350452829355,31.608761320733876,63.25
2025-10-09,8,4.0,2.0,0.33333333333333337,2,240.37650269904083,60.09412567476021,58.5
2025-10-09,10,7.5,2.5,0.25,3,62.94860771275263,15.737151928188158,121.5
2025-10-09,13,13.0,3.0,0.1875,0,0.0,0.0,46.0
2025-10-09,14,11.0,1.0,0.08333333333333337,0,0.0,0.0,245.0
2025-10-09,16,3.0,1.0,0.25,0,0.0,0.0,231.0
2025-10-09,20,2.5,9.5,0.7916666666666667,2,75.7366982643217,18.934174566080426,84.0
2025-10-09,21,0.0,4.0,1.0,1,63.22367186068544,15.80591796517136,19.0
2025-10-09,22,6.666666666666667,5.333333333333333,0.4444444444444445,1,91.94279730074587,22.985699325186467,187.33333333333334
2025-10-10,1,1.0,7.0,0.875,0,0.0,0.0,116.0
2025-10-10,2,2.0,6.0,0.75,0,0.0,0.0,85.0
2025-10-10,5,1.0,9.0,0.9,0,0.0,0.0,47.0
2025-10-10,6,4.0,6.0,0.6,1,59.953405004834764,14.988351251208691,111.0
2025-10-10,7,2.0,2.0,0.5,0,0.0,0.0,44.0
2025-10-10,8,1.0,5.0,0.8333333333333334,0,0.0,0.0,88.5
2025-10-10,11,3.0,7.0,0.7,1,22.895654487310754,5.7239136218276885,83.0
2025-10-10,14,9.0,3.0,0.25,0,0.0,0.0,155.0
2025-10-10,15,6.0,4.0,0.4,1,84.01369321419473,21.003423303548683,36.0
2025-10-10,17,3.0,5.0,0.625,0,0.0,0.0,109.0
2025-10-10,25,7.0,5.0,0.4166666666666667,1,50.59716558377056,12.64929139594264,77.5
2025-10-11,2,6.5,1.5,0.1875,2,112.2467346445402,28.06168366113505,65.0
2025-10-11,6,5.0,5.0,0.5,0,0.0,0.0,87.0
2025-10-11,8,2.0,4.0,0.6666666666666667,1,67.57890141970559,16.894725354926397,48.0
2025-10-11,18,4.333333333333333,3.6666666666666665,0.4583333333333333,3,232.1475875960003,58.03689689900008,66.66666666666667
2025-10-11,20,8.0,4.0,0.33333333333333337,2,59.072760982545844,14.768190245636461,123.5
2025-10-11,21,3.0,1.0,0.25,0,0.0,0.0,99.0
2025-10-11,22,5.0,7.0,0.5833333333333333,1,5.3132526939844595,1.3283131734961149,51.0
2025-10-11,23,4.5,1.5,0.25,0,0.0,0.0,51.5
2025-10-11,25,5.5,6.5,0.5416666666666667,2,302.8958622393761,75.72396555984402,36.5
2025-10-12,3,6.0,10.0,0.625,3,118.56524832907236,29.64131208226809,89.5
2025-10-12,4,3.0,3.0,0.5,1,17.219472403257218,4.304868100814304,47.0
2025-10-12,9,3.0,3.0,0.5,0,0.0,0.0,97.0
2025-10-12,11,4.0,6.0,0.6,1,103.60291382831426,25.900728457078564,103.0
2025-10-12,13,8.0,8.0,0.5,1,17.016540568555612,4.254135142138903,131.0
2025-10-12,19,2.0,2.0,0.5,0,0.0,0.0,20.0
2025-10-12,21,2.0,2.0,0.5,0,0.0,0.0,156.0
2025-10-12,23,3.0,3.0,0.5,1,44.78464963866318,11.196162409665796,49.0
2025-10-12,25,5.0,7.0,0.5833333333333334,2,94.8928524033594,23.72321310083985,47.0
2025-10-13,3,7.0,9.0,0.5625,1,14.505299000463669,3.6263247501159173,119.0
2025-10-13,4,1.0,5.0,0.8333333333333334,2,96.36850120212506,24.092125300531265,53.75
2025-10-13,8,2.0,4.0,0.6666666666666667,0,0.0,0.0,117.0
2025-10-13,9,4.5,1.5,0.25,0,0.0,0.0,150.0
2025-10-13,10,10.0,0.0,0.0,1,25.17144592925779,6.292861482314447,21.0
2025-10-13,11,3.0,7.0,0.7,0,0.0,0.0,103.0
2025-10-13,14,7.0,5.0,0.41666666666666663,1,15.62753912408628,3.90688478102157,15.0
2025-10-13,15,6.0,4.0,0.4,2,103.45566158654866,25.863915396637164,42.0
2025-10-13,17,4.0,4.0,0.5,2,26.317692965649155,6.579423241412289,78.25
2025-10-13,18,4.5,3.5,0.4375,2,31.949389462156226,7.9873473655390566,71.25
2025-10-13,19,1.0,3.0,0.75,0,0.0,0.0,22.0
2025-10-13,23,2.0,4.0,0.6666666666666667,0,0.0,0.0,110.0
2025-10-13,25,7.0,5.0,0.41666666666666663,1,13.457254254552376,3.364313563638094,107.0
2025-10-14,1,2.0,6.0,0.75,2,180.68628748857714,45.171571872144284,58.0
2025-10-14,3,4.0,12.0,0.75,2,49.885695617686196,12.471423904421549,76.5
2025-10-14,5,4.0,6.0,0.6,0,0.0,0.0,88.0
2025-10-14,9,1.0,5.0,0.8333333333333334,0,0.0,0.0,70.0
2025-10-14,10,9.0,1.0,0.09999999999999998,0,0.0,0.0,32.0
2025-10-14,12,1.0,5.0,0.8333333333333334,0,0.0,0.0,88.0
2025-10-14,16,3.0,1.0,0.25,0,0.0,0.0,111.0
2025-10-14,18,5.0,3.0,0.375,0,0.0,0.0,85.0
2025-10-14,19,2.0,2.0,0.5,0,0.0,0.0,58.0
2025-10-14,20,4.0,8.0,0.6666666666666667,0,0.0,0.0,68.0
2025-10-14,23,2.0,4.0,0.6666666666666666,3,198.4886141798582,49.62215354496455,175.66666666666666
2025-10-14,25,6.0,6.0,0.5,1,306.5617401559036,76.6404350389759,84.5
2025-10-15,1,7.0,1.0,0.125,0,0.0,0.0,187.0
2025-10-15,2,8.0,0.0,0.0,1,94.77393141623712,23.69348285405928,118.0
2025-10-15,3,15.0,1.0,0.0625,0,0.0,0.0,21.0
2025-10-15,6,9.0,1.0,0.09999999999999998,1,65.07359260431092,16.26839815107773,44.0
2025-10-15,7,1.0,3.0,0.75,1,82.58225446592559,20.645563616481397,123.0
2025-10-15,14,10.0,2.0,0.16666666666666663,1,65.45061872657125,16.362654681642812,16.0
2025-10-15,15,1.0,9.0,0.9,3,45.487404299581584,11.371851074895396,76.33333333333333
2025-10-15,18,8.0,0.0,0.0,0,0.0,0.0,19.0
2025-10-15,19,3.0,1.0,0.25,1,34.92464652869201,8.731161632173002,100.0
2025-10-15,24,2.3333333333333335,7.666666666666667,0.7666666666666666,5,92.742112036373,23.18552800909325,58.666666666666664
2025-10-15,25,3.0,9.0,0.75,0,0.0,0.0,72.0
2025-10-16,1,5.0,3.0,0.375,1,11.273597444416461,2.8183993611041154,161.0
2025-10-16,3,8.0,8.0,0.5,2,84.85461397003225,21.21365349250806,68.5
2025-10-16,4,1.0,5.0,0.8333333333333334,0,0.0,0.0,76.0
2025-10-16,11,3.5,6.5,0.6499999999999999,2,154.97283141247095,38.74320785311774,158.5
2025-10-16,13,8.666666666666666,7.333333333333333,0.4583333333333333,0,0.0,0.0,78.66666666666667
2025-10-16,14,5.0,7.0,0.5833333333333333,0,0.0,0.0,15.0
2025-10-16,17,7.0,1.0,0.125,1,34.35980461138511,8.589951152846277,59.0
2025-10-16,19,1.0,3.0,0.75,2,38.62685230202014,9.656713075505035,56.5
2025-10-16,25,3.0,9.0,0.75,1,6.6851767993608675,1.6712941998402169,21.0
2025-10-17,1,5.0,3.0,0.375,1,19.68151144041931,4.920377860104828,94.0
2025-10-17,3,14.0,2.0,0.125,0,0.0,0.0,100.0
2025-10-17,5,6.0,4.0,0.4,2,40.203103896700576,10.050775974175144,103.0
2025-10-17,8,5.0,1.0,0.16666666666666663,0,0.0,0.0,152.0
2025-10-17,9,6.0,0.0,0.0,0,0.0,0.0,95.0
2025-10-17,11,3.0,7.0,0.7,1,108.52435744410442,27.131089361026106,56.0
2025-10-17,12,1.0,5.0,0.8333333333333334,0,0.0,0.0,20.0
2025-10-17,13,4.0,12.0,0.75,0,0.0,0.0,81.0
2025-10-17,18,3.0,5.0,0.625,0,0.0,0.0,208.0
2025-10-17,24,4.0,6.0,0.6,0,0.0,0.0,71.0
2025-10-18,1,4.0,4.0,0.5,3,281.4132024720193,70.35330061800482,55.33333333333333
2025-10-18,6,5.0,5.0,0.5,0,0.0,0.0,115.0
2025-10-18,7,2.3333333333333335,1.6666666666666667,0.4166666666666667,2,180.5935923381047,45.14839808452618,190.5
2025-10-18,8,2.0,4.0,0.6666666666666667,4,395.8162322007514,98.95405805018785,37.0
2025-10-18,11,4.0,6.0,0.6,0,0.0,0.0,80.0
2025-10-18,12,5.0,1.0,0.16666666666666663,0,0.0,0.0,269.0
2025-10-18,13,16.0,0.0,0.0,0,0.0,0.0,64.0
2025-10-18,15,9.0,1.0,0.09999999999999998,0,0.0,0.0,29.0
2025-10-18,18,4.0,4.0,0.5,1,134.04552063685776,33.51138015921444,234.0
2025-10-19,3,9.0,7.0,0.4375,1,82.80083253803716,20.70020813450929,79.0
2025-10-19,4,5.0,1.0,0.16666666666666663,0,0.0,0.0,73.0
2025-10-19,5,5.0,5.0,0.5,1,54.756236037994285,13.689059009498571,70.5
2025-10-19,8,3.0,3.0,0.5,0,0.0,0.0,241.0
2025-10-19,9,5.5,0.5,0.08333333333333331,2,45.76366091761856,11.44091522940464,60.5
2025-10-19,14,5.5,6.5,0.5416666666666666,0,0.0,0.0,83.5
2025-10-19,22,6.0,6.0,0.5,0,0.0,0.0,112.0
2025-10-19,23,3.0,3.0,0.5,0,0.0,0.0,91.0
2025-10-20,6,9.0,1.0,0.09999999999999998,0,0.0,0.0,38.0
2025-10-20,8,6.0,0.0,0.0,0,0.0,0.0,46.0
2025-10-20,9,1.0,5.0,0.8333333333333334,0,0.0,0.0,27.0
2025-10-20,10,3.0,7.0,0.7,0,0.0,0.0,91.0
2025-10-20,14,2.0,10.0,0.8333333333333334,0,0.0,0.0,118.0
2025-10-20,16,1.0,3.0,0.75,2,172.53929761682082,43.134824404205204,122.0
2025-10-20,22,6.0,6.0,0.5,3,103.53580305426891,25.883950763567228,70.66666666666666
2025-10-20,24,4.0,6.0,0.6,3,212.66241315703957,53.16560328925989,109.66666666666667
2025-10-20,25,3.0,9.0,0.75,0,0.0,0.0,24.0
2025-10-21,6,6.0,4.0,0.4,2,18.685631157563865,4.671407789390966,74.5
2025-10-21,7,2.0,2.0,0.5,0,0.0,0.0,35.0
2025-10-21,12,5.0,1.0,0.16666666666666663,0,0.0,0.0,20.0
2025-10-21,16,0.5,3.5,0.875,2,26.269014824473324,6.567253706118331,103.75
2025-10-21,17,7.0,1.0,0.125,0,0.0,0.0,25.0
2025-10-21,20,7.0,5.0,0.4166666666666667,0,0.0,0.0,52.0
2025-10-21,21,2.0,2.0,0.5,2,43.4642271690422,10.86605679226055,74.5
2025-10-21,22,2.0,10.0,0.8333333333333334,1,100.3905887718245,25.097647192956124,76.0
2025-10-21,24,7.666666666666667,2.3333333333333335,0.2333333333333333,0,0.0,0.0,63.333333333333336
2025-10-21,25,4.0,8.0,0.6666666666666667,2,104.17596085036361,26.043990212590902,74.5
2025-10-22,1,3.0,5.0,0.625,0,0.0,0.0,23.0
2025-10-22,3,9.0,7.0,0.4375,0,0.0,0.0,77.0
2025-10-22,9,6.0,0.0,0.0,0,0.0,0.0,109.0
2025-10-22,10,2.0,8.0,0.8,0,0.0,0.0,136.0
2025-10-22,13,7.0,9.0,0.5625,1,77.01224508359236,19.25306127089809,36.0
2025-10-22,17,5.0,3.0,0.375,0,0.0,0.0,92.0
2025-10-22,19,1.0,3.0,0.75,1,90.88129963684523,22.720324909211307,61.0
2025-10-22,22,9.0,3.0,0.25,1,100.14307188489046,25.035767971222615,91.33333333333333
2025-10-22,23,5.0,1.0,0.16666666666666663,0,0.0,0.0,109.0
2025-10-22,25,1.0,11.0,0.9166666666666666,1,192.14816027759204,48.03704006939801,108.0
2025-10-23,3,13.0,3.0,0.1875,1,11.818436273223455,2.9546090683058637,109.0
2025-10-23,6,1.0,9.0,0.9,2,103.49492054772091,25.873730136930227,57.5
2025-10-23,7,2.0,2.0,0.5,0,0.0,0.0,19.0
2025-10-23,12,4.0,2.0,0.33333333333333337,0,0.0,0.0,204.0
2025-10-23,13,4.0,12.0,0.75,0,0.0,0.0,67.0
2025-10-23,15,2.5,7.5,0.75,1,72.56111018096028,18.14027754524007,71.5
2025-10-23,20,7.0,5.0,0.4166666666666667,1,120.61494475797446,30.153736189493614,77.5
2025-10-23,25,2.5,9.5,0.7916666666666667,1,26.45077354662399,6.612693386655997,77.5
2025-10-24,1,8.0,0.0,0.0,1,196.40040826343724,49.10010206585931,43.0
2025-10-24,4,1.0,5.0,0.8333333333333334,0,0.0,0.0,44.0
2025-10-24,5,2.0,8.0,0.8,0,0.0,0.0,70.5
2025-10-24,13,2.0,14.0,0.875,1,127.30916190289436,31.82729047572359,81.0
2025-10-24,19,1.0,3.0,0.75,0,0.0,0.0,76.0
2025-10-24,23,5.0,1.0,0.16666666666666663,0,0.0,0.0,29.0
2025-10-24,25,5.0,7.0,0.5833333333333333,3,455.3185527020601,113.82963817551503,57.333333333333336
2025-10-25,2,3.0,5.0,0.625,0,0.0,0.0,68.0
2025-10-25,4,3.0,3.0,0.5,0,0.0,0.0,139.5
2025-10-25,12,3.0,3.0,0.5,0,0.0,0.0,25.0
2025-10-25,17,3.0,5.0,0.625,1,69.00175515472105,17.250438788680263,34.0
2025-10-25,21,3.0,1.0,0.25,1,67.53869572569751,16.884673931424377,51.0
2025-10-25,25,7.0,5.0,0.41666666666666663,0,0.0,0.0,192.0
2025-10-26,1,4.5,3.5,0.4375,0,0.0,0.0,193.0
2025-10-26,3,7.0,9.0,0.5625,1,46.054040010186476,11.513510002546619,72.0
2025-10-26,5,3.0,7.0,0.7,0,0.0,0.0,101.0
2025-10-26,7,4.0,0.0,0.0,2,189.54081805297344,47.38520451324336,96.5
2025-10-26,8,3.0,3.0,0.5,2,75.12008651621987,18.780021629054968,69.0
2025-10-26,9,6.0,0.0,0.0,1,56.384032681303935,14.096008170325984,22.0
2025-10-26,13,8.0,8.0,0.5,0,0.0,0.0,228.0
2025-10-26,14,6.0,6.0,0.5,1,54.8112091112321,13.702802277808026,24.0
2025-10-26,15,6.0,4.0,0.4,0,0.0,0.0,16.0
2025-10-26,19,2.5,1.5,0.375,3,99.06964190656716,24.76741047664179,130.66666666666666
2025-10-26,20,9.0,3.0,0.25,1,21.720981617805926,5.430245404451481,76.0
2025-10-26,21,3.0,1.0,0.25,0,0.0,0.0,91.5
2025-10-27,4,2.0,4.0,0.6666666666666667,4,211.60470855374584,52.90117713843646,54.5
2025-10-27,8,5.0,1.0,0.16666666666666663,0,0.0,0.0,102.0
2025-10-27,9,2.5,3.5,0.5833333333333334,5,490.5499233367982,122.63748083419955,62.9
2025-10-27,15,5.0,5.0,0.5,1,18.512012816561647,4.628003204140412,46.0
2025-10-27,19,4.0,0.0,0.0,0,0.0,0.0,56.0
2025-10-27,20,3.5,8.5,0.7083333333333334,1,38.1777593702733,9.544439842568325,64.5
2025-10-27,22,8.0,4.0,0.33333333333333337,0,0.0,0.0,17.0
2025-10-28,1,4.333333333333333,3.6666666666666665,0.4583333333333333,2,94.01919698716523,23.504799246791308,100.5
2025-10-28,2,1.0,7.0,0.875,0,0.0,0.0,112.0
2025-10-28,4,2.6666666666666665,3.3333333333333335,0.5555555555555556,1,23.77062348536809,5.942655871342023,150.66666666666666
2025-10-28,5,3.0,7.0,0.7,1,57.82061663274327,14.455154158185817,33.0
2025-10-28,6,10.0,0.0,0.0,1,47.23206278625567,11.808015696563917,73.0
2025-10-28,9,6.0,0.0,0.0,0,0.0,0.0,106.0
2025-10-28,12,1.0,5.0,0.8333333333333334,1,79.14660069103303,19.786650172758257,50.0
2025-10-28,13,16.0,0.0,0.0,0,0.0,0.0,84.0
2025-10-28,17,2.0,6.0,0.75,1,51.379565339533805,12.844891334883451,21.0
2025-10-28,20,4.0,8.0,0.6666666666666667,0,0.0,0.0,60.0
2025-10-28,22,10.0,2.0,0.16666666666666663,0,0.0,0.0,80.0
2025-10-29,1,1.0,7.0,0.875,0,0.0,0.0,78.0
2025-10-29,2,8.0,0.0,0.0,0,0.0,0.0,74.0
2025-10-29,4,6.0,0.0,0.0,1,24.936712360813104,6.234178090203276,30.0
2025-10-29,14,11.0,1.0,0.08333333333333337,0,0.0,0.0,45.0
2025-10-29,19,1.0,3.0,0.75,2,367.6937222980235,91.92343057450587,269.0
2025-10-29,20,7.0,5.0,0.41666666666666663,0,0.0,0.0,35.0
2025-10-29,21,2.0,2.0,0.5,1,44.09269393032964,11.02317348258241,98.5
2025-10-29,22,3.0,9.0,0.75,0,0.0,0.0,101.0
2025-10-29,23,3.0,3.0,0.5,4,206.81583355189457,51.70395838797364,50.0
2025-10-29,25,3.0,9.0,0.75,1,78.10463933035449,19.526159832588622,48.5
2025-10-30,2,5.0,3.0,0.375,1,56.21873312730812,14.05468328182703,113.0
2025-10-30,3,7.5,8.5,0.53125,0,0.0,0.0,123.5
2025-10-30,4,6.0,0.0,0.0,0,0.0,0.0,56.0
2025-10-30,5,9.0,1.0,0.09999999999999998,1,55.52991866480252,13.88247966620063,100.0
2025-10-30,6,9.0,1.0,0.09999999999999998,0,0.0,0.0,102.0
2025-10-30,7,1.0,3.0,0.75,2,87.66293669392456,21.91573417348114,63.0
2025-10-30,12,6.0,0.0,0.0,1,66.91773712393407,16.72943428098352,83.0
2025-10-30,13,2.0,14.0,0.875,0,0.0,0.0,78.0
2025-10-30,14,11.0,1.0,0.08333333333333337,0,0.0,0.0,132.0
2025-10-30,16,4.0,0.0,0.0,1,287.59276141837427,71.89819035459357,43.0
2025-10-30,18,6.0,2.0,0.25,0,0.0,0.0,66.0
2025-10-30,21,1.0,3.0,0.75,1,105.47592253469826,26.368980633674564,34.0
2025-10-30,23,3.0,3.0,0.5,0,0.0,0.0,35.0
2025-10-31,1,8.0,0.0,0.0,0,0.0,0.0,63.0
2025-10-31,2,4.0,4.0,0.5,0,0.0,0.0,112.0
2025-10-31,3,9.0,7.0,0.4375,0,0.0,0.0,56.0
2025-10-31,6,10.0,0.0,0.0,0,0.0,0.0,27.0
2025-10-31,7,4.0,0.0,0.0,1,153.52842712918914,38.382106782297285,249.0
2025-10-31,8,1.0,5.0,0.8333333333333334,0,0.0,0.0,110.0
2025-10-31,9,6.0,0.0,0.0,2,235.5238106069744,58.8809526517436,185.5
2025-10-31,12,1.0,5.0,0.8333333333333334,0,0.0,0.0,108.0
2025-10-31,14,11.0,1.0,0.08333333333333337,0,0.0,0.0,80.0
2025-10-31,16,2.0,2.0,0.5,0,0.0,0.0,104.0
2025-10-31,17,2.5,5.5,0.6875,0,0.0,0.0,66.0
2025-10-31,19,0.0,4.0,1.0,2,58.721644342317276,14.680411085579319,113.0
2025-10-31,21,2.0,2.0,0.5,0,0.0,0.0,54.0
2025-11-01,2,6.333333333333333,1.6666666666666667,0.20833333333333334,0,0.0,0.0,111.66666666666667
2025-11-01,3,10.0,6.0,0.375,1,109.65519367915797,27.413798419789494,60.0
2025-11-01,4,6.0,0.0,0.0,0,0.0,0.0,262.0
2025-11-01,6,9.0,1.0,0.09999999999999998,0,0.0,0.0,108.0
2025-11-01,7,2.0,2.0,0.5,2,188.176746146436,47.044186536609,73.5
2025-11-01,8,3.0,3.0,0.5,2,90.6379574594979,22.659489364874474,62.5
2025-11-01,10,5.0,5.0,0.5,0,0.0,0.0,109.0
2025-11-01,11,5.0,5.0,0.5,3,129.39820593035557,32.34955148258889,76.33333333333333
2025-11-01,13,6.0,10.0,0.625,0,0.0,0.0,22.0
2025-11-01,19,4.0,0.0,0.0,1,329.3790412680957,82.34476031702393,40.0
2025-11-01,20,10.0,2.0,0.16666666666666663,1,60.03542327467053,15.008855818667632,17.0
2025-11-01,23,5.0,1.0,0.16666666666666663,0,0.0,0.0,110.0
2025-11-02,11,9.0,1.0,0.09999999999999998,0,0.0,0.0,66.0
2025-11-02,12,3.0,3.0,0.5,0,0.0,0.0,59.0
2025-11-02,13,8.0,8.0,0.5,2,140.41356564520297,35.10339141130074,164.5
2025-11-02,14,7.0,5.0,0.41666666666666663,1,32.16718456913411,8.041796142283527,148.0
2025-11-02,19,4.0,0.0,0.0,0,0.0,0.0,105.0
2025-11-02,24,8.0,2.0,0.19999999999999996,0,0.0,0.0,22.0
2025-11-02,25,10.0,2.0,0.16666666666666663,1,6.49194453958056,1.62298613489514,17.0
2025-11-03,2,4.5,3.5,0.4375,1,15.892213263932849,3.973053315983212,51.0
2025-11-03,3,2.0,14.0,0.875,3,132.43352466644848,33.10838116661212,50.666666666666664
2025-11-03,11,8.0,2.0,0.19999999999999996,0,0.0,0.0,81.0
2025-11-03,14,12.0,0.0,0.0,0,0.0,0.0,16.0
2025-11-03,18,1.0,7.0,0.875,4,176.0393519274313,44.00983798185783,106.5
2025-11-03,19,3.0,1.0,0.25,0,0.0,0.0,28.0
2025-11-03,21,1.0,3.0,0.75,2,262.66285163946156,65.66571290986539,45.0
2025-11-03,22,3.0,9.0,0.75,0,0.0,0.0,100.0
2025-11-03,23,5.0,1.0,0.16666666666666663,1,26.2465923718585,6.561648092964625,50.0
2025-11-04,3,7.0,9.0,0.5625,0,0.0,0.0,29.0
2025-11-04,6,6.0,4.0,0.4,0,0.0,0.0,58.0
2025-11-04,10,1.0,9.0,0.9,3,170.25945393425908,42.56486348356477,52.666666666666664
2025-11-04,18,5.666666666666667,2.3333333333333335,0.2916666666666667,2,110.78784608907102,27.696961522267756,136.0
2025-11-04,22,11.0,1.0,0.08333333333333337,2,60.2868147074505,15.071703676862626,57.0
2025-11-04,23,5.0,1.0,0.16666666666666669,1,32.63258768973083,8.158146922432708,66.5
2025-11-04,24,5.0,5.0,0.5,2,115.03151732612451,28.75787933153113,39.5
2025-11-04,25,6.5,5.5,0.45833333333333337,0,0.0,0.0,68.0
2025-11-05,2,7.0,1.0,0.125,1,66.36403099468761,16.591007748671903,38.0
2025-11-05,4,2.0,4.0,0.6666666666666667,1,35.41086606052695,8.852716515131737,74.0
2025-11-05,6,6.5,3.5,0.35,0,0.0,0.0,143.5
2025-11-05,7,1.0,3.0,0.75,2,66.9112970305844,16.7278242576461,21.0
2025-11-05,13,16.0,0.0,0.0,1,30.91973023950166,7.729932559875415,81.0
2025-11-05,17,8.0,0.0,0.0,0,0.0,0.0,53.0
2025-11-05,19,0.0,4.0,1.0,5,309.33731823599965,77.33432955899991,89.4
2025-11-05,24,4.0,6.0,0.6,0,0.0,0.0,72.0
2025-11-05,25,0.0,12.0,1.0,1,39.503346763916255,9.875836690979064,74.0
2025-11-06,7,1.0,3.0,0.75,1,26.204064801530098,6.5510162003825245,76.0
2025-11-06,8,4.0,2.0,0.33333333333333337,6,321.212935477228,80.303233869307,181.75
2025-11-06,10,9.0,1.0,0.09999999999999998,0,0.0,0.0,66.0
2025-11-06,11,3.0,7.0,0.7,3,121.71469841737876,30.42867460434469,66.83333333333334
2025-11-06,14,7.0,5.0,0.41666666666666663,0,0.0,0.0,48.0
2025-11-06,16,1.0,3.0,0.75,0,0.0,0.0,89.0
2025-11-06,17,1.0,7.0,0.875,0,0.0,0.0,82.0
2025-11-06,25,12.0,0.0,0.0,0,0.0,0.0,66.0
2025-11-07,2,4.5,3.5,0.4375,2,187.60705414523588,46.90176353630897,199.0
2025-11-07,4,2.0,4.0,0.6666666666666667,5,243.7327064036161,60.93317660090403,58.0
2025-11-07,8,1.0,5.0,0.8333333333333334,1,78.5422007933412,19.6355501983353,18.0
2025-11-07,9,5.0,1.0,0.16666666666666663,0,0.0,0.0,61.0
2025-11-07,10,1.0,9.0,0.9,0,0.0,0.0,108.0
2025-11-07,14,6.5,5.5,0.45833333333333337,2,86.03878435887678,21.509696089719196,117.0
2025-11-07,15,2.0,8.0,0.8,1,151.05354994003963,37.76338748500991,42.0
2025-11-07,19,1.0,3.0,0.75,0,0.0,0.0,17.0
2025-11-07,20,2.0,10.0,0.8333333333333334,0,0.0,0.0,65.0
2025-11-07,24,3.0,7.0,0.7,1,46.811921986684325,11.702980496671081,84.0
2025-11-08,2,4.0,4.0,0.5,0,0.0,0.0,73.5
2025-11-08,7,4.0,0.0,0.0,0,0.0,0.0,98.0
2025-11-08,8,2.0,4.0,0.6666666666666667,3,176.3251028625626,44.08127571564065,24.0
2025-11-08,11,10.0,0.0,0.0,1,60.156114448245056,15.039028612061264,86.0
2025-11-08,15,8.0,2.0,0.19999999999999996,0,0.0,0.0,92.0
2025-11-08,17,5.0,3.0,0.375,0,0.0,0.0,30.0
2025-11-08,22,11.5,0.5,0.041666666666666685,1,42.577478118129825,10.644369529532456,103.0
2025-11-08,24,10.0,0.0,0.0,0,0.0,0.0,25.0
2025-11-08,25,9.0,3.0,0.25,1,15.5718614268334,3.89296535670835,69.0
2025-11-09,9,3.0,3.0,0.5,1,61.89296756251275,15.473241890628188,33.0
2025-11-09,11,6.0,4.0,0.4,0,0.0,0.0,22.0
2025-11-09,13,7.0,9.0,0.5625,0,0.0,0.0,54.0
2025-11-09,15,5.0,5.0,0.5,0,0.0,0.0,17.0
2025-11-09,18,4.0,4.0,0.5,1,66.9660532147788,16.7415133036947,51.0
2025-11-09,19,2.0,2.0,0.5,0,0.0,0.0,87.0
2025-11-09,21,2.0,2.0,0.5,0,0.0,0.0,57.0
2025-11-09,22,12.0,0.0,0.0,0,0.0,0.0,64.0
2025-11-09,23,4.666666666666667,1.3333333333333333,0.2222222222222222,3,262.3253990626498,65.58134976566245,53.666666666666664
2025-11-10,2,2.0,6.0,0.75,1,36.79401897716648,9.19850474429162,114.5
2025-11-10,3,3.0,13.0,0.8125,0,0.0,0.0,51.0
2025-11-10,5,7.0,3.0,0.30000000000000004,4,401.4587164914303,100.36467912285758,121.25
2025-11-10,6,9.0,1.0,0.09999999999999998,0,0.0,0.0,51.0
2025-11-10,7,1.5,2.5,0.625,0,0.0,0.0,154.0
2025-11-10,10,10.0,0.0,0.0,0,0.0,0.0,18.0
2025-11-10,11,9.0,1.0,0.09999999999999998,0,0.0,0.0,24.0
2025-11-10,12,4.0,2.0,0.33333333333333337,0,0.0,0.0,90.0
2025-11-10,13,2.0,14.0,0.875,2,17.128782190208135,4.282195547552034,75.0
2025-11-10,16,1.0,3.0,0.75,0,0.0,0.0,106.0
2025-11-10,17,8.0,0.0,0.0,0,0.0,0.0,28.0
2025-11-10,19,2.75,1.25,0.3125,6,389.82602131186917,97.45650532796729,140.0
2025-11-10,20,11.0,1.0,0.08333333333333337,0,0.0,0.0,25.0
2025-11-10,21,1.0,3.0,0.75,0,0.0,0.0,56.0
2025-11-11,2,2.0,6.0,0.75,0,0.0,0.0,25.0
2025-11-11,5,5.0,5.0,0.5,2,114.06568617189322,28.516421542973305,170.0
2025-11-11,6,5.666666666666667,4.333333333333333,0.4333333333333333,6,405.11990968619455,101.27997742154864,74.22222222222223
2025-11-11,8,1.6666666666666667,4.333333333333333,0.7222222222222223,4,131.23294211603675,32.80823552900919,78.44444444444444
2025-11-11,9,6.0,0.0,0.0,0,0.0,0.0,81.0
2025-11-11,13,9.0,7.0,0.4375,3,69.1673295675151,17.291832391878774,173.25
2025-11-11,15,5.0,5.0,0.5,1,30.610036035866834,7.6525090089667085,116.0
2025-11-11,18,3.3333333333333335,4.666666666666667,0.5833333333333334,0,0.0,0.0,82.0
2025-11-11,19,4.0,0.0,0.0,1,18.959896521997656,4.739974130499414,74.0
2025-11-11,21,1.0,3.0,0.75,1,52.51365772891038,13.128414432227595,86.0
2025-11-12,1,3.0,5.0,0.625,0,0.0,0.0,95.0
2025-11-12,3,3.0,13.0,0.8125,0,0.0,0.0,93.0
2025-11-12,4,1.0,5.0,0.8333333333333334,3,135.4515394697237,33.86288486743093,60.66666666666667
2025-11-12,7,2.0,2.0,0.5,0,0.0,0.0,20.0
2025-11-12,8,4.0,2.0,0.33333333333333337,0,0.0,0.0,76.5
2025-11-12,9,5.0,1.0,0.16666666666666663,2,275.19399923018665,68.79849980754666,62.0
2025-11-12,10,3.0,7.0,0.7,4,333.577309590843,83.39432739771075,67.5
2025-11-12,12,1.0,5.0,0.8333333333333334,0,0.0,0.0,199.0
2025-11-12,14,4.0,8.0,0.6666666666666667,1,119.77440405271821,29.943601013179553,126.0
2025-11-12,16,4.0,0.0,0.0,0,0.0,0.0,39.0
2025-11-12,17,2.0,6.0,0.75,0,0.0,0.0,279.0
2025-11-12,18,6.0,2.0,0.25,0,0.0,0.0,63.0
2025-11-12,19,2.0,2.0,0.5,3,166.70708353132915,41.67677088283229,88.0
2025-11-12,20,8.666666666666666,3.3333333333333335,0.27777777777777773,1,98.44469546466392,24.61117386616598,52.0
2025-11-12,23,6.0,0.0,0.0,0,0.0,0.0,117.0
2025-11-13,1,7.0,1.0,0.125,0,0.0,0.0,100.0
2025-11-13,2,3.0,5.0,0.625,1,46.958805956616985,11.739701489154246,44.0
2025-11-13,4,5.5,0.5,0.08333333333333331,0,0.0,0.0,179.5
2025-11-13,5,8.0,2.0,0.19999999999999996,0,0.0,0.0,105.0
2025-11-13,6,10.0,0.0,0.0,1,50.48050231533877,12.620125578834692,40.0
2025-11-13,7,2.0,2.0,0.5,1,76.03797056340271,19.009492640850677,100.0
2025-11-13,12,6.0,0.0,0.0,0,0.0,0.0,101.0
2025-11-13,13,7.5,8.5,0.53125,1,107.20017720601045,26.800044301502613,49.0
2025-11-13,15,9.0,1.0,0.09999999999999998,0,0.0,0.0,127.0
2025-11-13,16,1.0,3.0,0.75,0,0.0,0.0,202.0
2025-11-13,18,6.0,2.0,0.25,0,0.0,0.0,60.5
2025-11-13,24,8.5,1.5,0.15000000000000002,1,174.91019621839885,43.72754905459971,55.0
2025-11-13,25,5.0,7.0,0.5833333333333333,0,0.0,0.0,112.0
2025-11-14,1,3.0,5.0,0.625,1,14.945913519020829,3.7364783797552072,231.0
2025-11-14,2,1.0,7.0,0.875,0,0.0,0.0,63.0
2025-11-14,5,1.0,9.0,0.9,1,105.32389059014356,26.33097264753589,29.0
2025-11-14,9,5.0,1.0,0.16666666666666663,0,0.0,0.0,30.0
2025-11-14,12,5.0,1.0,0.16666666666666663,0,0.0,0.0,39.0
2025-11-14,13,3.5,12.5,0.78125,0,0.0,0.0,66.0
2025-11-14,16,3.5,0.5,0.125,1,106.17999652873961,26.544999132184902,142.0
2025-11-14,17,2.5,5.5,0.6875,1,26.580447092825906,6.645111773206477,110.0
2025-11-14,18,1.0,7.0,0.875,1,29.813468499679676,7.453367124919919,63.0
2025-11-14,20,10.0,2.0,0.16666666666666663,0,0.0,0.0,58.0
2025-11-14,21,1.0,3.0,0.75,1,74.42818948194807,18.607047370487017,104.0
2025-11-14,23,5.666666666666667,0.3333333333333333,0.055555555555555546,1,153.35319422737217,38.33829855684304,110.66666666666667
2025-11-14,25,7.0,5.0,0.41666666666666663,1,95.38814156676999,23.847035391692497,29.0
2025-11-15,1,6.0,2.0,0.25,0,0.0,0.0,93.0
2025-11-15,3,16.0,0.0,0.0,1,123.65144890885686,30.912862227214216,107.0
2025-11-15,5,10.0,0.0,0.0,0,0.0,0.0,32.0
2025-11-15,7,1.0,3.0,0.75,0,0.0,0.0,103.0
2025-11-15,12,4.0,2.0,0.3333333333333333,0,0.0,0.0,189.5
2025-11-15,13,7.0,9.0,0.5625,1,16.367615607321756,4.091903901830439,23.0
2025-11-15,14,7.0,5.0,0.41666666666666663,1,12.513836905716145,3.1284592264290363,69.0
2025-11-15,18,8.0,0.0,0.0,0,0.0,0.0,242.0
2025-11-15,22,11.5,0.5,0.041666666666666685,0,0.0,0.0,88.0
2025-11-16,3,9.0,7.0,0.4375,1,68.53336016694657,17.13334004173664,26.0
2025-11-16,4,3.6666666666666665,2.3333333333333335,0.3888888888888889,1,9.760319700531259,2.4400799251328147,61.333333333333336
2025-11-16,7,4.0,0.0,0.0,0,0.0,0.0,126.0
2025-11-16,10,8.0,2.0,0.19999999999999996,0,0.0,0.0,72.0
2025-11-16,11,7.0,3.0,0.3,1,58.44017394641522,14.610043486603805,23.5
2025-11-16,12,6.0,0.0,0.0,0,0.0,0.0,85.0
2025-11-16,13,8.0,8.0,0.5,1,19.623903972337228,4.905975993084307,95.0
2025-11-16,24,4.0,6.0,0.6,3,91.98614133416385,22.99653533354096,57.0
2025-11-16,25,5.0,7.0,0.5833333333333333,5,273.8162887131588,68.4540721782897,61.2
2025-11-17,1,1.0,7.0,0.875,0,0.0,0.0,243.0
2025-11-17,2,6.0,2.0,0.25,1,33.1487405785497,8.287185144637425,87.0
2025-11-17,5,8.0,2.0,0.19999999999999996,0,0.0,0.0,86.0
2025-11-17,12,2.5,3.5,0.5833333333333334,0,0.0,0.0,58.0
2025-11-17,14,7.0,5.0,0.4166666666666667,1,53.64132844472009,13.410332111180022,213.5
2025-11-17,15,3.0,7.0,0.7,1,66.40111121544813,16.60027780386203,58.0
2025-11-17,16,1.0,3.0,0.75,2,63.40605367308248,15.85151341827062,44.0
2025-11-17,18,2.5,5.5,0.6875,1,49.420329416100465,12.355082354025116,98.5
2025-11-17,19,3.0,1.0,0.25,3,121.54990162837913,30.387475407094783,46.0
2025-11-17,23,2.0,4.0,0.6666666666666667,0,0.0,0.0,61.0
2025-11-18,1,6.0,2.0,0.25,1,26.51087181660416,6.62771795415104,137.0
2025-11-18,3,2.5,13.5,0.84375,1,32.463035799034635,8.115758949758659,48.0
2025-11-18,4,3.0,3.0,0.5,1,64.14642203154217,16.036605507885543,79.0
2025-11-18,5,5.0,5.0,0.5,1,86.2010569913568,21.5502642478392,193.0
2025-11-18,11,4.0,6.0,0.6,0,0.0,0.0,26.0
2025-11-18,12,2.0,4.0,0.6666666666666667,1,61.60143502151895,15.400358755379738,167.0
2025-11-18,16,1.0,3.0,0.75,1,33.84333239236383,8.460833098090957,116.0
2025-11-18,17,3.0,5.0,0.625,1,38.400169660141096,9.600042415035274,30.0
2025-11-18,19,1.0,3.0,0.75,1,70.17362920844613,17.543407302111532,58.0
2025-11-18,20,12.0,0.0,0.0,0,0.0,0.0,86.0
2025-11-18,22,7.5,4.5,0.37500000000000006,0,0.0,0.0,45.0
2025-11-18,23,1.0,5.0,0.8333333333333334,1,120.4856712439156,30.1214178109789,94.0
2025-11-18,24,6.0,4.0,0.4,1,25.586082198720128,6.396520549680032,21.0
2025-11-18,25,4.333333333333333,7.666666666666667,0.6388888888888888,1,55.267674878678854,13.816918719669713,72.33333333333333
2025-11-19,1,2.0,6.0,0.75,0,0.0,0.0,86.0
2025-11-19,2,5.0,3.0,0.375,1,61.84911692278743,15.462279230696858,127.5
2025-11-19,4,6.0,0.0,0.0,0,0.0,0.0,56.0
2025-11-19,6,5.0,5.0,0.5,0,0.0,0.0,43.0
2025-11-19,7,2.0,2.0,0.5,1,19.224451680502035,4.806112920125509,285.0
2025-11-19,11,8.5,1.5,0.14999999999999997,2,57.86891017298856,14.46722754324714,149.0
2025-11-19,15,2.0,8.0,0.8,0,0.0,0.0,86.0
2025-11-19,16,4.0,0.0,0.0,0,0.0,0.0,118.0
2025-11-19,17,4.5,3.5,0.4375,1,269.3998150969623,67.34995377424057,89.0
2025-11-19,18,3.0,5.0,0.625,0,0.0,0.0,76.0
2025-11-19,19,4.0,0.0,0.0,0,0.0,0.0,101.0
2025-11-19,24,10.0,0.0,0.0,1,67.77339840646961,16.943349601617403,78.0
2025-11-19,25,6.5,5.5,0.4583333333333333,0,0.0,0.0,41.0
2025-11-20,1,6.0,2.0,0.25,1,36.72140630180205,9.180351575450512,111.0
2025-11-20,6,9.0,1.0,0.09999999999999998,0,0.0,0.0,233.0
2025-11-20,10,4.0,6.0,0.6,4,77.09238761851832,19.27309690462958,88.0
2025-11-20,15,9.0,1.0,0.09999999999999998,0,0.0,0.0,57.0
2025-11-20,16,4.0,0.0,0.0,1,21.23507445126345,5.308768612815863,279.0
2025-11-20,17,2.0,6.0,0.75,0,0.0,0.0,77.0
2025-11-20,23,6.0,0.0,0.0,1,52.53933167361889,13.134832918404722,91.0
2025-11-21,3,6.0,10.0,0.625,1,34.13688220324203,8.534220550810508,283.0
2025-11-21,5,3.0,7.0,0.7,0,0.0,0.0,240.0
2025-11-21,6,3.0,7.0,0.7,1,66.08226908326856,16.52056727081714,53.0
2025-11-21,9,6.0,0.0,0.0,2,104.48434769799704,26.12108692449926,84.5
2025-11-21,10,9.0,1.0,0.09999999999999998,0,0.0,0.0,63.0
2025-11-21,15,3.0,7.0,0.7,3,108.90024585855815,27.225061464639538,121.0
2025-11-21,17,5.0,3.0,0.375,1,12.732528679318367,3.183132169829592,38.0
2025-11-21,18,3.0,5.0,0.625,1,36.937251207191565,9.234312801797891,20.0
2025-11-21,20,9.0,3.0,0.25,1,46.63388600288301,11.658471500720752,44.0
2025-11-21,23,0.0,6.0,1.0,0,0.0,0.0,140.0
2025-11-21,25,6.0,6.0,0.49999999999999994,1,61.74479462811962,15.436198657029905,37.5
2025-11-22,3,12.0,4.0,0.25,1,39.26157912134869,9.815394780337172,56.0
2025-11-22,5,8.0,2.0,0.19999999999999996,3,81.07499112895763,20.26874778223941,42.0
2025-11-22,6,5.0,5.0,0.5,3,208.13213916510975,52.03303479127744,99.0
2025-11-22,7,4.0,0.0,0.0,0,0.0,0.0,78.0
2025-11-22,9,4.0,2.0,0.33333333333333337,2,152.60147313080137,38.15036828270034,88.5
2025-11-22,13,7.0,9.0,0.5625,0,0.0,0.0,103.0
2025-11-22,16,4.0,0.0,0.0,1,16.087503264217204,4.021875816054301,47.0
2025-11-22,17,4.0,4.0,0.5,1,11.380326988069493,2.8450817470173733,34.0
2025-11-22,18,5.0,3.0,0.375,1,124.91424290764256,31.22856072691064,17.0
2025-11-22,22,8.0,4.0,0.33333333333333337,0,0.0,0.0,59.0
2025-11-22,24,7.0,3.0,0.3,2,93.34791113346449,23.336977783366123,78.75
2025-11-22,25,6.0,6.0,0.5,0,0.0,0.0,74.0
2025-11-23,1,7.5,0.5,0.0625,0,0.0,0.0,78.0
2025-11-23,3,15.0,1.0,0.0625,1,104.95459996580075,26.23864999145019,154.0
2025-11-23,4,3.0,3.0,0.5,1,57.1301062693548,14.2825265673387,118.0
2025-11-23,6,4.0,6.0,0.6,1,83.4462879906716,20.8615719976679,160.0
2025-11-23,8,4.5,1.5,0.25,2,236.7261949070845,59.181548726771126,87.0
2025-11-23,14,5.5,6.5,0.5416666666666667,2,72.47780828373055,18.11945207093264,118.75
2025-11-23,17,8.0,0.0,0.0,1,19.84954981812462,4.962387454531155,18.0
2025-11-23,18,5.0,3.0,0.375,1,79.26462499026535,19.816156247566337,70.0
2025-11-23,19,2.0,2.0,0.5,0,0.0,0.0,93.0
2025-11-23,20,5.0,7.0,0.5833333333333333,0,0.0,0.0,85.0
2025-11-23,22,8.0,4.0,0.33333333333333337,0,0.0,0.0,25.0
2025-11-23,23,5.5,0.5,0.08333333333333331,1,70.07360684770313,17.518401711925783,101.0
2025-11-24,1,7.0,1.0,0.125,0,0.0,0.0,35.0
2025-11-24,10,4.0,6.0,0.6,0,0.0,0.0,20.0
2025-11-24,13,7.0,9.0,0.5625,1,104.51161036691501,26.127902591728752,47.0
2025-11-24,16,1.3333333333333333,2.6666666666666665,0.6666666666666666,6,532.2651899332258,133.06629748330644,82.86666666666666
2025-11-24,17,2.0,6.0,0.75,0,0.0,0.0,71.0
2025-11-24,22,12.0,0.0,0.0,0,0.0,0.0,75.0
2025-11-24,25,1.0,11.0,0.9166666666666666,2,35.44565978225532,8.86141494556383,105.75
2025-11-25,5,4.0,6.0,0.6,0,0.0,0.0,172.0
2025-11-25,7,4.0,0.0,0.0,0,0.0,0.0,146.5
2025-11-25,9,2.0,4.0,0.6666666666666667,1,30.409084385838504,7.602271096459626,69.0
2025-11-25,10,4.0,6.0,0.6,1,90.44140546661137,22.610351366652843,109.0
2025-11-25,11,9.0,1.0,0.09999999999999998,2,109.63914424370685,27.409786060926713,97.5
2025-11-25,12,1.5,4.5,0.75,1,42.910530625623686,10.727632656405921,89.0
2025-11-25,14,11.0,1.0,0.08333333333333331,0,0.0,0.0,92.0
2025-11-25,20,1.0,11.0,0.9166666666666666,0,0.0,0.0,18.0
2025-11-26,6,9.0,1.0,0.09999999999999998,0,0.0,0.0,57.0
2025-11-26,7,0.0,4.0,1.0,1,38.533762070361355,9.633440517590339,161.0
2025-11-26,8,1.0,5.0,0.8333333333333334,0,0.0,0.0,17.0
2025-11-26,11,4.0,6.0,0.6,3,70.60600152941882,17.651500382354705,97.0
2025-11-26,13,3.0,13.0,0.8125,0,0.0,0.0,202.0
2025-11-26,15,2.0,8.0,0.8,3,228.4858593414653,57.121464835366325,97.66666666666667
2025-11-26,17,3.0,5.0,0.625,0,0.0,0.0,83.0
2025-11-26,18,2.0,6.0,0.75,2,71.1611754067751,17.790293851693775,59.0
2025-11-26,20,10.0,2.0,0.16666666666666663,1,28.347383968681676,7.086845992170419,50.0
2025-11-26,21,3.0,1.0,0.25,1,31.92245141815493,7.980612854538733,97.0
2025-11-26,22,5.0,7.0,0.5833333333333334,1,35.76734643306405,8.941836608266012,80.0
2025-11-26,23,1.0,5.0,0.8333333333333334,2,39.086390453137525,9.771597613284381,88.0
2025-11-26,24,1.0,9.0,0.9,1,72.8984439881225,18.224610997030624,64.0
2025-11-27,1,1.0,7.0,0.875,0,0.0,0.0,75.0
2025-11-27,9,5.0,1.0,0.16666666666666663,0,0.0,0.0,46.0
2025-11-27,11,3.0,7.0,0.7,1,46.81453495325764,11.70363373831441,115.0
2025-11-27,15,3.0,7.0,0.7,0,0.0,0.0,71.0
2025-11-27,16,0.0,4.0,1.0,3,231.3271321625603,57.831783040640076,64.0
2025-11-27,17,3.0,5.0,0.625,1,8.96769749328135,2.2419243733203373,262.0
2025-11-27,18,8.0,0.0,0.0,0,0.0,0.0,85.0
2025-11-27,20,3.5,8.5,0.7083333333333334,5,436.40774178640163,109.10193544660041,66.25
2025-11-27,24,6.0,4.0,0.39999999999999997,2,213.03388891222596,53.25847222805649,80.0
2025-11-27,25,2.0,10.0,0.8333333333333334,0,0.0,0.0,61.0
2025-11-28,6,1.0,9.0,0.9,0,0.0,0.0,228.0
2025-11-28,8,4.0,2.0,0.33333333333333337,1,75.48741774236801,18.871854435592002,86.5
2025-11-28,15,6.0,4.0,0.4,0,0.0,0.0,16.0
2025-11-28,16,1.0,3.0,0.75,1,16.187015403975185,4.046753850993796,112.0
2025-11-28,17,1.0,7.0,0.875,1,141.1197358123099,35.279933953077474,49.0
2025-11-28,18,7.0,1.0,0.125,0,0.0,0.0,70.0
2025-11-28,19,3.0,1.0,0.25,0,0.0,0.0,37.5
2025-11-28,20,2.0,10.0,0.8333333333333334,2,52.085308084316,13.021327021079,85.0
2025-11-28,21,1.0,3.0,0.75,0,0.0,0.0,97.0
2025-11-28,22,3.0,9.0,0.75,0,0.0,0.0,49.0
2025-11-28,23,5.0,1.0,0.16666666666666663,0,0.0,0.0,37.5
2025-11-29,1,5.0,3.0,0.375,0,0.0,0.0,64.0
2025-11-29,6,5.0,5.0,0.5,0,0.0,0.0,18.0
2025-11-29,7,2.0,2.0,0.5,0,0.0,0.0,259.0
2025-11-29,11,10.0,0.0,0.0,0,0.0,0.0,74.0
2025-11-29,12,3.0,3.0,0.5,3,321.78018057000634,80.44504514250158,49.666666666666664
2025-11-29,13,12.0,4.0,0.25,0,0.0,0.0,112.0
2025-11-29,14,5.5,6.5,0.5416666666666666,2,90.37429192615058,22.593572981537644,87.25
2025-11-29,15,9.0,1.0,0.09999999999999998,0,0.0,0.0,25.0
2025-11-29,16,2.0,2.0,0.5,0,0.0,0.0,236.0
2025-11-29,19,2.0,2.0,0.5,0,0.0,0.0,69.0
2025-11-29,20,7.0,5.0,0.41666666666666663,1,101.92557592810437,25.48139398202609,116.0
2025-11-29,23,6.0,0.0,0.0,0,0.0,0.0,104.0
2025-11-29,25,6.0,6.0,0.5,0,0.0,0.0,30.0
2025-11-30,4,6.0,0.0,0.0,1,21.60100467798165,5.400251169495412,35.0
2025-11-30,5,10.0,0.0,0.0,1,62.40644742990483,15.601611857476207,84.0
2025-11-30,7,2.0,2.0,0.5,1,78.83312788375358,19.708281970938394,44.0
2025-11-30,14,11.0,1.0,0.08333333333333337,3,122.05759730806405,30.51439932701601,62.0
2025-11-30,16,1.0,3.0,0.75,1,22.881162890119185,5.720290722529796,119.0
2025-11-30,17,7.0,1.0,0.125,0,0.0,0.0,18.0
2025-11-30,18,3.0,5.0,0.625,0,0.0,0.0,68.0
2025-11-30,25,5.0,7.0,0.5833333333333333,0,0.0,0.0,41.0
2025-12-01,1,7.0,1.0,0.125,1,177.9382477183897,44.484561929597426,92.0
2025-12-01,2,2.5,5.5,0.6875,2,225.1129009447701,56.278225236192526,74.5
2025-12-01,3,3.0,13.0,0.8125,1,72.45056357150798,18.112640892876996,183.0
2025-12-01,6,8.0,2.0,0.19999999999999996,0,0.0,0.0,96.0
2025-12-01,7,1.5,2.5,0.625,1,12.854520097938476,3.213630024484619,135.0
2025-12-01,8,2.0,4.0,0.6666666666666667,0,0.0,0.0,44.0
2025-12-01,10,2.0,8.0,0.8,2,126.02217507748767,31.50554376937192,175.0
2025-12-01,12,6.0,0.0,0.0,1,74.90984082257489,18.727460205643723,123.0
2025-12-01,14,2.0,10.0,0.8333333333333334,1,72.99097380899337,18.247743452248343,194.0
2025-12-01,16,0.0,4.0,1.0,3,166.33776159919094,41.584440399797735,133.33333333333334
2025-12-01,19,1.0,3.0,0.75,0,0.0,0.0,197.0
2025-12-01,24,4.0,6.0,0.6,1,88.45983512181282,22.114958780453204,56.0
2025-12-01,25,11.0,1.0,0.08333333333333337,0,0.0,0.0,17.0
2025-12-02,2,1.0,7.0,0.875,2,255.81047464978255,63.95261866244564,25.0
2025-12-02,6,9.0,1.0,0.09999999999999998,0,0.0,0.0,52.0
2025-12-02,11,10.0,0.0,0.0,0,0.0,0.0,42.0
2025-12-02,12,2.0,4.0,0.6666666666666667,1,40.74294762528795,10.185736906321987,117.0
2025-12-02,18,8.0,0.0,0.0,0,0.0,0.0,99.0
2025-12-02,19,3.5,0.5,0.125,1,104.82858194891858,26.207145487229646,80.5
2025-12-02,22,4.333333333333333,7.666666666666667,0.638888888888889,3,280.8312192262618,70.20780480656545,86.0
2025-12-02,23,6.0,0.0,0.0,1,97.84247391558215,24.460618478895537,76.0
2025-12-02,24,3.0,7.0,0.7,0,0.0,0.0,99.0
2025-12-02,25,5.0,7.0,0.5833333333333333,1,63.06080404456029,15.765201011140073,260.0
2025-12-03,1,3.0,5.0,0.625,0,0.0,0.0,112.0
2025-12-03,3,15.0,1.0,0.0625,2,104.67830773726305,26.169576934315764,47.5
2025-12-03,4,6.0,0.0,0.0,0,0.0,0.0,232.0
2025-12-03,7,0.0,4.0,1.0,0,0.0,0.0,95.0
2025-12-03,8,2.0,4.0,0.6666666666666667,1,9.109176311943898,2.2772940779859745,100.0
2025-12-03,11,9.0,1.0,0.09999999999999998,0,0.0,0.0,57.0
2025-12-03,12,2.0,4.0,0.6666666666666667,0,0.0,0.0,57.0
2025-12-03,14,4.0,8.0,0.6666666666666667,2,88.82690985075256,22.20672746268814,41.0
2025-12-03,17,2.0,6.0,0.75,5,406.6698782432464,101.6674695608116,82.16666666666667
2025-12-03,19,4.0,0.0,0.0,1,22.813174200211414,5.703293550052853,25.0
2025-12-03,21,1.0,3.0,0.75,3,63.879759560765336,15.969939890191334,60.75
2025-12-03,25,6.0,6.0,0.5,0,0.0,0.0,137.0
2025-12-04,2,7.0,1.0,0.125,0,0.0,0.0,77.0
2025-12-04,3,9.0,7.0,0.4375,2,43.95391191507487,10.988477978768717,117.0
2025-12-04,4,2.0,4.0,0.6666666666666667,0,0.0,0.0,118.0
2025-12-04,6,4.0,6.0,0.6000000000000001,0,0.0,0.0,76.5
2025-12-04,10,2.6666666666666665,7.333333333333333,0.7333333333333334,3,166.78555014015555,41.69638753503889,73.83333333333333
2025-12-04,11,2.0,8.0,0.8,0,0.0,0.0,95.0
2025-12-04,14,12.0,0.0,0.0,0,0.0,0.0,30.0
2025-12-04,15,3.0,7.0,0.7,0,0.0,0.0,114.0
2025-12-04,20,3.0,9.0,0.75,1,181.78744454870426,45.446861137176064,118.0
2025-12-04,21,2.0,2.0,0.5,0,0.0,0.0,207.0
2025-12-04,23,5.0,1.0,0.16666666666666663,1,132.9308440868336,33.2327110217084,29.0
2025-12-04,24,2.0,8.0,0.8,0,0.0,0.0,46.0
2025-12-04,25,3.0,9.0,0.75,2,127.13358179854268,31.78339544963567,77.0
2025-12-05,1,5.0,3.0,0.375,0,0.0,0.0,80.0
2025-12-05,3,3.0,13.0,0.8125,0,0.0,0.0,56.0
2025-12-05,5,6.0,4.0,0.39999999999999997,2,116.91153207440594,29.227883018601485,92.0
2025-12-05,6,7.0,3.0,0.30000000000000004,0,0.0,0.0,44.0
2025-12-05,7,1.5,2.5,0.625,0,0.0,0.0,54.5
2025-12-05,8,3.0,3.0,0.5,1,89.34314462571224,22.33578615642806,66.0
2025-12-05,10,8.0,2.0,0.19999999999999996,0,0.0,0.0,88.0
2025-12-05,12,3.0,3.0,0.5,0,0.0,0.0,19.0
2025-12-05,14,7.0,5.0,0.41666666666666663,0,0.0,0.0,111.0
2025-12-05,16,1.0,3.0,0.75,0,0.0,0.0,25.0
2025-12-05,22,3.0,9.0,0.75,0,0.0,0.0,52.0
2025-12-05,24,2.0,8.0,0.8,1,58.23550577192717,14.558876442981793,81.0
2025-12-05,25,4.0,8.0,0.6666666666666667,3,276.0838215786014,69.02095539465034,55.0
2025-12-06,3,6.0,10.0,0.625,0,0.0,0.0,76.0
2025-12-06,4,3.0,3.0,0.5,1,234.98543146590433,58.74635786647608,116.0
2025-12-06,8,4.5,1.5,0.25,0,0.0,0.0,90.0
2025-12-06,9,2.0,4.0,0.6666666666666667,0,0.0,0.0,33.0
2025-12-06,10,10.0,0.0,0.0,0,0.0,0.0,83.0
2025-12-06,14,12.0,0.0,0.0,0,0.0,0.0,41.0
2025-12-06,15,9.0,1.0,0.09999999999999998,2,63.115441751873384,15.778860437968346,79.0
2025-12-06,18,5.0,3.0,0.375,0,0.0,0.0,106.0
2025-12-06,19,2.0,2.0,0.5,1,198.3503479116864,49.5875869779216,55.0
2025-12-06,20,11.0,1.0,0.08333333333333337,2,308.7318630838894,77.18296577097234,96.5
2025-12-06,21,4.0,0.0,0.0,0,0.0,0.0,25.0
2025-12-06,23,2.0,4.0,0.6666666666666667,0,0.0,0.0,36.0
2025-12-06,24,4.0,6.0,0.6,0,0.0,0.0,29.0
2025-12-07,1,5.0,3.0,0.375,0,0.0,0.0,283.0
2025-12-07,3,8.0,8.0,0.5,1,83.66229207783319,20.915573019458296,51.0
2025-12-07,6,10.0,0.0,0.0,0,0.0,0.0,53.0
2025-12-07,7,2.0,2.0,0.5,0,0.0,0.0,126.0
2025-12-07,9,6.0,0.0,0.0,0,0.0,0.0,46.0
2025-12-07,12,3.0,3.0,0.5,0,0.0,0.0,123.0
2025-12-07,14,6.0,6.0,0.5,0,0.0,0.0,45.0
2025-12-07,20,6.0,6.0,0.5,0,0.0,0.0,113.0
2025-12-07,23,3.0,3.0,0.5,3,309.4044299722152,77.3511074930538,124.25
2025-12-07,24,9.0,1.0,0.09999999999999998,0,0.0,0.0,105.0
2025-12-08,4,3.5,2.5,0.4166666666666667,1,19.61049319940735,4.902623299851838,27.5
2025-12-08,6,3.0,7.0,0.7,1,23.954276796855222,5.9885691992138055,108.0
2025-12-08,8,1.0,5.0,0.8333333333333334,2,102.64191911843156,25.66047977960789,32.5
2025-12-08,13,5.0,11.0,0.6875,0,0.0,0.0,88.0
2025-12-08,16,1.0,3.0,0.75,0,0.0,0.0,94.0
2025-12-08,18,4.0,4.0,0.5,0,0.0,0.0,64.0
2025-12-08,19,3.0,1.0,0.25,0,0.0,0.0,25.0
2025-12-08,20,11.0,1.0,0.08333333333333337,0,0.0,0.0,119.0
2025-12-08,21,4.0,0.0,0.0,0,0.0,0.0,71.0
2025-12-08,23,6.0,0.0,0.0,0,0.0,0.0,90.0
2025-12-09,2,1.0,7.0,0.875,1,142.0651887556221,35.516297188905526,45.0
2025-12-09,3,10.5,5.5,0.34375,2,78.83941648174576,19.70985412043644,111.0
2025-12-09,8,6.0,0.0,0.0,1,197.20672665791005,49.30168166447751,57.0
2025-12-09,10,8.0,2.0,0.19999999999999996,0,0.0,0.0,15.0
2025-12-09,12,6.0,0.0,0.0,1,159.99831134810952,39.99957783702738,92.0
2025-12-09,19,3.0,1.0,0.25,0,0.0,0.0,105.0
2025-12-09,20,4.0,8.0,0.6666666666666667,1,46.77879173538798,11.694697933846996,70.0
2025-12-09,21,2.0,2.0,0.5,0,0.0,0.0,68.0
2025-12-09,22,6.0,6.0,0.5,2,183.66997215812967,45.91749303953242,32.5
2025-12-09,23,3.0,3.0,0.5,0,0.0,0.0,150.0
2025-12-09,24,2.0,8.0,0.8,2,287.605882312776,71.901470578194,70.5
2025-12-10,2,5.0,3.0,0.375,2,133.72314227773234,33.430785569433084,157.0
2025-12-10,4,2.0,4.0,0.6666666666666667,0,0.0,0.0,61.0
2025-12-10,6,7.0,3.0,0.30000000000000004,0,0.0,0.0,64.0
2025-12-10,8,4.0,2.0,0.33333333333333337,0,0.0,0.0,53.5
2025-12-10,10,1.0,9.0,0.9,1,233.0464197135649,58.26160492839122,90.0
2025-12-10,16,0.0,4.0,1.0,2,94.80969353322429,23.702423383306073,110.0
2025-12-10,17,1.0,7.0,0.875,2,77.66906252405043,19.417265631012608,41.5
2025-12-10,18,2.0,6.0,0.75,0,0.0,0.0,47.0
2025-12-10,19,1.0,3.0,0.75,3,187.36355735687724,46.84088933921931,105.33333333333333
2025-12-10,21,3.0,1.0,0.25,0,0.0,0.0,109.0
2025-12-10,22,3.0,9.0,0.75,1,65.41607422680953,16.354018556702382,114.0
2025-12-10,25,2.0,10.0,0.8333333333333334,1,11.224653789724231,2.8061634474310577,104.0
2025-12-11,3,5.5,10.5,0.65625,0,0.0,0.0,41.5
2025-12-11,4,3.3333333333333335,2.6666666666666665,0.4444444444444445,1,31.088020464289034,7.7720051160722585,132.66666666666666
2025-12-11,5,3.0,7.0,0.7,1,73.00411584265136,18.25102896066284,18.0
2025-12-11,8,3.5,2.5,0.4166666666666667,1,8.83115935897915,2.2077898397447875,30.0
2025-12-11,9,3.0,3.0,0.5,1,18.964825071476454,4.741206267869114,47.5
2025-12-11,11,6.5,3.5,0.35,4,293.8556793843095,73.46391984607737,119.83333333333333
2025-12-11,13,9.0,7.0,0.4375,0,0.0,0.0,66.0
2025-12-11,15,8.0,2.0,0.19999999999999996,0,0.0,0.0,251.0
2025-12-11,16,0.0,4.0,1.0,1,8.631225326038054,2.1578063315095135,22.0
2025-12-11,19,1.0,3.0,0.75,0,0.0,0.0,47.0
2025-12-11,23,0.5,5.5,0.9166666666666667,3,185.10796271661985,46.27699067915496,89.5
2025-12-12,3,10.666666666666666,5.333333333333333,0.3333333333333333,1,113.49131836203281,28.372829590508204,100.66666666666667
2025-12-12,5,4.5,5.5,0.55,0,0.0,0.0,32.5
2025-12-12,7,4.0,0.0,0.0,0,0.0,0.0,21.0
2025-12-12,8,2.0,4.0,0.6666666666666667,2,132.39450283023982,33.098625707559954,191.0
2025-12-12,9,3.6666666666666665,2.3333333333333335,0.3888888888888889,1,32.97299979333439,8.243249948333597,59.333333333333336
2025-12-12,12,1.0,5.0,0.8333333333333334,0,0.0,0.0,48.0
2025-12-12,15,6.0,4.0,0.4,0,0.0,0.0,37.5
2025-12-12,20,4.0,8.0,0.6666666666666667,2,53.21343825538678,13.303359563846694,103.5
2025-12-12,22,1.0,11.0,0.9166666666666666,1,80.77416883575465,20.193542208938663,157.5
2025-12-12,23,1.0,5.0,0.8333333333333334,0,0.0,0.0,23.0
2025-12-12,24,2.0,8.0,0.8,0,0.0,0.0,94.0
2025-12-12,25,8.0,4.0,0.33333333333333337,0,0.0,0.0,143.0
2025-12-13,1,4.0,4.0,0.5,1,49.214406108113124,12.303601527028281,86.0
2025-12-13,3,9.5,6.5,0.40625,3,123.65410141813737,30.913525354534343,190.25
2025-12-13,4,6.0,0.0,0.0,0,0.0,0.0,17.0
2025-12-13,7,3.0,1.0,0.25,2,153.1778891591813,38.29447228979532,64.5
2025-12-13,10,6.0,4.0,0.4,0,0.0,0.0,114.0
2025-12-13,11,10.0,0.0,0.0,1,35.946940393799366,8.986735098449842,129.0
2025-12-13,12,5.5,0.5,0.08333333333333331,2,138.72117053037596,34.68029263259399,61.0
2025-12-13,13,12.666666666666666,3.3333333333333335,0.20833333333333334,1,76.61320487585576,19.15330121896394,94.0
2025-12-13,19,3.0,1.0,0.25,0,0.0,0.0,25.0
2025-12-13,23,3.5,2.5,0.4166666666666667,0,0.0,0.0,74.5
2025-12-13,24,4.0,6.0,0.6,2,16.651831782913142,4.1629579457282855,109.0
2025-12-14,4,4.333333333333333,1.6666666666666667,0.27777777777777773,0,0.0,0.0,94.0
2025-12-14,6,10.0,0.0,0.0,0,0.0,0.0,29.0
2025-12-14,7,3.3333333333333335,0.6666666666666666,0.16666666666666666,3,206.770532382691,51.69263309567275,69.33333333333333
2025-12-14,8,3.0,3.0,0.5,0,0.0,0.0,18.0
2025-12-14,15,4.0,6.0,0.6,1,96.88014196615262,24.220035491538155,188.0
2025-12-14,17,4.0,4.0,0.5,2,38.64748998826042,9.661872497065104,78.5
2025-12-14,18,3.0,5.0,0.625,0,0.0,0.0,40.0
2025-12-14,22,7.0,5.0,0.41666666666666663,0,0.0,0.0,79.0
2025-12-15,1,0.0,8.0,1.0,1,3.8187438449050912,0.9546859612262728,61.0
2025-12-15,2,8.0,0.0,0.0,0,0.0,0.0,114.0
2025-12-15,6,4.0,6.0,0.6,0,0.0,0.0,80.0
2025-12-15,7,1.5,2.5,0.625,2,234.75189869520148,58.68797467380037,108.5
2025-12-15,8,2.5,3.5,0.5833333333333334,1,33.97587767896362,8.493969419740905,45.5
2025-12-15,11,1.0,9.0,0.9,0,0.0,0.0,28.0
2025-12-15,12,1.0,5.0,0.8333333333333334,1,16.413984053846313,4.103496013461578,65.0
2025-12-15,15,2.0,8.0,0.8,0,0.0,0.0,113.0
2025-12-15,18,3.0,5.0,0.625,0,0.0,0.0,261.0
2025-12-15,19,1.0,3.0,0.75,0,0.0,0.0,72.0
2025-12-15,21,3.0,1.0,0.25,0,0.0,0.0,101.0
2025-12-15,22,11.0,1.0,0.08333333333333337,0,0.0,0.0,39.0
2025-12-15,24,2.0,8.0,0.8,2,191.3568304333017,47.839207608325424,248.0
2025-12-15,25,4.0,8.0,0.6666666666666667,1,319.49364076593474,79.87341019148369,31.0
2025-12-16,12,1.0,5.0,0.8333333333333334,0,0.0,0.0,22.0
2025-12-16,13,8.0,8.0,0.5,2,93.87028540482666,23.467571351206665,112.66666666666667
2025-12-16,14,3.0,9.0,0.75,1,41.04645027818515,10.261612569546287,42.0
2025-12-16,16,1.0,3.0,0.75,1,10.587178781959977,2.6467946954899944,102.0
2025-12-16,17,5.0,3.0,0.375,1,11.76996618949645,2.9424915473741127,92.0
2025-12-16,22,10.0,2.0,0.16666666666666663,0,0.0,0.0,15.0
2025-12-16,25,7.0,5.0,0.41666666666666663,0,0.0,0.0,97.0
2025-12-17,8,1.0,5.0,0.8333333333333334,2,101.11022781124106,25.277556952810265,59.0
2025-12-17,11,3.0,7.0,0.7,0,0.0,0.0,23.0
2025-12-17,12,6.0,0.0,0.0,0,0.0,0.0,104.0
2025-12-17,15,1.0,9.0,0.9,0,0.0,0.0,19.0
2025-12-17,18,8.0,0.0,0.0,1,49.080119089646345,12.270029772411586,34.0
2025-12-17,20,2.0,10.0,0.8333333333333334,0,0.0,0.0,15.0
2025-12-17,23,5.0,1.0,0.16666666666666663,1,48.57793360982846,12.144483402457116,41.0
2025-12-17,24,9.0,1.0,0.09999999999999998,0,0.0,0.0,63.0
2025-12-18,3,7.5,8.5,0.53125,0,0.0,0.0,44.5
2025-12-18,4,5.0,1.0,0.16666666666666663,0,0.0,0.0,19.0
2025-12-18,5,3.0,7.0,0.7,0,0.0,0.0,105.0
2025-12-18,8,3.0,3.0,0.5,2,130.94660366270784,32.73665091567696,103.5
2025-12-18,10,1.0,9.0,0.9,1,29.25390958296531,7.3134773957413275,47.0
2025-12-18,12,4.0,2.0,0.33333333333333337,0,0.0,0.0,19.0
2025-12-18,14,2.0,10.0,0.8333333333333334,0,0.0,0.0,97.0
2025-12-18,16,4.0,0.0,0.0,1,27.017139211084427,6.754284802771107,69.0
2025-12-18,18,3.6666666666666665,4.333333333333333,0.5416666666666666,0,0.0,0.0,150.0
2025-12-18,20,2.5,9.5,0.7916666666666667,0,0.0,0.0,38.0
2025-12-18,22,5.5,6.5,0.5416666666666667,0,0.0,0.0,98.0
2025-12-18,23,1.5,4.5,0.75,0,0.0,0.0,74.5
2025-12-18,25,7.0,5.0,0.41666666666666663,0,0.0,0.0,75.0
2025-12-19,2,8.0,0.0,0.0,1,101.41400327726095,25.353500819315236,90.0
2025-12-19,3,15.0,1.0,0.0625,1,16.752690611829806,4.1881726529574514,293.0
2025-12-19,8,6.0,0.0,0.0,0,0.0,0.0,116.0
2025-12-19,9,3.0,3.0,0.5,0,0.0,0.0,213.0
2025-12-19,10,9.0,1.0,0.09999999999999998,1,256.4567670947059,64.11419177367648,95.0
2025-12-19,13,16.0,0.0,0.0,1,10.597143562328874,2.6492858905822185,112.0
2025-12-19,14,1.0,11.0,0.9166666666666666,1,19.305274434534205,4.826318608633551,71.0
2025-12-19,16,1.0,3.0,0.75,0,0.0,0.0,52.0
2025-12-19,20,9.0,3.0,0.25,1,74.30788722989493,18.576971807473733,89.0
2025-12-19,21,1.0,3.0,0.75,1,54.78198816629307,13.695497041573267,47.0
2025-12-19,23,6.0,0.0,0.0,1,51.813509821166996,12.953377455291749,31.0
2025-12-19,24,3.0,7.0,0.7,1,268.99991869919694,67.24997967479923,15.0
2025-12-19,25,6.0,6.0,0.5,0,0.0,0.0,71.0
2025-12-20,1,5.0,3.0,0.375,2,366.8002159103037,91.70005397757592,91.0
2025-12-20,5,10.0,0.0,0.0,0,0.0,0.0,141.0
2025-12-20,8,4.0,2.0,0.33333333333333337,1,31.69650770926684,7.92412692731671,40.0
2025-12-20,12,2.0,4.0,0.6666666666666667,1,57.246450781434056,14.311612695358514,164.0
2025-12-20,13,9.0,7.0,0.4375,0,0.0,0.0,101.0
2025-12-20,14,10.0,2.0,0.16666666666666663,2,81.0932751384224,20.2733187846056,92.0
2025-12-20,15,10.0,0.0,0.0,1,76.7175893086767,19.179397327169173,18.0
2025-12-20,19,2.0,2.0,0.5,0,0.0,0.0,88.0
2025-12-20,22,11.5,0.5,0.041666666666666685,0,0.0,0.0,45.5
2025-12-20,24,8.0,2.0,0.19999999999999996,0,0.0,0.0,47.0
2025-12-21,1,4.0,4.0,0.5,0,0.0,0.0,26.0
2025-12-21,6,9.0,1.0,0.09999999999999998,0,0.0,0.0,113.0
2025-12-21,7,2.0,2.0,0.5,3,368.52079725967127,92.13019931491782,82.0
2025-12-21,8,3.0,3.0,0.5,0,0.0,0.0,42.0
2025-12-21,10,5.0,5.0,0.5,0,0.0,0.0,45.0
2025-12-21,12,3.0,3.0,0.5,0,0.0,0.0,20.0
2025-12-21,13,6.0,10.0,0.625,1,66.86580065973072,16.71645016493268,52.0
2025-12-21,15,6.0,4.0,0.4,1,170.98731348444164,42.74682837111041,92.0
2025-12-21,17,5.5,2.5,0.3125,3,127.01749325439378,31.754373313598446,160.5
2025-12-21,18,8.0,0.0,0.0,1,103.16550644342281,25.791376610855703,22.0
2025-12-21,20,6.0,6.0,0.5,0,0.0,0.0,46.0
2025-12-21,22,7.0,5.0,0.41666666666666663,1,36.775142749070774,9.193785687267694,51.0
2025-12-21,23,3.0,3.0,0.5,1,302.4237631573794,75.60594078934486,15.0
2025-12-21,24,6.0,4.0,0.4,2,233.36697360680822,58.341743401702054,74.5
2025-12-21,25,12.0,0.0,0.0,0,0.0,0.0,19.0
2025-12-22,2,4.0,4.0,0.5,0,0.0,0.0,116.5
2025-12-22,5,2.0,8.0,0.8,0,0.0,0.0,64.0
2025-12-22,6,10.0,0.0,0.0,0,0.0,0.0,24.0
2025-12-22,8,2.0,4.0,0.6666666666666667,0,0.0,0.0,258.0
2025-12-22,12,1.5,4.5,0.75,0,0.0,0.0,77.5
2025-12-22,13,5.0,11.0,0.6875,1,52.82300412686061,13.205751031715153,77.0
2025-12-22,16,3.0,1.0,0.25,0,0.0,0.0,154.5
2025-12-22,19,1.0,3.0,0.75,0,0.0,0.0,96.0
2025-12-22,23,3.5,2.5,0.4166666666666667,3,214.40338018774526,53.600845046936314,89.16666666666666
2025-12-23,1,7.0,1.0,0.125,0,0.0,0.0,26.0
2025-12-23,2,5.0,3.0,0.375,0,0.0,0.0,85.0
2025-12-23,10,2.0,8.0,0.8,0,0.0,0.0,15.0
2025-12-23,12,1.0,5.0,0.8333333333333334,0,0.0,0.0,22.0
2025-12-23,14,6.333333333333333,5.666666666666667,0.47222222222222215,1,43.810333295455536,10.952583323863884,60.0
2025-12-23,15,2.0,8.0,0.8,0,0.0,0.0,98.0
2025-12-23,17,3.0,5.0,0.625,1,20.99591269011524,5.24897817252881,51.0
2025-12-23,18,5.5,2.5,0.3125,0,0.0,0.0,195.0
2025-12-23,20,4.0,8.0,0.6666666666666667,1,10.778875148630267,2.6947187871575666,52.5
2025-12-23,24,3.0,7.0,0.7,1,67.91837597090569,16.97959399272642,73.0
2025-12-23,25,6.0,6.0,0.5,0,0.0,0.0,108.5
2025-12-24,1,4.0,4.0,0.5,1,39.96292079922731,9.990730199806828,102.0
2025-12-24,3,5.0,11.0,0.6875,1,53.73309502568636,13.43327375642159,91.0
2025-12-24,5,2.5,7.5,0.75,5,449.50693763428916,112.37673440857229,108.91666666666666
2025-12-24,10,4.0,6.0,0.6,1,30.42472145929156,7.60618036482289,237.0
2025-12-24,11,5.0,5.0,0.5,0,0.0,0.0,111.0
2025-12-24,17,5.0,3.0,0.375,1,142.31491134621044,35.57872783655261,18.0
2025-12-24,18,2.0,6.0,0.75,2,129.85027928050238,32.462569820125594,112.5
2025-12-24,19,1.0,3.0,0.75,2,131.94471026004243,32.98617756501061,37.0
2025-12-24,20,3.0,9.0,0.75,0,0.0,0.0,26.0
2025-12-24,25,2.0,10.0,0.8333333333333334,0,0.0,0.0,112.0
2025-12-25,4,4.0,2.0,0.33333333333333337,1,38.38463077788508,9.59615769447127,75.5
2025-12-25,8,2.5,3.5,0.5833333333333334,3,216.67993680394454,54.169984200986136,78.0
2025-12-25,9,0.0,6.0,1.0,0,0.0,0.0,28.0
2025-12-25,10,3.0,7.0,0.7,1,47.65508727820451,11.913771819551128,84.0
2025-12-25,11,1.0,9.0,0.9,1,126.73955346449263,31.684888366123158,77.0
2025-12-25,14,6.0,6.0,0.5,0,0.0,0.0,95.0
2025-12-25,19,1.6666666666666667,2.3333333333333335,0.5833333333333334,5,228.228754343037,57.05718858575925,156.75
2025-12-25,25,11.0,1.0,0.08333333333333337,0,0.0,0.0,19.0
2025-12-26,1,2.0,6.0,0.75,0,0.0,0.0,107.66666666666667
2025-12-26,4,1.0,5.0,0.8333333333333334,1,23.690341130534165,5.922585282633541,116.0
2025-12-26,5,10.0,0.0,0.0,0,0.0,0.0,203.0
2025-12-26,7,4.0,0.0,0.0,0,0.0,0.0,105.0
2025-12-26,8,1.6666666666666667,4.333333333333333,0.7222222222222223,0,0.0,0.0,32.333333333333336
2025-12-26,10,3.3333333333333335,6.666666666666667,0.6666666666666666,3,91.31110198576526,22.827775496441316,131.83333333333334
2025-12-26,11,9.0,1.0,0.09999999999999998,1,66.66913749443665,16.667284373609164,65.5
2025-12-26,12,2.0,4.0,0.6666666666666667,2,146.9422528381429,36.73556320953573,55.5
2025-12-26,18,4.0,4.0,0.5,0,0.0,0.0,87.0
2025-12-26,19,1.0,3.0,0.75,1,75.10868665914985,18.777171664787463,57.0
2025-12-26,20,4.0,8.0,0.6666666666666667,1,48.172176556482256,12.043044139120564,89.0
2025-12-26,23,2.0,4.0,0.6666666666666667,2,268.2122063548436,67.0530515887109,91.5
2025-12-27,2,3.0,5.0,0.625,0,0.0,0.0,44.0
2025-12-27,3,9.0,7.0,0.4375,1,19.210327560284775,4.802581890071194,151.5
2025-12-27,6,8.0,2.0,0.19999999999999996,1,86.09423110239761,21.523557775599404,15.0
2025-12-27,8,2.5,3.5,0.5833333333333334,0,0.0,0.0,78.5
2025-12-27,10,9.0,1.0,0.09999999999999998,0,0.0,0.0,271.0
2025-12-27,11,4.5,5.5,0.55,2,139.68159155999143,34.92039788999786,87.0
2025-12-27,13,9.0,7.0,0.4375,0,0.0,0.0,102.0
2025-12-27,14,6.0,6.0,0.5,2,16.712284381778012,4.178071095444503,183.0
2025-12-27,15,5.0,5.0,0.5,1,15.858740160275303,3.964685040068826,44.0
2025-12-27,16,2.0,2.0,0.5,1,11.528772575983663,2.8821931439959156,71.0
2025-12-27,17,4.0,4.0,0.5,1,25.37039536864778,6.342598842161945,81.0
2025-12-27,22,7.0,5.0,0.41666666666666663,2,97.98259166895555,24.495647917238887,152.0
2025-12-27,23,6.0,0.0,0.0,1,66.86105428174675,16.715263570436687,257.0
2025-12-28,1,4.0,4.0,0.5,0,0.0,0.0,79.0
2025-12-28,2,8.0,0.0,0.0,0,0.0,0.0,61.0
2025-12-28,6,9.0,1.0,0.09999999999999998,0,0.0,0.0,115.0
2025-12-28,7,2.0,2.0,0.5,0,0.0,0.0,55.0
2025-12-28,9,6.0,0.0,0.0,0,0.0,0.0,72.0
2025-12-28,11,4.0,6.0,0.6,1,21.118603771128434,5.279650942782109,178.0
2025-12-28,13,16.0,0.0,0.0,0,0.0,0.0,86.0
2025-12-28,15,7.0,3.0,0.3,2,81.45493477133535,20.363733692833836,211.5
2025-12-28,19,2.0,2.0,0.5,0,0.0,0.0,104.0
2025-12-28,20,6.0,6.0,0.5,1,53.49882699480728,13.37470674870182,56.0
2025-12-28,21,3.0,1.0,0.25,0,0.0,0.0,21.0
2025-12-28,22,9.0,3.0,0.25,1,29.732577584489448,7.433144396122362,45.5
2025-12-29,2,5.0,3.0,0.375,0,0.0,0.0,116.0
2025-12-29,3,7.0,9.0,0.5625,0,0.0,0.0,94.0
2025-12-29,5,2.5,7.5,0.75,0,0.0,0.0,77.0
2025-12-29,6,4.0,6.0,0.6,0,0.0,0.0,64.0
2025-12-29,7,0.0,4.0,1.0,1,16.589809848378874,4.147452462094718,27.0
2025-12-29,11,2.0,8.0,0.8,1,24.64153887805136,6.16038471951284,30.0
2025-12-29,12,6.0,0.0,0.0,0,0.0,0.0,29.0
2025-12-29,15,8.0,2.0,0.19999999999999996,1,57.48709136119156,14.37177284029789,54.0
2025-12-29,17,6.0,2.0,0.25,0,0.0,0.0,28.0
2025-12-29,25,4.0,8.0,0.6666666666666667,0,0.0,0.0,28.0
2025-12-30,2,2.0,6.0,0.75,0,0.0,0.0,56.0
2025-12-30,3,16.0,0.0,0.0,1,254.65896128057594,63.664740320143984,151.0
2025-12-30,4,0.0,6.0,1.0,2,306.7086465924561,76.67716164811402,56.0
2025-12-30,5,8.0,2.0,0.19999999999999996,1,68.28042361637034,17.070105904092586,17.0
2025-12-30,6,8.0,2.0,0.19999999999999996,1,78.5786373739268,19.6446593434817,295.0
2025-12-30,9,5.0,1.0,0.16666666666666663,0,0.0,0.0,109.0
2025-12-30,11,2.0,8.0,0.8,1,99.6681450216003,24.917036255400074,129.0
2025-12-30,18,3.0,5.0,0.625,0,0.0,0.0,208.0
2025-12-30,21,1.0,3.0,0.75,2,75.23567300418654,18.808918251046634,64.5
