timestamp,station_id,station_name,latitude,longitude,total_slots,available_slots,occupied_slots,occupancy_rate,n_charging_sessions,total_kwh,revenue,avg_session_duration,charger_type,location_type
2025-01-02 13:22:00,1,Charging Station 1,28.474908023769473,77.47535715320495,8,3,5,0.625,1,110.98978773920602,27.747446934801506,50.0,AC,commercial
2025-01-05 03:35:00,1,Charging Station 1,28.474908023769473,77.47535715320495,8,7,1,0.125,0,0.0,0.0,65.0,AC,commercial
2025-01-07 21:45:00,1,Charging Station 1,28.474908023769473,77.47535715320495,8,3,5,0.625,0,0.0,0.0,90.0,AC,commercial
2025-01-11 05:04:00,1,Charging Station 1,28.474908023769473,77.47535715320495,8,7,1,0.125,0,0.0,0.0,85.0,AC,commercial
2025-01-13 15:25:00,1,Charging Station 1,28.474908023769473,77.47535715320495,8,3,5,0.625,0,0.0,0.0,22.0,AC,commercial
2025-01-14 21:36:00,1,Charging Station 1,28.474908023769473,77.47535715320495,8,3,5,0.625,0,0.0,0.0,15.0,AC,commercial
2025-01-17 11:21:00,1,Charging Station 1,28.474908023769473,77.47535715320495,8,2,6,0.75,1,26.000699642364378,6.500174910591094,294.0,AC,commercial
2025-01-20 14:19:00,1,Charging Station 1,28.474908023769473,77.47535715320495,8,2,6,0.75,0,0.0,0.0,59.0,AC,commercial
2025-01-20 23:08:00,1,Charging Station 1,28.474908023769473,77.47535715320495,8,7,1,0.125,0,0.0,0.0,93.0,AC,commercial
2025-01-26 21:57:00,1,Charging Station 1,28.474908023769473,77.47535715320495,8,5,3,0.375,0,0.0,0.0,18.0,AC,commercial
2025-01-27 13:21:00,1,Charging Station 1,28.474908023769473,77.47535715320495,8,3,5,0.625,0,0.0,0.0,151.0,AC,commercial
2025-02-01 20:50:00,1,Charging Station 1,28.474908023769473,77.47535715320495,8,5,3,0.375,0,0.0,0.0,61.0,AC,commercial
2025-02-04 14:47:00,1,Charging Station 1,28.474908023769473,77.47535715320495,8,2,6,0.75,0,0.0,0.0,70.0,AC,commercial
2025-02-04 14:50:00,1,Charging Station 1,28.474908023769473,77.47535715320495,8,3,5,0.625,0,0.0,0.0,83.0,AC,commercial
2025-02-04 17:54:00,1,Charging Station 1,28.474908023769473,77.47535715320495,8,1,7,0.875,0,0.0,0.0,16.0,AC,commercial
2025-02-10 02:01:00,1,Charging Station 1,28.474908023769473,77.47535715320495,8,8,0,0.0,1,29.961690964366017,7.490422741091504,102.0,AC,commercial
2025-02-12 01:12:00,1,Charging Station 1,28.474908023769473,77.47535715320495,8,8,0,0.0,0,0.0,0.0,252.0,AC,commercial
2025-02-17 14:27:00,1,Charging Station 1,28.474908023769473,77.47535715320495,8,3,5,0.625,2,76.47252698090635,19.118131745226588,89.5,AC,commercial
2025-02-17 15:46:00,1,Charging Station 1,28.474908023769473,77.47535715320495,8,3,5,0.625,1,78.58444043234043,19.646110108085107,94.0,AC,commercial
2025-02-17 23:03:00,1,Charging Station 1,28.474908023769473,77.47535715320495,8,6,2,0.25,1,44.742405356226094,11.185601339056523,106.0,AC,commercial
2025-02-18 14:53:00,1,Charging Station 1,28.474908023769473,77.47535715320495,8,2,6,0.75,0,0.0,0.0,119.0,AC,commercial
2025-02-20 18:55:00,1,Charging Station 1,28.474908023769473,77.47535715320495,8,0,8,1.0,0,0.0,0.0,277.0,AC,commercial
2025-02-21 16:50:00,1,Charging Station 1,28.474908023769473,77.47535715320495,8,2,6,0.75,0,0.0,0.0,106.0,AC,commercial
2025-02-22 20:01:00,1,Charging Station 1,28.474908023769473,77.47535715320495,8,3,5,0.625,0,0.0,0.0,38.0,AC,commercial
2025-02-24 13:46:00,1,Charging Station 1,28.474908023769473,77.47535715320495,8,3,5,0.625,0,0.0,0.0,15.0,AC,commercial
2025-02-27 17:39:00,1,Charging Station 1,28.474908023769473,77.47535715320495,8,0,8,1.0,0,0.0,0.0,39.0,AC,commercial
2025-03-01 19:10:00,1,Charging Station 1,28.474908023769473,77.47535715320495,8,3,5,0.625,0,0.0,0.0,91.0,AC,commercial
2025-03-06 18:18:00,1,Charging Station 1,28.474908023769473,77.47535715320495,8,1,7,0.875,1,202.72789744541217,50.68197436135304,152.0,AC,commercial
2025-03-09 16:00:00,1,Charging Station 1,28.474908023769473,77.47535715320495,8,4,4,0.5,2,42.574371182933575,10.643592795733394,42.0,AC,commercial
2025-03-10 04:30:00,1,Charging Station 1,28.474908023769473,77.47535715320495,8,7,1,0.125,0,0.0,0.0,174.0,AC,commercial
2025-03-10 17:39:00,1,Charging Station 1,28.474908023769473,77.47535715320495,8,1,7,0.875,0,0.0,0.0,101.0,AC,commercial
2025-03-11 06:40:00,1,Charging Station 1,28.474908023769473,77.47535715320495,8,7,1,0.125,0,0.0,0.0,77.0,AC,commercial
2025-03-16 08:30:00,1,Charging Station 1,28.474908023769473,77.47535715320495,8,4,4,0.5,3,52.52432559019327,13.131081397548318,42.666666666666664,AC,commercial
2025-03-21 14:12:00,1,Charging Station 1,28.474908023769473,77.47535715320495,8,2,6,0.75,0,0.0,0.0,70.0,AC,commercial
2025-03-21 15:23:00,1,Charging Station 1,28.474908023769473,77.47535715320495,8,2,6,0.75,0,0.0,0.0,82.0,AC,commercial
2025-03-22 20:58:00,1,Charging Station 1,28.474908023769473,77.47535715320495,8,4,4,0.5,0,0.0,0.0,73.0,AC,commercial
2025-03-23 11:14:00,1,Charging Station 1,28.474908023769473,77.47535715320495,8,3,5,0.625,0,0.0,0.0,46.0,AC,commercial
2025-03-23 19:56:00,1,Charging Station 1,28.474908023769473,77.47535715320495,8,4,4,0.5,0,0.0,0.0,74.0,AC,commercial
2025-03-28 16:37:00,1,Charging Station 1,28.474908023769473,77.47535715320495,8,2,6,0.75,0,0.0,0.0,54.0,AC,commercial
2025-03-30 00:24:00,1,Charging Station 1,28.474908023769473,77.47535715320495,8,7,1,0.125,1,178.2290480910138,44.55726202275345,52.0,AC,commercial
2025-03-30 10:49:00,1,Charging Station 1,28.474908023769473,77.47535715320495,8,3,5,0.625,1,42.34773492709326,10.586933731773316,63.0,AC,commercial
2025-03-31 19:40:00,1,Charging Station 1,28.474908023769473,77.47535715320495,8,1,7,0.875,1,34.66126020116024,8.66531505029006,103.0,AC,commercial
2025-04-04 15:09:00,1,Charging Station 1,28.474908023769473,77.47535715320495,8,3,5,0.625,2,272.9959404661451,68.24898511653628,117.0,AC,commercial
2025-04-06 08:36:00,1,Charging Station 1,28.474908023769473,77.47535715320495,8,4,4,0.5,5,115.60336811996933,28.900842029992333,115.0,AC,commercial
2025-04-07 08:57:00,1,Charging Station 1,28.474908023769473,77.47535715320495,8,2,6,0.75,5,167.57336986376424,41.89334246594106,108.0,AC,commercial
2025-04-08 10:18:00,1,Charging Station 1,28.474908023769473,77.47535715320495,8,2,6,0.75,0,0.0,0.0,94.0,AC,commercial
2025-04-09 08:44:00,1,Charging Station 1,28.474908023769473,77.47535715320495,8,2,6,0.75,3,258.547210927067,64.63680273176675,52.333333333333336,AC,commercial
2025-04-10 20:28:00,1,Charging Station 1,28.474908023769473,77.47535715320495,8,2,6,0.75,0,0.0,0.0,15.0,AC,commercial
2025-04-12 10:47:00,1,Charging Station 1,28.474908023769473,77.47535715320495,8,3,5,0.625,0,0.0,0.0,68.0,AC,commercial
2025-04-13 22:49:00,1,Charging Station 1,28.474908023769473,77.47535715320495,8,6,2,0.25,0,0.0,0.0,59.0,AC,commercial
2025-04-14 07:35:00,1,Charging Station 1,28.474908023769473,77.47535715320495,8,5,3,0.375,0,0.0,0.0,105.0,AC,commercial
2025-04-17 10:34:00,1,Charging Station 1,28.474908023769473,77.47535715320495,8,1,7,0.875,0,0.0,0.0,45.0,AC,commercial
2025-04-20 00:13:00,1,Charging Station 1,28.474908023769473,77.47535715320495,8,7,1,0.125,0,0.0,0.0,213.0,AC,commercial
2025-04-23 17:16:00,1,Charging Station 1,28.474908023769473,77.47535715320495,8,1,7,0.875,0,0.0,0.0,130.0,AC,commercial
2025-04-26 10:56:00,1,Charging Station 1,28.474908023769473,77.47535715320495,8,3,5,0.625,1,65.3768570081082,16.34421425202705,21.0,AC,commercial
2025-04-27 01:45:00,1,Charging Station 1,28.474908023769473,77.47535715320495,8,8,0,0.0,0,0.0,0.0,59.0,AC,commercial
2025-05-01 19:31:00,1,Charging Station 1,28.474908023769473,77.47535715320495,8,1,7,0.875,1,128.5826102117878,32.14565255294695,87.0,AC,commercial
2025-05-05 11:02:00,1,Charging Station 1,28.474908023769473,77.47535715320495,8,2,6,0.75,1,37.812712134259634,9.453178033564908,116.0,AC,commercial
2025-05-09 16:50:00,1,Charging Station 1,28.474908023769473,77.47535715320495,8,2,6,0.75,0,0.0,0.0,31.0,AC,commercial
2025-05-17 14:30:00,1,Charging Station 1,28.474908023769473,77.47535715320495,8,5,3,0.375,0,0.0,0.0,216.0,AC,commercial
2025-05-18 21:39:00,1,Charging Station 1,28.474908023769473,77.47535715320495,8,4,4,0.5,1,57.28040615980201,14.320101539950503,51.0,AC,commercial
2025-05-19 13:06:00,1,Charging Station 1,28.474908023769473,77.47535715320495,8,3,5,0.625,0,0.0,0.0,97.0,AC,commercial
2025-05-21 07:40:00,1,Charging Station 1,28.474908023769473,77.47535715320495,8,5,3,0.375,1,85.73954420900318,21.434886052250796,183.0,AC,commercial
2025-05-24 10:24:00,1,Charging Station 1,28.474908023769473,77.47535715320495,8,3,5,0.625,0,0.0,0.0,290.0,AC,commercial
2025-05-24 11:34:00,1,Charging Station 1,28.474908023769473,77.47535715320495,8,4,4,0.5,0,0.0,0.0,34.0,AC,commercial
2025-05-24 22:22:00,1,Charging Station 1,28.474908023769473,77.47535715320495,8,6,2,0.25,0,0.0,0.0,262.0,AC,commercial
2025-05-25 07:37:00,1,Charging Station 1,28.474908023769473,77.47535715320495,8,6,2,0.25,0,0.0,0.0,81.0,AC,commercial
2025-05-30 10:15:00,1,Charging Station 1,28.474908023769473,77.47535715320495,8,1,7,0.875,0,0.0,0.0,117.0,AC,commercial
2025-06-04 18:06:00,1,Charging Station 1,28.474908023769473,77.47535715320495,8,1,7,0.875,2,27.781250060430658,6.9453125151076645,67.0,AC,commercial
2025-06-05 04:07:00,1,Charging Station 1,28.474908023769473,77.47535715320495,8,7,1,0.125,1,129.22029467736056,32.30507366934014,40.0,AC,commercial
2025-06-07 09:31:00,1,Charging Station 1,28.474908023769473,77.47535715320495,8,4,4,0.5,0,0.0,0.0,22.0,AC,commercial
2025-06-08 02:16:00,1,Charging Station 1,28.474908023769473,77.47535715320495,8,7,1,0.125,0,0.0,0.0,27.0,AC,commercial
2025-06-11 09:08:00,1,Charging Station 1,28.474908023769473,77.47535715320495,8,2,6,0.75,0,0.0,0.0,23.0,AC,commercial
2025-06-12 01:39:00,1,Charging Station 1,28.474908023769473,77.47535715320495,8,8,0,0.0,0,0.0,0.0,75.0,AC,commercial
2025-06-13 06:20:00,1,Charging Station 1,28.474908023769473,77.47535715320495,8,6,2,0.25,0,0.0,0.0,56.0,AC,commercial
2025-06-15 02:28:00,1,Charging Station 1,28.474908023769473,77.47535715320495,8,8,0,0.0,0,0.0,0.0,77.0,AC,commercial
2025-06-18 17:11:00,1,Charging Station 1,28.474908023769473,77.47535715320495,8,0,8,1.0,0,0.0,0.0,15.0,AC,commercial
2025-06-21 15:00:00,1,Charging Station 1,28.474908023769473,77.47535715320495,8,4,4,0.5,1,55.78030598092591,13.945076495231477,205.0,AC,commercial
2025-06-23 18:34:00,1,Charging Station 1,28.474908023769473,77.47535715320495,8,0,8,1.0,1,66.58263397476583,16.645658493691457,20.0,AC,commercial
2025-06-24 16:59:00,1,Charging Station 1,28.474908023769473,77.47535715320495,8,2,6,0.75,1,291.3849488253787,72.84623720634467,273.0,AC,commercial
2025-06-25 15:21:00,1,Charging Station 1,28.474908023769473,77.47535715320495,8,3,5,0.625,0,0.0,0.0,54.0,AC,commercial
2025-06-26 08:44:00,1,Charging Station 1,28.474908023769473,77.47535715320495,8,3,5,0.625,3,267.54017599587775,66.88504399896944,49.666666666666664,AC,commercial
2025-06-29 11:45:00,1,Charging Station 1,28.474908023769473,77.47535715320495,8,4,4,0.5,1,23.50299087204656,5.87574771801164,49.0,AC,commercial
2025-07-03 13:12:00,1,Charging Station 1,28.474908023769473,77.47535715320495,8,3,5,0.625,0,0.0,0.0,56.0,AC,commercial
2025-07-05 19:14:00,1,Charging Station 1,28.474908023769473,77.47535715320495,8,3,5,0.625,1,105.9400173666427,26.485004341660677,70.0,AC,commercial
2025-07-12 01:21:00,1,Charging Station 1,28.474908023769473,77.47535715320495,8,7,1,0.125,2,97.80586249198888,24.45146562299722,110.5,AC,commercial
2025-07-19 12:32:00,1,Charging Station 1,28.474908023769473,77.47535715320495,8,5,3,0.375,0,0.0,0.0,46.0,AC,commercial
2025-07-26 23:00:00,1,Charging Station 1,28.474908023769473,77.47535715320495,8,7,1,0.125,1,39.00680038604961,9.751700096512403,107.0,AC,commercial
2025-07-28 22:34:00,1,Charging Station 1,28.474908023769473,77.47535715320495,8,5,3,0.375,0,0.0,0.0,110.0,AC,commercial
2025-07-30 21:36:00,1,Charging Station 1,28.474908023769473,77.47535715320495,8,4,4,0.5,1,21.254931520211244,5.313732880052811,114.0,AC,commercial
2025-07-31 04:23:00,1,Charging Station 1,28.474908023769473,77.47535715320495,8,7,1,0.125,0,0.0,0.0,106.0,AC,commercial
2025-08-01 15:50:00,1,Charging Station 1,28.474908023769473,77.47535715320495,8,2,6,0.75,0,0.0,0.0,75.0,AC,commercial
2025-08-03 03:12:00,1,Charging Station 1,28.474908023769473,77.47535715320495,8,7,1,0.125,0,0.0,0.0,81.0,AC,commercial
2025-08-03 04:36:00,1,Charging Station 1,28.474908023769473,77.47535715320495,8,8,0,0.0,0,0.0,0.0,57.0,AC,commercial
2025-08-03 10:07:00,1,Charging Station 1,28.474908023769473,77.47535715320495,8,3,5,0.625,1,60.10530799019469,15.026326997548672,42.0,AC,commercial
2025-08-05 18:28:00,1,Charging Station 1,28.474908023769473,77.47535715320495,8,1,7,0.875,0,0.0,0.0,109.0,AC,commercial
2025-08-05 21:01:00,1,Charging Station 1,28.474908023769473,77.47535715320495,8,3,5,0.625,0,0.0,0.0,53.0,AC,commercial
2025-08-06 18:07:00,1,Charging Station 1,28.474908023769473,77.47535715320495,8,1,7,0.875,2,78.50141602571756,19.62535400642939,78.0,AC,commercial
2025-08-06 22:04:00,1,Charging Station 1,28.474908023769473,77.47535715320495,8,5,3,0.375,0,0.0,0.0,15.0,AC,commercial
2025-08-07 04:40:00,1,Charging Station 1,28.474908023769473,77.47535715320495,8,8,0,0.0,1,37.453634553401955,9.363408638350489,96.0,AC,commercial
2025-08-09 13:49:00,1,Charging Station 1,28.474908023769473,77.47535715320495,8,5,3,0.375,1,30.265374683394864,7.566343670848716,36.0,AC,commercial
2025-08-10 18:05:00,1,Charging Station 1,28.474908023769473,77.47535715320495,8,3,5,0.625,2,93.64244092457653,23.410610231144133,84.5,AC,commercial
2025-08-12 17:18:00,1,Charging Station 1,28.474908023769473,77.47535715320495,8,0,8,1.0,1,5.1731876165185255,1.2932969041296314,31.0,AC,commercial
2025-08-14 21:55:00,1,Charging Station 1,28.474908023769473,77.47535715320495,8,3,5,0.625,0,0.0,0.0,203.0,AC,commercial
2025-08-17 16:43:00,1,Charging Station 1,28.474908023769473,77.47535715320495,8,4,4,0.5,0,0.0,0.0,90.0,AC,commercial
2025-08-22 01:51:00,1,Charging Station 1,28.474908023769473,77.47535715320495,8,8,0,0.0,0,0.0,0.0,31.0,AC,commercial
2025-08-23 14:36:00,1,Charging Station 1,28.474908023769473,77.47535715320495,8,4,4,0.5,1,45.42328975441213,11.355822438603033,47.0,AC,commercial
2025-08-23 16:35:00,1,Charging Station 1,28.474908023769473,77.47535715320495,8,4,4,0.5,0,0.0,0.0,31.0,AC,commercial
2025-08-25 00:14:00,1,Charging Station 1,28.474908023769473,77.47535715320495,8,7,1,0.125,1,16.075702012354867,4.018925503088717,30.0,AC,commercial
2025-08-25 09:44:00,1,Charging Station 1,28.474908023769473,77.47535715320495,8,2,6,0.75,1,51.300360858338095,12.825090214584524,23.0,AC,commercial
2025-08-25 17:43:00,1,Charging Station 1,28.474908023769473,77.47535715320495,8,2,6,0.75,0,0.0,0.0,116.0,AC,commercial
2025-08-25 23:19:00,1,Charging Station 1,28.474908023769473,77.47535715320495,8,7,1,0.125,0,0.0,0.0,207.0,AC,commercial
2025-08-28 09:18:00,1,Charging Station 1,28.474908023769473,77.47535715320495,8,2,6,0.75,2,237.6523100456521,59.41307751141302,112.0,AC,commercial
2025-09-01 03:32:00,1,Charging Station 1,28.474908023769473,77.47535715320495,8,8,0,0.0,1,13.96527316928734,3.491318292321835,22.0,AC,commercial
2025-09-04 07:14:00,1,Charging Station 1,28.474908023769473,77.47535715320495,8,4,4,0.5,0,0.0,0.0,224.0,AC,commercial
2025-09-05 03:20:00,1,Charging Station 1,28.474908023769473,77.47535715320495,8,8,0,0.0,0,0.0,0.0,171.0,AC,commercial
2025-09-07 13:11:00,1,Charging Station 1,28.474908023769473,77.47535715320495,8,5,3,0.375,1,57.695318125448075,14.423829531362019,98.0,AC,commercial
2025-09-10 19:57:00,1,Charging Station 1,28.474908023769473,77.47535715320495,8,1,7,0.875,0,0.0,0.0,136.0,AC,commercial
2025-09-11 09:27:00,1,Charging Station 1,28.474908023769473,77.47535715320495,8,2,6,0.75,1,8.261138192447081,2.0652845481117703,67.0,AC,commercial
2025-09-12 00:02:00,1,Charging Station 1,28.474908023769473,77.47535715320495,8,7,1,0.125,1,320.0804043982281,80.02010109955702,27.0,AC,commercial
2025-09-13 08:07:00,1,Charging Station 1,28.474908023769473,77.47535715320495,8,5,3,0.375,2,74.49876718703243,18.624691796758107,61.0,AC,commercial
2025-09-13 08:13:00,1,Charging Station 1,28.474908023769473,77.47535715320495,8,4,4,0.5,2,35.13326708891447,8.783316772228618,75.0,AC,commercial
2025-09-14 05:52:00,1,Charging Station 1,28.474908023769473,77.47535715320495,8,8,0,0.0,0,0.0,0.0,62.0,AC,commercial
2025-09-16 17:42:00,1,Charging Station 1,28.474908023769473,77.47535715320495,8,1,7,0.875,1,24.543448401310535,6.135862100327634,33.0,AC,commercial
2025-09-19 07:15:00,1,Charging Station 1,28.474908023769473,77.47535715320495,8,5,3,0.375,2,203.7804004501749,50.94510011254373,36.0,AC,commercial
2025-09-19 20:00:00,1,Charging Station 1,28.474908023769473,77.47535715320495,8,2,6,0.75,0,0.0,0.0,43.0,AC,commercial
2025-09-22 03:48:00,1,Charging Station 1,28.474908023769473,77.47535715320495,8,7,1,0.125,0,0.0,0.0,119.0,AC,commercial
2025-09-22 11:55:00,1,Charging Station 1,28.474908023769473,77.47535715320495,8,2,6,0.75,1,80.4655104808028,20.1163776202007,289.0,AC,commercial
2025-09-26 09:51:00,1,Charging Station 1,28.474908023769473,77.47535715320495,8,2,6,0.75,4,272.87492311772263,68.21873077943066,114.0,AC,commercial
2025-09-26 12:40:00,1,Charging Station 1,28.474908023769473,77.47535715320495,8,3,5,0.625,0,0.0,0.0,60.0,AC,commercial
2025-09-26 17:04:00,1,Charging Station 1,28.474908023769473,77.47535715320495,8,1,7,0.875,0,0.0,0.0,15.0,AC,commercial
2025-09-27 05:53:00,1,Charging Station 1,28.474908023769473,77.47535715320495,8,7,1,0.125,1,25.770702145361977,6.442675536340494,19.0,AC,commercial
2025-09-28 15:19:00,1,Charging Station 1,28.474908023769473,77.47535715320495,8,3,5,0.625,0,0.0,0.0,48.0,AC,commercial
2025-10-09 18:27:00,1,Charging Station 1,28.474908023769473,77.47535715320495,8,0,8,1.0,1,58.754434219104645,14.688608554776161,177.0,AC,commercial
2025-10-10 10:10:00,1,Charging Station 1,28.474908023769473,77.47535715320495,8,1,7,0.875,0,0.0,0.0,116.0,AC,commercial
2025-10-14 09:11:00,1,Charging Station 1,28.474908023769473,77.47535715320495,8,2,6,0.75,2,180.68628748857714,45.171571872144284,58.0,AC,commercial
2025-10-15 06:21:00,1,Charging Station 1,28.474908023769473,77.47535715320495,8,7,1,0.125,0,0.0,0.0,187.0,AC,commercial
2025-10-16 06:02:00,1,Charging Station 1,28.474908023769473,77.47535715320495,8,6,2,0.25,1,11.273597444416461,2.8183993611041154,67.0,AC,commercial
2025-10-16 14:03:00,1,Charging Station 1,28.474908023769473,77.47535715320495,8,4,4,0.5,0,0.0,0.0,255.0,AC,commercial
2025-10-17 07:21:00,1,Charging Station 1,28.474908023769473,77.47535715320495,8,5,3,0.375,1,19.68151144041931,4.920377860104828,94.0,AC,commercial
2025-10-18 08:15:00,1,Charging Station 1,28.474908023769473,77.47535715320495,8,4,4,0.5,3,281.4132024720193,70.35330061800482,62.666666666666664,AC,commercial
2025-10-18 14:46:00,1,Charging Station 1,28.474908023769473,77.47535715320495,8,4,4,0.5,0,0.0,0.0,48.0,AC,commercial
2025-10-22 12:29:00,1,Charging Station 1,28.474908023769473,77.47535715320495,8,3,5,0.625,0,0.0,0.0,23.0,AC,commercial
2025-10-24 04:44:00,1,Charging Station 1,28.474908023769473,77.47535715320495,8,8,0,0.0,1,196.40040826343724,49.10010206585931,43.0,AC,commercial
2025-10-26 13:57:00,1,Charging Station 1,28.474908023769473,77.47535715320495,8,5,3,0.375,0,0.0,0.0,285.0,AC,commercial
2025-10-26 16:17:00,1,Charging Station 1,28.474908023769473,77.47535715320495,8,4,4,0.5,0,0.0,0.0,101.0,AC,commercial
2025-10-28 00:56:00,1,Charging Station 1,28.474908023769473,77.47535715320495,8,7,1,0.125,0,0.0,0.0,59.0,AC,commercial
2025-10-28 18:16:00,1,Charging Station 1,28.474908023769473,77.47535715320495,8,0,8,1.0,2,94.01919698716523,23.504799246791308,75.5,AC,commercial
2025-10-28 23:52:00,1,Charging Station 1,28.474908023769473,77.47535715320495,8,6,2,0.25,0,0.0,0.0,167.0,AC,commercial
2025-10-29 19:26:00,1,Charging Station 1,28.474908023769473,77.47535715320495,8,1,7,0.875,0,0.0,0.0,78.0,AC,commercial
2025-10-31 01:45:00,1,Charging Station 1,28.474908023769473,77.47535715320495,8,8,0,0.0,0,0.0,0.0,63.0,AC,commercial
2025-11-12 15:29:00,1,Charging Station 1,28.474908023769473,77.47535715320495,8,3,5,0.625,0,0.0,0.0,95.0,AC,commercial
2025-11-13 00:28:00,1,Charging Station 1,28.474908023769473,77.47535715320495,8,7,1,0.125,0,0.0,0.0,100.0,AC,commercial
2025-11-14 21:45:00,1,Charging Station 1,28.474908023769473,77.47535715320495,8,3,5,0.625,1,14.945913519020829,3.7364783797552072,231.0,AC,commercial
2025-11-15 23:52:00,1,Charging Station 1,28.474908023769473,77.47535715320495,8,6,2,0.25,0,0.0,0.0,93.0,AC,commercial
2025-11-17 17:43:00,1,Charging Station 1,28.474908023769473,77.47535715320495,8,1,7,0.875,0,0.0,0.0,243.0,AC,commercial
2025-11-18 06:45:00,1,Charging Station 1,28.474908023769473,77.47535715320495,8,6,2,0.25,1,26.51087181660416,6.62771795415104,137.0,AC,commercial
2025-11-19 09:11:00,1,Charging Station 1,28.474908023769473,77.47535715320495,8,2,6,0.75,0,0.0,0.0,86.0,AC,commercial
2025-11-20 23:00:00,1,Charging Station 1,28.474908023769473,77.47535715320495,8,6,2,0.25,1,36.72140630180205,9.180351575450512,111.0,AC,commercial
2025-11-23 01:05:00,1,Charging Station 1,28.474908023769473,77.47535715320495,8,8,0,0.0,0,0.0,0.0,95.0,AC,commercial
2025-11-23 06:04:00,1,Charging Station 1,28.474908023769473,77.47535715320495,8,7,1,0.125,0,0.0,0.0,61.0,AC,commercial
2025-11-24 00:48:00,1,Charging Station 1,28.474908023769473,77.47535715320495,8,7,1,0.125,0,0.0,0.0,35.0,AC,commercial
2025-11-27 10:00:00,1,Charging Station 1,28.474908023769473,77.47535715320495,8,1,7,0.875,0,0.0,0.0,75.0,AC,commercial
2025-11-29 13:40:00,1,Charging Station 1,28.474908023769473,77.47535715320495,8,5,3,0.375,0,0.0,0.0,64.0,AC,commercial
2025-12-01 05:25:00,1,Charging Station 1,28.474908023769473,77.47535715320495,8,7,1,0.125,1,177.9382477183897,44.484561929597426,92.0,AC,commercial
2025-12-03 14:07:00,1,Charging Station 1,28.474908023769473,77.47535715320495,8,3,5,0.625,0,0.0,0.0,112.0,AC,commercial
2025-12-05 07:16:00,1,Charging Station 1,28.474908023769473,77.47535715320495,8,5,3,0.375,0,0.0,0.0,80.0,AC,commercial
2025-12-07 07:03:00,1,Charging Station 1,28.474908023769473,77.47535715320495,8,5,3,0.375,0,0.0,0.0,283.0,AC,commercial
2025-12-13 09:34:00,1,Charging Station 1,28.474908023769473,77.47535715320495,8,4,4,0.5,0,0.0,0.0,38.0,AC,commercial
2025-12-13 14:29:00,1,Charging Station 1,28.474908023769473,77.47535715320495,8,4,4,0.5,1,49.214406108113124,12.303601527028281,134.0,AC,commercial
2025-12-15 18:33:00,1,Charging Station 1,28.474908023769473,77.47535715320495,8,0,8,1.0,1,3.8187438449050912,0.9546859612262728,61.0,AC,commercial
2025-12-20 08:09:00,1,Charging Station 1,28.474908023769473,77.47535715320495,8,5,3,0.375,2,366.8002159103037,91.70005397757592,91.0,AC,commercial
2025-12-21 12:40:00,1,Charging Station 1,28.474908023769473,77.47535715320495,8,4,4,0.5,0,0.0,0.0,26.0,AC,commercial
2025-12-23 05:35:00,1,Charging Station 1,28.474908023769473,77.47535715320495,8,7,1,0.125,0,0.0,0.0,26.0,AC,commercial
2025-12-24 14:29:00,1,Charging Station 1,28.474908023769473,77.47535715320495,8,4,4,0.5,1,39.96292079922731,9.990730199806828,102.0,AC,commercial
2025-12-26 13:04:00,1,Charging Station 1,28.474908023769473,77.47535715320495,8,3,5,0.625,0,0.0,0.0,99.0,AC,commercial
2025-12-26 16:54:00,1,Charging Station 1,28.474908023769473,77.47535715320495,8,1,7,0.875,0,0.0,0.0,114.0,AC,commercial
2025-12-26 20:49:00,1,Charging Station 1,28.474908023769473,77.47535715320495,8,2,6,0.75,0,0.0,0.0,110.0,AC,commercial
2025-12-28 09:15:00,1,Charging Station 1,28.474908023769473,77.47535715320495,8,4,4,0.5,0,0.0,0.0,79.0,AC,commercial
2025-01-01 00:55:00,2,Charging Station 2,28.431203728088487,77.0779972601681,8,7,1,0.125,0,0.0,0.0,55.0,Both,commercial
2025-01-02 17:35:00,2,Charging Station 2,28.431203728088487,77.0779972601681,8,1,7,0.875,0,0.0,0.0,74.0,Both,commercial
2025-01-03 21:47:00,2,Charging Station 2,28.431203728088487,77.0779972601681,8,4,4,0.5,1,11.645897673031858,2.9114744182579644,35.0,Both,commercial
2025-01-06 02:27:00,2,Charging Station 2,28.431203728088487,77.0779972601681,8,8,0,0.0,1,42.0350805880109,10.508770147002725,108.0,Both,commercial
2025-01-06 09:57:00,2,Charging Station 2,28.431203728088487,77.0779972601681,8,1,7,0.875,2,116.46893311470983,29.117233278677457,66.0,Both,commercial
2025-01-06 17:26:00,2,Charging Station 2,28.431203728088487,77.0779972601681,8,1,7,0.875,0,0.0,0.0,28.0,Both,commercial
2025-01-09 03:48:00,2,Charging Station 2,28.431203728088487,77.0779972601681,8,8,0,0.0,0,0.0,0.0,109.0,Both,commercial
2025-01-10 17:46:00,2,Charging Station 2,28.431203728088487,77.0779972601681,8,2,6,0.75,1,31.291862661800685,7.822965665450171,43.0,Both,commercial
2025-01-12 17:53:00,2,Charging Station 2,28.431203728088487,77.0779972601681,8,3,5,0.625,0,0.0,0.0,53.0,Both,commercial
2025-01-16 00:09:00,2,Charging Station 2,28.431203728088487,77.0779972601681,8,7,1,0.125,2,97.63398602796069,24.408496506990172,96.0,Both,commercial
2025-01-17 21:49:00,2,Charging Station 2,28.431203728088487,77.0779972601681,8,3,5,0.625,0,0.0,0.0,274.0,Both,commercial
2025-01-18 05:37:00,2,Charging Station 2,28.431203728088487,77.0779972601681,8,7,1,0.125,2,49.913958511395,12.47848962784875,171.0,Both,commercial
2025-01-19 12:03:00,2,Charging Station 2,28.431203728088487,77.0779972601681,8,4,4,0.5,1,74.95578749348132,18.73894687337033,84.0,Both,commercial
2025-01-22 01:42:00,2,Charging Station 2,28.431203728088487,77.0779972601681,8,8,0,0.0,0,0.0,0.0,99.0,Both,commercial
2025-01-22 14:14:00,2,Charging Station 2,28.431203728088487,77.0779972601681,8,3,5,0.625,0,0.0,0.0,70.0,Both,commercial
2025-01-24 22:43:00,2,Charging Station 2,28.431203728088487,77.0779972601681,8,5,3,0.375,0,0.0,0.0,20.0,Both,commercial
2025-01-25 13:50:00,2,Charging Station 2,28.431203728088487,77.0779972601681,8,5,3,0.375,0,0.0,0.0,118.0,Both,commercial
2025-01-29 10:36:00,2,Charging Station 2,28.431203728088487,77.0779972601681,8,1,7,0.875,0,0.0,0.0,49.0,Both,commercial
2025-01-29 13:22:00,2,Charging Station 2,28.431203728088487,77.0779972601681,8,3,5,0.625,2,116.51252315813109,29.128130789532772,84.0,Both,commercial
2025-01-29 20:06:00,2,Charging Station 2,28.431203728088487,77.0779972601681,8,2,6,0.75,0,0.0,0.0,24.0,Both,commercial
2025-02-02 03:55:00,2,Charging Station 2,28.431203728088487,77.0779972601681,8,8,0,0.0,0,0.0,0.0,275.0,Both,commercial
2025-02-05 02:00:00,2,Charging Station 2,28.431203728088487,77.0779972601681,8,8,0,0.0,0,0.0,0.0,98.0,Both,commercial
2025-02-07 00:43:00,2,Charging Station 2,28.431203728088487,77.0779972601681,8,7,1,0.125,0,0.0,0.0,177.0,Both,commercial
2025-02-07 10:09:00,2,Charging Station 2,28.431203728088487,77.0779972601681,8,2,6,0.75,0,0.0,0.0,89.0,Both,commercial
2025-02-09 06:26:00,2,Charging Station 2,28.431203728088487,77.0779972601681,8,6,2,0.25,1,57.649124226336404,14.412281056584101,111.0,Both,commercial
2025-02-10 00:11:00,2,Charging Station 2,28.431203728088487,77.0779972601681,8,8,0,0.0,0,0.0,0.0,84.0,Both,commercial
2025-02-11 14:19:00,2,Charging Station 2,28.431203728088487,77.0779972601681,8,4,4,0.5,2,123.60904874022752,30.90226218505688,63.5,Both,commercial
2025-02-12 05:24:00,2,Charging Station 2,28.431203728088487,77.0779972601681,8,7,1,0.125,2,73.39273711881968,18.34818427970492,32.0,Both,commercial
2025-02-16 10:54:00,2,Charging Station 2,28.431203728088487,77.0779972601681,8,3,5,0.625,0,0.0,0.0,113.0,Both,commercial
2025-02-17 00:21:00,2,Charging Station 2,28.431203728088487,77.0779972601681,8,7,1,0.125,0,0.0,0.0,129.0,Both,commercial
2025-02-18 11:41:00,2,Charging Station 2,28.431203728088487,77.0779972601681,8,2,6,0.75,1,26.589632644067212,6.647408161016803,171.0,Both,commercial
2025-02-19 14:03:00,2,Charging Station 2,28.431203728088487,77.0779972601681,8,3,5,0.625,1,86.43870320976617,21.609675802441544,21.0,Both,commercial
2025-02-20 15:19:00,2,Charging Station 2,28.431203728088487,77.0779972601681,8,2,6,0.75,0,0.0,0.0,26.0,Both,commercial
2025-02-22 01:07:00,2,Charging Station 2,28.431203728088487,77.0779972601681,8,8,0,0.0,0,0.0,0.0,19.0,Both,commercial
2025-02-25 13:01:00,2,Charging Station 2,28.431203728088487,77.0779972601681,8,3,5,0.625,2,127.47684106345679,31.869210265864197,139.0,Both,commercial
2025-02-28 06:54:00,2,Charging Station 2,28.431203728088487,77.0779972601681,8,7,1,0.125,1,193.2498378325739,48.31245945814347,164.0,Both,commercial
2025-03-01 10:00:00,2,Charging Station 2,28.431203728088487,77.0779972601681,8,3,5,0.625,0,0.0,0.0,110.0,Both,commercial
2025-03-02 00:02:00,2,Charging Station 2,28.431203728088487,77.0779972601681,8,7,1,0.125,0,0.0,0.0,65.0,Both,commercial
2025-03-03 12:09:00,2,Charging Station 2,28.431203728088487,77.0779972601681,8,3,5,0.625,0,0.0,0.0,75.0,Both,commercial
2025-03-04 03:01:00,2,Charging Station 2,28.431203728088487,77.0779972601681,8,8,0,0.0,0,0.0,0.0,62.0,Both,commercial
2025-03-06 08:17:00,2,Charging Station 2,28.431203728088487,77.0779972601681,8,3,5,0.625,0,0.0,0.0,53.0,Both,commercial
2025-03-10 18:07:00,2,Charging Station 2,28.431203728088487,77.0779972601681,8,1,7,0.875,2,319.9055073299893,79.97637683249732,57.5,Both,commercial
2025-03-11 13:59:00,2,Charging Station 2,28.431203728088487,77.0779972601681,8,3,5,0.625,0,0.0,0.0,59.0,Both,commercial
2025-03-12 03:28:00,2,Charging Station 2,28.431203728088487,77.0779972601681,8,8,0,0.0,0,0.0,0.0,33.0,Both,commercial
2025-03-12 15:17:00,2,Charging Station 2,28.431203728088487,77.0779972601681,8,3,5,0.625,0,0.0,0.0,40.0,Both,commercial
2025-03-14 04:57:00,2,Charging Station 2,28.431203728088487,77.0779972601681,8,8,0,0.0,0,0.0,0.0,267.0,Both,commercial
2025-03-15 13:41:00,2,Charging Station 2,28.431203728088487,77.0779972601681,8,5,3,0.375,0,0.0,0.0,16.0,Both,commercial
2025-03-16 16:22:00,2,Charging Station 2,28.431203728088487,77.0779972601681,8,4,4,0.5,0,0.0,0.0,47.0,Both,commercial
2025-03-18 11:15:00,2,Charging Station 2,28.431203728088487,77.0779972601681,8,2,6,0.75,0,0.0,0.0,17.0,Both,commercial
2025-03-19 00:19:00,2,Charging Station 2,28.431203728088487,77.0779972601681,8,7,1,0.125,1,64.54666224113943,16.136665560284857,73.0,Both,commercial
2025-03-19 05:09:00,2,Charging Station 2,28.431203728088487,77.0779972601681,8,7,1,0.125,0,0.0,0.0,17.0,Both,commercial
2025-03-20 15:06:00,2,Charging Station 2,28.431203728088487,77.0779972601681,8,2,6,0.75,2,97.63340703833617,24.408351759584043,48.0,Both,commercial
2025-03-21 10:21:00,2,Charging Station 2,28.431203728088487,77.0779972601681,8,2,6,0.75,4,321.78961014744806,80.44740253686201,123.0,Both,commercial
2025-03-21 11:26:00,2,Charging Station 2,28.431203728088487,77.0779972601681,8,1,7,0.875,0,0.0,0.0,83.0,Both,commercial
2025-03-21 22:38:00,2,Charging Station 2,28.431203728088487,77.0779972601681,8,5,3,0.375,0,0.0,0.0,79.0,Both,commercial
2025-03-23 17:47:00,2,Charging Station 2,28.431203728088487,77.0779972601681,8,3,5,0.625,0,0.0,0.0,283.0,Both,commercial
2025-03-23 19:11:00,2,Charging Station 2,28.431203728088487,77.0779972601681,8,3,5,0.625,0,0.0,0.0,38.0,Both,commercial
2025-03-25 19:01:00,2,Charging Station 2,28.431203728088487,77.0779972601681,8,1,7,0.875,0,0.0,0.0,254.0,Both,commercial
2025-03-27 13:37:00,2,Charging Station 2,28.431203728088487,77.0779972601681,8,2,6,0.75,0,0.0,0.0,80.0,Both,commercial
2025-03-28 14:20:00,2,Charging Station 2,28.431203728088487,77.0779972601681,8,2,6,0.75,1,38.91092810019612,9.72773202504903,110.0,Both,commercial
2025-03-30 19:49:00,2,Charging Station 2,28.431203728088487,77.0779972601681,8,3,5,0.625,1,15.817390035257729,3.954347508814432,247.0,Both,commercial
2025-03-30 21:23:00,2,Charging Station 2,28.431203728088487,77.0779972601681,8,5,3,0.375,1,106.91556087930311,26.72889021982578,114.0,Both,commercial
2025-04-01 13:13:00,2,Charging Station 2,28.431203728088487,77.0779972601681,8,4,4,0.5,1,40.09775148798703,10.024437871996758,64.0,Both,commercial
2025-04-01 13:52:00,2,Charging Station 2,28.431203728088487,77.0779972601681,8,3,5,0.625,1,68.15225351496534,17.038063378741334,78.0,Both,commercial
2025-04-04 16:38:00,2,Charging Station 2,28.431203728088487,77.0779972601681,8,2,6,0.75,2,199.54143039884573,49.88535759971143,65.0,Both,commercial
2025-04-05 00:32:00,2,Charging Station 2,28.431203728088487,77.0779972601681,8,7,1,0.125,0,0.0,0.0,77.0,Both,commercial
2025-04-05 08:35:00,2,Charging Station 2,28.431203728088487,77.0779972601681,8,5,3,0.375,2,174.29469462059046,43.573673655147616,120.5,Both,commercial
2025-04-13 14:07:00,2,Charging Station 2,28.431203728088487,77.0779972601681,8,4,4,0.5,0,0.0,0.0,16.0,Both,commercial
2025-04-15 04:07:00,2,Charging Station 2,28.431203728088487,77.0779972601681,8,7,1,0.125,2,254.1294733103282,63.53236832758205,55.5,Both,commercial
2025-04-18 15:15:00,2,Charging Station 2,28.431203728088487,77.0779972601681,8,3,5,0.625,1,64.04071113850927,16.010177784627317,97.0,Both,commercial
2025-04-18 23:39:00,2,Charging Station 2,28.431203728088487,77.0779972601681,8,6,2,0.25,0,0.0,0.0,18.0,Both,commercial
2025-04-19 03:45:00,2,Charging Station 2,28.431203728088487,77.0779972601681,8,7,1,0.125,0,0.0,0.0,62.0,Both,commercial
2025-04-19 22:09:00,2,Charging Station 2,28.431203728088487,77.0779972601681,8,6,2,0.25,0,0.0,0.0,35.0,Both,commercial
2025-04-21 06:54:00,2,Charging Station 2,28.431203728088487,77.0779972601681,8,6,2,0.25,1,56.81286685081746,14.203216712704364,255.0,Both,commercial
2025-04-25 05:56:00,2,Charging Station 2,28.431203728088487,77.0779972601681,8,8,0,0.0,0,0.0,0.0,110.0,Both,commercial
2025-04-26 03:33:00,2,Charging Station 2,28.431203728088487,77.0779972601681,8,8,0,0.0,0,0.0,0.0,48.0,Both,commercial
2025-04-28 17:11:00,2,Charging Station 2,28.431203728088487,77.0779972601681,8,1,7,0.875,1,56.25207530132504,14.06301882533126,228.0,Both,commercial
2025-04-28 21:56:00,2,Charging Station 2,28.431203728088487,77.0779972601681,8,3,5,0.625,2,92.24497650561129,23.061244126402823,84.5,Both,commercial
2025-04-29 19:40:00,2,Charging Station 2,28.431203728088487,77.0779972601681,8,1,7,0.875,0,0.0,0.0,35.0,Both,commercial
2025-04-30 01:22:00,2,Charging Station 2,28.431203728088487,77.0779972601681,8,8,0,0.0,0,0.0,0.0,108.0,Both,commercial
2025-04-30 04:43:00,2,Charging Station 2,28.431203728088487,77.0779972601681,8,8,0,0.0,0,0.0,0.0,72.0,Both,commercial
2025-04-30 09:26:00,2,Charging Station 2,28.431203728088487,77.0779972601681,8,1,7,0.875,0,0.0,0.0,16.0,Both,commercial
2025-05-02 00:03:00,2,Charging Station 2,28.431203728088487,77.0779972601681,8,7,1,0.125,1,120.98778786194816,30.24694696548704,21.0,Both,commercial
2025-05-03 03:45:00,2,Charging Station 2,28.431203728088487,77.0779972601681,8,8,0,0.0,1,106.54815782189631,26.637039455474078,85.0,Both,commercial
2025-05-03 16:54:00,2,Charging Station 2,28.431203728088487,77.0779972601681,8,3,5,0.625,0,0.0,0.0,70.0,Both,commercial
2025-05-05 07:01:00,2,Charging Station 2,28.431203728088487,77.0779972601681,8,5,3,0.375,2,374.61216345024656,93.65304086256164,77.0,Both,commercial
2025-05-05 16:10:00,2,Charging Station 2,28.431203728088487,77.0779972601681,8,1,7,0.875,0,0.0,0.0,89.0,Both,commercial
2025-05-05 23:10:00,2,Charging Station 2,28.431203728088487,77.0779972601681,8,6,2,0.25,0,0.0,0.0,132.0,Both,commercial
2025-05-06 10:29:00,2,Charging Station 2,28.431203728088487,77.0779972601681,8,1,7,0.875,0,0.0,0.0,98.0,Both,commercial
2025-05-06 11:28:00,2,Charging Station 2,28.431203728088487,77.0779972601681,8,1,7,0.875,0,0.0,0.0,206.0,Both,commercial
2025-05-08 14:41:00,2,Charging Station 2,28.431203728088487,77.0779972601681,8,3,5,0.625,1,23.04286269658523,5.760715674146308,74.0,Both,commercial
2025-05-09 15:21:00,2,Charging Station 2,28.431203728088487,77.0779972601681,8,2,6,0.75,0,0.0,0.0,106.0,Both,commercial
2025-05-10 04:47:00,2,Charging Station 2,28.431203728088487,77.0779972601681,8,7,1,0.125,0,0.0,0.0,20.0,Both,commercial
2025-05-10 07:39:00,2,Charging Station 2,28.431203728088487,77.0779972601681,8,7,1,0.125,1,22.711865415344853,5.677966353836213,22.0,Both,commercial
2025-05-10 22:57:00,2,Charging Station 2,28.431203728088487,77.0779972601681,8,6,2,0.25,0,0.0,0.0,238.0,Both,commercial
2025-05-11 10:55:00,2,Charging Station 2,28.431203728088487,77.0779972601681,8,4,4,0.5,0,0.0,0.0,17.0,Both,commercial
2025-05-13 21:53:00,2,Charging Station 2,28.431203728088487,77.0779972601681,8,4,4,0.5,1,12.369036502413712,3.092259125603428,117.0,Both,commercial
2025-05-13 22:46:00,2,Charging Station 2,28.431203728088487,77.0779972601681,8,4,4,0.5,0,0.0,0.0,24.0,Both,commercial
2025-05-14 05:19:00,2,Charging Station 2,28.431203728088487,77.0779972601681,8,7,1,0.125,0,0.0,0.0,59.0,Both,commercial
2025-05-16 00:58:00,2,Charging Station 2,28.431203728088487,77.0779972601681,8,8,0,0.0,0,0.0,0.0,42.0,Both,commercial
2025-05-16 09:39:00,2,Charging Station 2,28.431203728088487,77.0779972601681,8,1,7,0.875,2,230.64950263564796,57.66237565891199,61.0,Both,commercial
2025-05-16 16:16:00,2,Charging Station 2,28.431203728088487,77.0779972601681,8,2,6,0.75,1,85.99500742507072,21.49875185626768,28.0,Both,commercial
2025-05-17 16:12:00,2,Charging Station 2,28.431203728088487,77.0779972601681,8,3,5,0.625,2,64.1904291499649,16.047607287491225,79.5,Both,commercial
2025-05-18 11:36:00,2,Charging Station 2,28.431203728088487,77.0779972601681,8,3,5,0.625,2,377.0711956584145,94.26779891460363,109.5,Both,commercial
2025-05-22 04:29:00,2,Charging Station 2,28.431203728088487,77.0779972601681,8,7,1,0.125,0,0.0,0.0,56.0,Both,commercial
2025-05-23 12:30:00,2,Charging Station 2,28.431203728088487,77.0779972601681,8,3,5,0.625,0,0.0,0.0,164.0,Both,commercial
2025-05-25 01:31:00,2,Charging Station 2,28.431203728088487,77.0779972601681,8,8,0,0.0,3,162.96441979224397,40.74110494806099,45.666666666666664,Both,commercial
2025-05-26 00:05:00,2,Charging Station 2,28.431203728088487,77.0779972601681,8,8,0,0.0,1,72.42979949329072,18.10744987332268,93.0,Both,commercial
2025-05-30 08:53:00,2,Charging Station 2,28.431203728088487,77.0779972601681,8,2,6,0.75,2,23.653295366290347,5.913323841572587,83.0,Both,commercial
2025-05-30 10:05:00,2,Charging Station 2,28.431203728088487,77.0779972601681,8,2,6,0.75,0,0.0,0.0,197.0,Both,commercial
2025-06-01 08:05:00,2,Charging Station 2,28.431203728088487,77.0779972601681,8,3,5,0.625,5,728.3201075998658,182.08002689996644,91.8,Both,commercial
2025-06-01 10:30:00,2,Charging Station 2,28.431203728088487,77.0779972601681,8,4,4,0.5,0,0.0,0.0,33.0,Both,commercial
2025-06-07 21:31:00,2,Charging Station 2,28.431203728088487,77.0779972601681,8,4,4,0.5,1,80.52486659540148,20.13121664885037,16.0,Both,commercial
2025-06-12 05:57:00,2,Charging Station 2,28.431203728088487,77.0779972601681,8,7,1,0.125,1,104.2448291086623,26.061207277165575,94.0,Both,commercial
2025-06-12 23:59:00,2,Charging Station 2,28.431203728088487,77.0779972601681,8,6,2,0.25,1,49.528244713480966,12.382061178370241,71.0,Both,commercial
2025-06-13 01:28:00,2,Charging Station 2,28.431203728088487,77.0779972601681,8,8,0,0.0,1,80.72898300769391,20.182245751923478,98.0,Both,commercial
2025-06-13 20:36:00,2,Charging Station 2,28.431203728088487,77.0779972601681,8,2,6,0.75,0,0.0,0.0,43.0,Both,commercial
2025-06-14 10:17:00,2,Charging Station 2,28.431203728088487,77.0779972601681,8,4,4,0.5,0,0.0,0.0,91.0,Both,commercial
2025-06-15 03:05:00,2,Charging Station 2,28.431203728088487,77.0779972601681,8,7,1,0.125,1,26.396929156886515,6.599232289221629,86.0,Both,commercial
2025-06-15 12:01:00,2,Charging Station 2,28.431203728088487,77.0779972601681,8,4,4,0.5,0,0.0,0.0,48.0,Both,commercial
2025-06-18 04:42:00,2,Charging Station 2,28.431203728088487,77.0779972601681,8,8,0,0.0,0,0.0,0.0,92.0,Both,commercial
2025-06-20 06:55:00,2,Charging Station 2,28.431203728088487,77.0779972601681,8,6,2,0.25,0,0.0,0.0,253.0,Both,commercial
2025-06-22 14:58:00,2,Charging Station 2,28.431203728088487,77.0779972601681,8,5,3,0.375,0,0.0,0.0,50.0,Both,commercial
2025-06-24 19:17:00,2,Charging Station 2,28.431203728088487,77.0779972601681,8,1,7,0.875,1,18.928925761897208,4.732231440474302,15.0,Both,commercial
2025-07-01 00:41:00,2,Charging Station 2,28.431203728088487,77.0779972601681,8,7,1,0.125,2,76.25410819846368,19.06352704961592,45.0,Both,commercial
2025-07-01 11:27:00,2,Charging Station 2,28.431203728088487,77.0779972601681,8,2,6,0.75,0,0.0,0.0,56.0,Both,commercial
2025-07-02 10:34:00,2,Charging Station 2,28.431203728088487,77.0779972601681,8,1,7,0.875,0,0.0,0.0,75.0,Both,commercial
2025-07-04 18:25:00,2,Charging Station 2,28.431203728088487,77.0779972601681,8,0,8,1.0,3,313.9349534370372,78.4837383592593,85.0,Both,commercial
2025-07-07 09:55:00,2,Charging Station 2,28.431203728088487,77.0779972601681,8,1,7,0.875,0,0.0,0.0,52.0,Both,commercial
2025-07-07 21:27:00,2,Charging Station 2,28.431203728088487,77.0779972601681,8,3,5,0.625,0,0.0,0.0,115.0,Both,commercial
2025-07-08 04:22:00,2,Charging Station 2,28.431203728088487,77.0779972601681,8,8,0,0.0,0,0.0,0.0,83.0,Both,commercial
2025-07-08 06:45:00,2,Charging Station 2,28.431203728088487,77.0779972601681,8,6,2,0.25,0,0.0,0.0,23.0,Both,commercial
2025-07-08 12:46:00,2,Charging Station 2,28.431203728088487,77.0779972601681,8,3,5,0.625,0,0.0,0.0,60.0,Both,commercial
2025-07-09 10:16:00,2,Charging Station 2,28.431203728088487,77.0779972601681,8,1,7,0.875,1,60.56830712129129,15.142076780322823,21.0,Both,commercial
2025-07-11 03:01:00,2,Charging Station 2,28.431203728088487,77.0779972601681,8,7,1,0.125,0,0.0,0.0,50.0,Both,commercial
2025-07-12 11:07:00,2,Charging Station 2,28.431203728088487,77.0779972601681,8,4,4,0.5,2,153.57397460727208,38.39349365181802,68.5,Both,commercial
2025-07-13 00:00:00,2,Charging Station 2,28.431203728088487,77.0779972601681,8,8,0,0.0,0,0.0,0.0,103.0,Both,commercial
2025-07-14 02:57:00,2,Charging Station 2,28.431203728088487,77.0779972601681,8,8,0,0.0,0,0.0,0.0,106.0,Both,commercial
2025-07-16 20:40:00,2,Charging Station 2,28.431203728088487,77.0779972601681,8,1,7,0.875,0,0.0,0.0,17.0,Both,commercial
2025-07-22 10:53:00,2,Charging Station 2,28.431203728088487,77.0779972601681,8,1,7,0.875,0,0.0,0.0,112.0,Both,commercial
2025-07-26 05:24:00,2,Charging Station 2,28.431203728088487,77.0779972601681,8,8,0,0.0,0,0.0,0.0,71.0,Both,commercial
2025-07-27 22:06:00,2,Charging Station 2,28.431203728088487,77.0779972601681,8,6,2,0.25,0,0.0,0.0,267.0,Both,commercial
2025-07-29 21:56:00,2,Charging Station 2,28.431203728088487,77.0779972601681,8,3,5,0.625,1,73.05570415484638,18.263926038711595,93.0,Both,commercial
2025-08-01 16:10:00,2,Charging Station 2,28.431203728088487,77.0779972601681,8,2,6,0.75,1,106.27732301678746,26.569330754196866,118.0,Both,commercial
2025-08-05 10:35:00,2,Charging Station 2,28.431203728088487,77.0779972601681,8,1,7,0.875,0,0.0,0.0,36.0,Both,commercial
2025-08-07 00:01:00,2,Charging Station 2,28.431203728088487,77.0779972601681,8,7,1,0.125,1,15.80250431807524,3.95062607951881,31.0,Both,commercial
2025-08-07 04:29:00,2,Charging Station 2,28.431203728088487,77.0779972601681,8,8,0,0.0,0,0.0,0.0,80.0,Both,commercial
2025-08-11 10:47:00,2,Charging Station 2,28.431203728088487,77.0779972601681,8,1,7,0.875,1,39.35150989551786,9.837877473879464,56.0,Both,commercial
2025-08-14 03:48:00,2,Charging Station 2,28.431203728088487,77.0779972601681,8,8,0,0.0,1,145.84930027866943,36.46232506966736,51.0,Both,commercial
2025-08-17 11:06:00,2,Charging Station 2,28.431203728088487,77.0779972601681,8,4,4,0.5,0,0.0,0.0,221.0,Both,commercial
2025-08-19 15:02:00,2,Charging Station 2,28.431203728088487,77.0779972601681,8,2,6,0.75,1,51.53612068290356,12.88403017072589,28.0,Both,commercial
2025-08-19 17:11:00,2,Charging Station 2,28.431203728088487,77.0779972601681,8,1,7,0.875,0,0.0,0.0,73.0,Both,commercial
2025-08-21 10:18:00,2,Charging Station 2,28.431203728088487,77.0779972601681,8,1,7,0.875,0,0.0,0.0,46.0,Both,commercial
2025-08-23 00:43:00,2,Charging Station 2,28.431203728088487,77.0779972601681,8,7,1,0.125,1,25.36171197154464,6.34042799288616,45.0,Both,commercial
2025-08-23 18:44:00,2,Charging Station 2,28.431203728088487,77.0779972601681,8,3,5,0.625,2,125.128725572234,31.2821813930585,35.5,Both,commercial
2025-08-24 15:03:00,2,Charging Station 2,28.431203728088487,77.0779972601681,8,4,4,0.5,1,48.31129035330282,12.077822588325706,97.0,Both,commercial
2025-08-25 07:44:00,2,Charging Station 2,28.431203728088487,77.0779972601681,8,5,3,0.375,0,0.0,0.0,22.0,Both,commercial
2025-08-29 20:13:00,2,Charging Station 2,28.431203728088487,77.0779972601681,8,2,6,0.75,0,0.0,0.0,55.0,Both,commercial
2025-09-02 03:33:00,2,Charging Station 2,28.431203728088487,77.0779972601681,8,8,0,0.0,0,0.0,0.0,21.0,Both,commercial
2025-09-02 09:43:00,2,Charging Station 2,28.431203728088487,77.0779972601681,8,1,7,0.875,0,0.0,0.0,116.0,Both,commercial
2025-09-02 17:00:00,2,Charging Station 2,28.431203728088487,77.0779972601681,8,2,6,0.75,1,144.27398444047518,36.068496110118794,117.0,Both,commercial
2025-09-03 07:23:00,2,Charging Station 2,28.431203728088487,77.0779972601681,8,5,3,0.375,1,22.81617607232848,5.70404401808212,99.0,Both,commercial
2025-09-03 09:21:00,2,Charging Station 2,28.431203728088487,77.0779972601681,8,2,6,0.75,0,0.0,0.0,23.0,Both,commercial
2025-09-06 18:02:00,2,Charging Station 2,28.431203728088487,77.0779972601681,8,3,5,0.625,5,495.92565502635154,123.98141375658788,102.2,Both,commercial
2025-09-13 02:17:00,2,Charging Station 2,28.431203728088487,77.0779972601681,8,8,0,0.0,0,0.0,0.0,177.0,Both,commercial
2025-09-17 04:04:00,2,Charging Station 2,28.431203728088487,77.0779972601681,8,8,0,0.0,0,0.0,0.0,109.0,Both,commercial
2025-09-17 19:07:00,2,Charging Station 2,28.431203728088487,77.0779972601681,8,1,7,0.875,0,0.0,0.0,49.0,Both,commercial
2025-09-18 04:29:00,2,Charging Station 2,28.431203728088487,77.0779972601681,8,8,0,0.0,1,72.78476702189397,18.196191755473492,54.0,Both,commercial
2025-09-18 22:55:00,2,Charging Station 2,28.431203728088487,77.0779972601681,8,5,3,0.375,0,0.0,0.0,29.0,Both,commercial
2025-09-19 04:01:00,2,Charging Station 2,28.431203728088487,77.0779972601681,8,8,0,0.0,0,0.0,0.0,119.0,Both,commercial
2025-09-21 05:11:00,2,Charging Station 2,28.431203728088487,77.0779972601681,8,7,1,0.125,1,12.287459122180595,3.0718647805451487,62.0,Both,commercial
2025-09-22 19:52:00,2,Charging Station 2,28.431203728088487,77.0779972601681,8,1,7,0.875,0,0.0,0.0,91.0,Both,commercial
2025-09-23 10:46:00,2,Charging Station 2,28.431203728088487,77.0779972601681,8,2,6,0.75,0,0.0,0.0,95.0,Both,commercial
2025-09-25 20:17:00,2,Charging Station 2,28.431203728088487,77.0779972601681,8,2,6,0.75,2,279.46506115593724,69.86626528898431,82.5,Both,commercial
2025-10-01 22:39:00,2,Charging Station 2,28.431203728088487,77.0779972601681,8,5,3,0.375,0,0.0,0.0,84.0,Both,commercial
2025-10-04 08:04:00,2,Charging Station 2,28.431203728088487,77.0779972601681,8,4,4,0.5,4,282.14569776088916,70.53642444022229,115.0,Both,commercial
2025-10-08 01:32:00,2,Charging Station 2,28.431203728088487,77.0779972601681,8,8,0,0.0,0,0.0,0.0,77.0,Both,commercial
2025-10-08 05:11:00,2,Charging Station 2,28.431203728088487,77.0779972601681,8,8,0,0.0,1,4.989301058115473,1.2473252645288682,47.0,Both,commercial
2025-10-08 12:43:00,2,Charging Station 2,28.431203728088487,77.0779972601681,8,4,4,0.5,0,0.0,0.0,87.0,Both,commercial
2025-10-09 20:58:00,2,Charging Station 2,28.431203728088487,77.0779972601681,8,2,6,0.75,1,91.36652127480984,22.84163031870246,154.0,Both,commercial
2025-10-10 17:01:00,2,Charging Station 2,28.431203728088487,77.0779972601681,8,2,6,0.75,0,0.0,0.0,85.0,Both,commercial
2025-10-11 00:53:00,2,Charging Station 2,28.431203728088487,77.0779972601681,8,8,0,0.0,1,75.1905213290848,18.7976303322712,16.0,Both,commercial
2025-10-11 13:30:00,2,Charging Station 2,28.431203728088487,77.0779972601681,8,5,3,0.375,1,37.056213315455395,9.264053328863849,114.0,Both,commercial
2025-10-15 01:58:00,2,Charging Station 2,28.431203728088487,77.0779972601681,8,8,0,0.0,1,94.77393141623712,23.69348285405928,118.0,Both,commercial
2025-10-25 09:24:00,2,Charging Station 2,28.431203728088487,77.0779972601681,8,3,5,0.625,0,0.0,0.0,68.0,Both,commercial
2025-10-28 17:13:00,2,Charging Station 2,28.431203728088487,77.0779972601681,8,1,7,0.875,0,0.0,0.0,112.0,Both,commercial
2025-10-29 04:55:00,2,Charging Station 2,28.431203728088487,77.0779972601681,8,8,0,0.0,0,0.0,0.0,74.0,Both,commercial
2025-10-30 22:14:00,2,Charging Station 2,28.431203728088487,77.0779972601681,8,5,3,0.375,1,56.21873312730812,14.05468328182703,113.0,Both,commercial
2025-10-31 13:26:00,2,Charging Station 2,28.431203728088487,77.0779972601681,8,4,4,0.5,0,0.0,0.0,112.0,Both,commercial
2025-11-01 04:54:00,2,Charging Station 2,28.431203728088487,77.0779972601681,8,8,0,0.0,0,0.0,0.0,157.0,Both,commercial
2025-11-01 14:16:00,2,Charging Station 2,28.431203728088487,77.0779972601681,8,4,4,0.5,0,0.0,0.0,62.0,Both,commercial
2025-11-01 23:32:00,2,Charging Station 2,28.431203728088487,77.0779972601681,8,7,1,0.125,0,0.0,0.0,116.0,Both,commercial
2025-11-03 01:20:00,2,Charging Station 2,28.431203728088487,77.0779972601681,8,8,0,0.0,0,0.0,0.0,44.0,Both,commercial
2025-11-03 17:46:00,2,Charging Station 2,28.431203728088487,77.0779972601681,8,1,7,0.875,1,15.892213263932849,3.973053315983212,58.0,Both,commercial
2025-11-05 00:19:00,2,Charging Station 2,28.431203728088487,77.0779972601681,8,7,1,0.125,1,66.36403099468761,16.591007748671903,38.0,Both,commercial
2025-11-07 03:57:00,2,Charging Station 2,28.431203728088487,77.0779972601681,8,7,1,0.125,1,43.43276788879333,10.858191972198332,283.0,Both,commercial
2025-11-07 10:48:00,2,Charging Station 2,28.431203728088487,77.0779972601681,8,2,6,0.75,1,144.17428625644254,36.043571564110636,115.0,Both,commercial
2025-11-08 12:00:00,2,Charging Station 2,28.431203728088487,77.0779972601681,8,4,4,0.5,0,0.0,0.0,105.0,Both,commercial
2025-11-08 16:49:00,2,Charging Station 2,28.431203728088487,77.0779972601681,8,4,4,0.5,0,0.0,0.0,42.0,Both,commercial
2025-11-10 09:28:00,2,Charging Station 2,28.431203728088487,77.0779972601681,8,3,5,0.625,0,0.0,0.0,156.0,Both,commercial
2025-11-10 09:48:00,2,Charging Station 2,28.431203728088487,77.0779972601681,8,1,7,0.875,1,36.79401897716648,9.19850474429162,73.0,Both,commercial
2025-11-11 15:59:00,2,Charging Station 2,28.431203728088487,77.0779972601681,8,2,6,0.75,0,0.0,0.0,25.0,Both,commercial
2025-11-13 14:13:00,2,Charging Station 2,28.431203728088487,77.0779972601681,8,3,5,0.625,1,46.958805956616985,11.739701489154246,44.0,Both,commercial
2025-11-14 18:07:00,2,Charging Station 2,28.431203728088487,77.0779972601681,8,1,7,0.875,0,0.0,0.0,63.0,Both,commercial
2025-11-17 06:09:00,2,Charging Station 2,28.431203728088487,77.0779972601681,8,6,2,0.25,1,33.1487405785497,8.287185144637425,87.0,Both,commercial
2025-11-19 01:24:00,2,Charging Station 2,28.431203728088487,77.0779972601681,8,8,0,0.0,1,61.84911692278743,15.462279230696858,203.0,Both,commercial
2025-11-19 11:51:00,2,Charging Station 2,28.431203728088487,77.0779972601681,8,2,6,0.75,0,0.0,0.0,52.0,Both,commercial
2025-12-01 18:37:00,2,Charging Station 2,28.431203728088487,77.0779972601681,8,1,7,0.875,1,170.85185243115438,42.712963107788596,83.0,Both,commercial
2025-12-01 22:09:00,2,Charging Station 2,28.431203728088487,77.0779972601681,8,4,4,0.5,1,54.26104851361573,13.565262128403932,66.0,Both,commercial
2025-12-02 10:48:00,2,Charging Station 2,28.431203728088487,77.0779972601681,8,1,7,0.875,1,229.77988838076428,57.44497209519107,27.0,Both,commercial
2025-12-02 20:01:00,2,Charging Station 2,28.431203728088487,77.0779972601681,8,1,7,0.875,1,26.03058626901827,6.507646567254567,23.0,Both,commercial
2025-12-04 01:56:00,2,Charging Station 2,28.431203728088487,77.0779972601681,8,7,1,0.125,0,0.0,0.0,77.0,Both,commercial
2025-12-09 17:29:00,2,Charging Station 2,28.431203728088487,77.0779972601681,8,1,7,0.875,1,142.0651887556221,35.516297188905526,45.0,Both,commercial
2025-12-10 07:05:00,2,Charging Station 2,28.431203728088487,77.0779972601681,8,5,3,0.375,2,133.72314227773234,33.430785569433084,157.0,Both,commercial
2025-12-15 01:47:00,2,Charging Station 2,28.431203728088487,77.0779972601681,8,8,0,0.0,0,0.0,0.0,114.0,Both,commercial
2025-12-19 00:53:00,2,Charging Station 2,28.431203728088487,77.0779972601681,8,8,0,0.0,1,101.41400327726095,25.353500819315236,90.0,Both,commercial
2025-12-22 01:00:00,2,Charging Station 2,28.431203728088487,77.0779972601681,8,7,1,0.125,0,0.0,0.0,117.0,Both,commercial
2025-12-22 17:51:00,2,Charging Station 2,28.431203728088487,77.0779972601681,8,1,7,0.875,0,0.0,0.0,116.0,Both,commercial
2025-12-23 04:32:00,2,Charging Station 2,28.431203728088487,77.0779972601681,8,8,0,0.0,0,0.0,0.0,78.0,Both,commercial
2025-12-23 07:17:00,2,Charging Station 2,28.431203728088487,77.0779972601681,8,5,3,0.375,0,0.0,0.0,30.0,Both,commercial
2025-12-23 10:21:00,2,Charging Station 2,28.431203728088487,77.0779972601681,8,2,6,0.75,0,0.0,0.0,147.0,Both,commercial
2025-12-27 09:57:00,2,Charging Station 2,28.431203728088487,77.0779972601681,8,3,5,0.625,0,0.0,0.0,44.0,Both,commercial
2025-12-28 03:36:00,2,Charging Station 2,28.431203728088487,77.0779972601681,8,8,0,0.0,0,0.0,0.0,61.0,Both,commercial
2025-12-29 22:31:00,2,Charging Station 2,28.431203728088487,77.0779972601681,8,5,3,0.375,0,0.0,0.0,116.0,Both,commercial
2025-12-30 19:27:00,2,Charging Station 2,28.431203728088487,77.0779972601681,8,1,7,0.875,0,0.0,0.0,87.0,Both,commercial
2025-12-30 20:57:00,2,Charging Station 2,28.431203728088487,77.0779972601681,8,3,5,0.625,0,0.0,0.0,25.0,Both,commercial
2025-01-01 00:38:00,3,Charging Station 3,28.520223002348644,77.35403628889803,16,14,2,0.125,0,0.0,0.0,291.0,AC,parking
2025-01-04 11:55:00,3,Charging Station 3,28.520223002348644,77.35403628889803,16,6,10,0.625,0,0.0,0.0,42.0,AC,parking
2025-01-05 14:13:00,3,Charging Station 3,28.520223002348644,77.35403628889803,16,9,7,0.4375,0,0.0,0.0,66.0,AC,parking
2025-01-06 03:09:00,3,Charging Station 3,28.520223002348644,77.35403628889803,16,14,2,0.125,2,303.6519415079317,75.91298537698293,110.0,AC,parking
2025-01-06 14:22:00,3,Charging Station 3,28.520223002348644,77.35403628889803,16,6,10,0.625,2,226.10827208551822,56.527068021379556,35.5,AC,parking
2025-01-07 15:23:00,3,Charging Station 3,28.520223002348644,77.35403628889803,16,5,11,0.6875,1,126.97274263615607,31.743185659039018,88.0,AC,parking
2025-01-10 10:30:00,3,Charging Station 3,28.520223002348644,77.35403628889803,16,3,13,0.8125,1,16.3833425405878,4.09583563514695,155.0,AC,parking
2025-01-11 05:19:00,3,Charging Station 3,28.520223002348644,77.35403628889803,16,16,0,0.0,1,3.1746411091826228,0.7936602772956557,31.0,AC,parking
2025-01-14 03:31:00,3,Charging Station 3,28.520223002348644,77.35403628889803,16,15,1,0.0625,1,170.02558339744203,42.50639584936051,181.0,AC,parking
2025-01-14 04:36:00,3,Charging Station 3,28.520223002348644,77.35403628889803,16,15,1,0.0625,0,0.0,0.0,22.0,AC,parking
2025-01-15 03:12:00,3,Charging Station 3,28.520223002348644,77.35403628889803,16,16,0,0.0,2,63.63995825001791,15.909989562504478,162.5,AC,parking
2025-01-15 11:27:00,3,Charging Station 3,28.520223002348644,77.35403628889803,16,4,12,0.75,0,0.0,0.0,93.0,AC,parking
2025-01-16 01:18:00,3,Charging Station 3,28.520223002348644,77.35403628889803,16,16,0,0.0,2,151.69204085136514,37.923010212841284,48.0,AC,parking
2025-01-16 23:13:00,3,Charging Station 3,28.520223002348644,77.35403628889803,16,13,3,0.1875,0,0.0,0.0,84.0,AC,parking
2025-01-17 12:37:00,3,Charging Station 3,28.520223002348644,77.35403628889803,16,7,9,0.5625,2,76.60590666973137,19.151476667432842,36.5,AC,parking
2025-01-19 13:32:00,3,Charging Station 3,28.520223002348644,77.35403628889803,16,9,7,0.4375,0,0.0,0.0,106.0,AC,parking
2025-01-28 15:09:00,3,Charging Station 3,28.520223002348644,77.35403628889803,16,4,12,0.75,0,0.0,0.0,75.0,AC,parking
2025-01-31 17:19:00,3,Charging Station 3,28.520223002348644,77.35403628889803,16,1,15,0.9375,1,30.77960804633188,7.69490201158297,102.0,AC,parking
2025-02-01 18:56:00,3,Charging Station 3,28.520223002348644,77.35403628889803,16,5,11,0.6875,3,513.918218884444,128.479554721111,91.33333333333333,AC,parking
2025-02-02 01:38:00,3,Charging Station 3,28.520223002348644,77.35403628889803,16,15,1,0.0625,0,0.0,0.0,92.0,AC,parking
2025-02-04 08:50:00,3,Charging Station 3,28.520223002348644,77.35403628889803,16,5,11,0.6875,1,81.52677650313089,20.381694125782722,80.0,AC,parking
2025-02-06 17:27:00,3,Charging Station 3,28.520223002348644,77.35403628889803,16,4,12,0.75,1,72.63859268776652,18.15964817194163,114.0,AC,parking
2025-02-07 00:35:00,3,Charging Station 3,28.520223002348644,77.35403628889803,16,15,1,0.0625,0,0.0,0.0,116.0,AC,parking
2025-02-07 10:11:00,3,Charging Station 3,28.520223002348644,77.35403628889803,16,2,14,0.875,0,0.0,0.0,64.0,AC,parking
2025-02-08 02:56:00,3,Charging Station 3,28.520223002348644,77.35403628889803,16,16,0,0.0,0,0.0,0.0,119.0,AC,parking
2025-02-08 05:00:00,3,Charging Station 3,28.520223002348644,77.35403628889803,16,14,2,0.125,0,0.0,0.0,30.0,AC,parking
2025-02-13 23:27:00,3,Charging Station 3,28.520223002348644,77.35403628889803,16,12,4,0.25,1,85.2315789645262,21.30789474113155,66.0,AC,parking
2025-02-18 10:35:00,3,Charging Station 3,28.520223002348644,77.35403628889803,16,3,13,0.8125,1,4.779360746766523,1.1948401866916307,83.0,AC,parking
2025-02-21 19:30:00,3,Charging Station 3,28.520223002348644,77.35403628889803,16,3,13,0.8125,1,47.9264513789085,11.981612844727126,118.0,AC,parking
2025-02-21 20:41:00,3,Charging Station 3,28.520223002348644,77.35403628889803,16,3,13,0.8125,0,0.0,0.0,110.0,AC,parking
2025-02-23 21:54:00,3,Charging Station 3,28.520223002348644,77.35403628889803,16,7,9,0.5625,0,0.0,0.0,66.0,AC,parking
2025-02-24 22:10:00,3,Charging Station 3,28.520223002348644,77.35403628889803,16,10,6,0.375,0,0.0,0.0,20.0,AC,parking
2025-02-25 11:35:00,3,Charging Station 3,28.520223002348644,77.35403628889803,16,4,12,0.75,1,62.91017501811227,15.727543754528067,252.0,AC,parking
2025-02-27 11:18:00,3,Charging Station 3,28.520223002348644,77.35403628889803,16,3,13,0.8125,0,0.0,0.0,90.0,AC,parking
2025-03-04 18:35:00,3,Charging Station 3,28.520223002348644,77.35403628889803,16,2,14,0.875,4,368.51959146982034,92.12989786745509,74.5,AC,parking
2025-03-06 22:32:00,3,Charging Station 3,28.520223002348644,77.35403628889803,16,10,6,0.375,0,0.0,0.0,95.0,AC,parking
2025-03-07 18:59:00,3,Charging Station 3,28.520223002348644,77.35403628889803,16,2,14,0.875,1,37.70813619231359,9.427034048078397,180.0,AC,parking
2025-03-08 04:31:00,3,Charging Station 3,28.520223002348644,77.35403628889803,16,14,2,0.125,0,0.0,0.0,117.0,AC,parking
2025-03-08 12:09:00,3,Charging Station 3,28.520223002348644,77.35403628889803,16,8,8,0.5,1,40.466247450998814,10.116561862749704,54.0,AC,parking
2025-03-08 17:42:00,3,Charging Station 3,28.520223002348644,77.35403628889803,16,7,9,0.5625,0,0.0,0.0,21.0,AC,parking
2025-03-09 22:20:00,3,Charging Station 3,28.520223002348644,77.35403628889803,16,11,5,0.3125,0,0.0,0.0,53.0,AC,parking
2025-03-10 06:04:00,3,Charging Station 3,28.520223002348644,77.35403628889803,16,12,4,0.25,0,0.0,0.0,15.0,AC,parking
2025-03-12 07:49:00,3,Charging Station 3,28.520223002348644,77.35403628889803,16,9,7,0.4375,0,0.0,0.0,150.0,AC,parking
2025-03-12 15:54:00,3,Charging Station 3,28.520223002348644,77.35403628889803,16,6,10,0.625,0,0.0,0.0,61.0,AC,parking
2025-03-13 10:58:00,3,Charging Station 3,28.520223002348644,77.35403628889803,16,2,14,0.875,1,9.526384348407857,2.3815960871019644,117.0,AC,parking
2025-03-15 13:56:00,3,Charging Station 3,28.520223002348644,77.35403628889803,16,10,6,0.375,1,72.20639460370501,18.051598650926252,116.0,AC,parking
2025-03-16 03:22:00,3,Charging Station 3,28.520223002348644,77.35403628889803,16,15,1,0.0625,0,0.0,0.0,19.0,AC,parking
2025-03-16 14:34:00,3,Charging Station 3,28.520223002348644,77.35403628889803,16,9,7,0.4375,0,0.0,0.0,42.0,AC,parking
2025-03-19 03:06:00,3,Charging Station 3,28.520223002348644,77.35403628889803,16,15,1,0.0625,2,103.53573927753214,25.883934819383036,100.5,AC,parking
2025-03-22 09:12:00,3,Charging Station 3,28.520223002348644,77.35403628889803,16,6,10,0.625,1,41.55598176305923,10.388995440764807,114.0,AC,parking
2025-03-25 09:20:00,3,Charging Station 3,28.520223002348644,77.35403628889803,16,3,13,0.8125,1,55.31624769997437,13.829061924993592,63.0,AC,parking
2025-03-26 01:30:00,3,Charging Station 3,28.520223002348644,77.35403628889803,16,16,0,0.0,1,137.03102662024287,34.25775665506072,46.0,AC,parking
2025-03-28 08:32:00,3,Charging Station 3,28.520223002348644,77.35403628889803,16,6,10,0.625,1,73.04520443371437,18.261301108428594,37.0,AC,parking
2025-03-28 23:28:00,3,Charging Station 3,28.520223002348644,77.35403628889803,16,14,2,0.125,0,0.0,0.0,17.0,AC,parking
2025-03-29 04:03:00,3,Charging Station 3,28.520223002348644,77.35403628889803,16,15,1,0.0625,0,0.0,0.0,112.0,AC,parking
2025-03-29 06:43:00,3,Charging Station 3,28.520223002348644,77.35403628889803,16,14,2,0.125,0,0.0,0.0,112.0,AC,parking
2025-03-30 06:46:00,3,Charging Station 3,28.520223002348644,77.35403628889803,16,13,3,0.1875,0,0.0,0.0,40.0,AC,parking
2025-03-30 18:15:00,3,Charging Station 3,28.520223002348644,77.35403628889803,16,5,11,0.6875,2,294.8667465047731,73.71668662619328,114.0,AC,parking
2025-04-01 07:12:00,3,Charging Station 3,28.520223002348644,77.35403628889803,16,10,6,0.375,1,25.984463569722113,6.496115892430528,70.0,AC,parking
2025-04-05 18:50:00,3,Charging Station 3,28.520223002348644,77.35403628889803,16,5,11,0.6875,4,325.27323708869795,81.31830927217449,38.0,AC,parking
2025-04-06 15:41:00,3,Charging Station 3,28.520223002348644,77.35403628889803,16,8,8,0.5,0,0.0,0.0,56.0,AC,parking
2025-04-08 15:36:00,3,Charging Station 3,28.520223002348644,77.35403628889803,16,5,11,0.6875,1,41.35249793337979,10.338124483344947,18.0,AC,parking
2025-04-09 12:01:00,3,Charging Station 3,28.520223002348644,77.35403628889803,16,7,9,0.5625,0,0.0,0.0,112.0,AC,parking
2025-04-10 10:24:00,3,Charging Station 3,28.520223002348644,77.35403628889803,16,1,15,0.9375,3,135.6606940406884,33.9151735101721,86.66666666666667,AC,parking
2025-04-11 08:28:00,3,Charging Station 3,28.520223002348644,77.35403628889803,16,5,11,0.6875,0,0.0,0.0,182.0,AC,parking
2025-04-13 14:52:00,3,Charging Station 3,28.520223002348644,77.35403628889803,16,10,6,0.375,0,0.0,0.0,74.0,AC,parking
2025-04-18 21:15:00,3,Charging Station 3,28.520223002348644,77.35403628889803,16,6,10,0.625,1,271.85099990268753,67.96274997567188,21.0,AC,parking
2025-04-19 11:24:00,3,Charging Station 3,28.520223002348644,77.35403628889803,16,8,8,0.5,0,0.0,0.0,110.0,AC,parking
2025-04-19 22:45:00,3,Charging Station 3,28.520223002348644,77.35403628889803,16,10,6,0.375,1,61.75654092364681,15.439135230911702,21.0,AC,parking
2025-04-22 13:37:00,3,Charging Station 3,28.520223002348644,77.35403628889803,16,6,10,0.625,2,140.77676780558272,35.19419195139568,60.5,AC,parking
2025-04-22 22:47:00,3,Charging Station 3,28.520223002348644,77.35403628889803,16,9,7,0.4375,0,0.0,0.0,104.0,AC,parking
2025-04-26 20:43:00,3,Charging Station 3,28.520223002348644,77.35403628889803,16,7,9,0.5625,0,0.0,0.0,116.0,AC,parking
2025-04-28 01:30:00,3,Charging Station 3,28.520223002348644,77.35403628889803,16,15,1,0.0625,0,0.0,0.0,265.0,AC,parking
2025-04-28 12:06:00,3,Charging Station 3,28.520223002348644,77.35403628889803,16,5,11,0.6875,0,0.0,0.0,227.0,AC,parking
2025-04-28 20:07:00,3,Charging Station 3,28.520223002348644,77.35403628889803,16,3,13,0.8125,0,0.0,0.0,48.0,AC,parking
2025-04-29 01:18:00,3,Charging Station 3,28.520223002348644,77.35403628889803,16,13,3,0.1875,0,0.0,0.0,51.0,AC,parking
2025-05-01 09:37:00,3,Charging Station 3,28.520223002348644,77.35403628889803,16,3,13,0.8125,0,0.0,0.0,47.0,AC,parking
2025-05-01 12:33:00,3,Charging Station 3,28.520223002348644,77.35403628889803,16,6,10,0.625,0,0.0,0.0,231.0,AC,parking
2025-05-03 08:07:00,3,Charging Station 3,28.520223002348644,77.35403628889803,16,8,8,0.5,3,229.48906659513932,57.37226664878483,164.66666666666666,AC,parking
2025-05-04 03:05:00,3,Charging Station 3,28.520223002348644,77.35403628889803,16,15,1,0.0625,0,0.0,0.0,171.0,AC,parking
2025-05-04 21:22:00,3,Charging Station 3,28.520223002348644,77.35403628889803,16,7,9,0.5625,0,0.0,0.0,110.0,AC,parking
2025-05-09 18:19:00,3,Charging Station 3,28.520223002348644,77.35403628889803,16,1,15,0.9375,2,69.12588601010667,17.281471502526667,79.0,AC,parking
2025-05-10 01:53:00,3,Charging Station 3,28.520223002348644,77.35403628889803,16,14,2,0.125,0,0.0,0.0,58.0,AC,parking
2025-05-15 10:17:00,3,Charging Station 3,28.520223002348644,77.35403628889803,16,4,12,0.75,0,0.0,0.0,62.0,AC,parking
2025-05-16 19:54:00,3,Charging Station 3,28.520223002348644,77.35403628889803,16,1,15,0.9375,0,0.0,0.0,38.0,AC,parking
2025-05-17 18:51:00,3,Charging Station 3,28.520223002348644,77.35403628889803,16,5,11,0.6875,2,84.21189964517883,21.052974911294708,83.5,AC,parking
2025-05-18 22:01:00,3,Charging Station 3,28.520223002348644,77.35403628889803,16,11,5,0.3125,2,135.28836301945762,33.822090754864405,71.0,AC,parking
2025-05-22 03:32:00,3,Charging Station 3,28.520223002348644,77.35403628889803,16,16,0,0.0,0,0.0,0.0,114.0,AC,parking
2025-05-22 11:36:00,3,Charging Station 3,28.520223002348644,77.35403628889803,16,4,12,0.75,0,0.0,0.0,60.0,AC,parking
2025-05-23 02:35:00,3,Charging Station 3,28.520223002348644,77.35403628889803,16,15,1,0.0625,1,51.06123569176794,12.765308922941985,58.0,AC,parking
2025-05-24 00:32:00,3,Charging Station 3,28.520223002348644,77.35403628889803,16,15,1,0.0625,1,16.79137420446804,4.19784355111701,69.0,AC,parking
2025-05-24 06:41:00,3,Charging Station 3,28.520223002348644,77.35403628889803,16,14,2,0.125,1,34.429856130080516,8.607464032520129,223.0,AC,parking
2025-05-24 09:23:00,3,Charging Station 3,28.520223002348644,77.35403628889803,16,7,9,0.5625,0,0.0,0.0,59.0,AC,parking
2025-05-26 00:55:00,3,Charging Station 3,28.520223002348644,77.35403628889803,16,15,1,0.0625,1,144.58057095473342,36.145142738683354,90.0,AC,parking
2025-05-26 06:21:00,3,Charging Station 3,28.520223002348644,77.35403628889803,16,12,4,0.25,0,0.0,0.0,69.0,AC,parking
2025-05-27 02:59:00,3,Charging Station 3,28.520223002348644,77.35403628889803,16,16,0,0.0,0,0.0,0.0,63.0,AC,parking
2025-05-28 17:53:00,3,Charging Station 3,28.520223002348644,77.35403628889803,16,3,13,0.8125,0,0.0,0.0,90.0,AC,parking
2025-05-30 08:52:00,3,Charging Station 3,28.520223002348644,77.35403628889803,16,5,11,0.6875,4,289.8413100734032,72.4603275183508,115.25,AC,parking
2025-06-01 09:49:00,3,Charging Station 3,28.520223002348644,77.35403628889803,16,8,8,0.5,1,222.4552674372491,55.61381685931227,51.0,AC,parking
2025-06-04 19:48:00,3,Charging Station 3,28.520223002348644,77.35403628889803,16,3,13,0.8125,0,0.0,0.0,38.0,AC,parking
2025-06-12 19:43:00,3,Charging Station 3,28.520223002348644,77.35403628889803,16,4,12,0.75,0,0.0,0.0,17.0,AC,parking
2025-06-13 16:34:00,3,Charging Station 3,28.520223002348644,77.35403628889803,16,5,11,0.6875,0,0.0,0.0,50.0,AC,parking
2025-06-15 16:27:00,3,Charging Station 3,28.520223002348644,77.35403628889803,16,9,7,0.4375,3,210.22315518130347,52.55578879532587,41.0,AC,parking
2025-06-16 04:36:00,3,Charging Station 3,28.520223002348644,77.35403628889803,16,16,0,0.0,1,156.03437441110455,39.00859360277614,106.0,AC,parking
2025-06-16 17:35:00,3,Charging Station 3,28.520223002348644,77.35403628889803,16,2,14,0.875,2,33.47457300081555,8.368643250203888,75.5,AC,parking
2025-06-20 00:36:00,3,Charging Station 3,28.520223002348644,77.35403628889803,16,16,0,0.0,2,59.78743742356238,14.946859355890595,168.5,AC,parking
2025-06-20 05:40:00,3,Charging Station 3,28.520223002348644,77.35403628889803,16,14,2,0.125,1,64.38749585556283,16.096873963890708,16.0,AC,parking
2025-06-21 00:31:00,3,Charging Station 3,28.520223002348644,77.35403628889803,16,16,0,0.0,0,0.0,0.0,73.0,AC,parking
2025-06-23 07:16:00,3,Charging Station 3,28.520223002348644,77.35403628889803,16,10,6,0.375,0,0.0,0.0,151.0,AC,parking
2025-06-23 23:20:00,3,Charging Station 3,28.520223002348644,77.35403628889803,16,13,3,0.1875,0,0.0,0.0,87.0,AC,parking
2025-06-24 19:48:00,3,Charging Station 3,28.520223002348644,77.35403628889803,16,3,13,0.8125,1,12.4086886209441,3.102172155236025,45.0,AC,parking
2025-06-29 23:54:00,3,Charging Station 3,28.520223002348644,77.35403628889803,16,13,3,0.1875,1,66.69522353836632,16.67380588459158,237.0,AC,parking
2025-07-01 13:44:00,3,Charging Station 3,28.520223002348644,77.35403628889803,16,6,10,0.625,0,0.0,0.0,86.0,AC,parking
2025-07-03 02:32:00,3,Charging Station 3,28.520223002348644,77.35403628889803,16,16,0,0.0,2,56.5260092976912,14.1315023244228,91.0,AC,parking
2025-07-05 08:09:00,3,Charging Station 3,28.520223002348644,77.35403628889803,16,8,8,0.5,3,167.56455971479605,41.89113992869901,114.66666666666667,AC,parking
2025-07-07 10:27:00,3,Charging Station 3,28.520223002348644,77.35403628889803,16,2,14,0.875,1,25.849074922126423,6.462268730531606,154.0,AC,parking
2025-07-08 10:52:00,3,Charging Station 3,28.520223002348644,77.35403628889803,16,2,14,0.875,2,178.862667281453,44.71566682036325,174.5,AC,parking
2025-07-09 03:41:00,3,Charging Station 3,28.520223002348644,77.35403628889803,16,16,0,0.0,1,13.930890028099421,3.4827225070248553,21.0,AC,parking
2025-07-10 18:32:00,3,Charging Station 3,28.520223002348644,77.35403628889803,16,2,14,0.875,2,216.46306722599473,54.115766806498684,92.0,AC,parking
2025-07-12 18:52:00,3,Charging Station 3,28.520223002348644,77.35403628889803,16,6,10,0.625,2,87.42381843952967,21.855954609882417,33.0,AC,parking
2025-07-14 20:08:00,3,Charging Station 3,28.520223002348644,77.35403628889803,16,3,13,0.8125,1,54.23273375363523,13.558183438408808,68.0,AC,parking
2025-07-17 03:40:00,3,Charging Station 3,28.520223002348644,77.35403628889803,16,16,0,0.0,1,19.72652137976249,4.931630344940623,70.0,AC,parking
2025-07-18 05:13:00,3,Charging Station 3,28.520223002348644,77.35403628889803,16,13,3,0.1875,0,0.0,0.0,24.0,AC,parking
2025-07-19 23:12:00,3,Charging Station 3,28.520223002348644,77.35403628889803,16,13,3,0.1875,0,0.0,0.0,40.0,AC,parking
2025-07-20 06:22:00,3,Charging Station 3,28.520223002348644,77.35403628889803,16,14,2,0.125,4,242.72423227460303,60.681058068650756,113.0,AC,parking
2025-07-24 16:34:00,3,Charging Station 3,28.520223002348644,77.35403628889803,16,4,12,0.75,0,0.0,0.0,96.0,AC,parking
2025-07-26 01:31:00,3,Charging Station 3,28.520223002348644,77.35403628889803,16,15,1,0.0625,1,30.806401051179996,7.701600262794999,91.0,AC,parking
2025-07-28 02:17:00,3,Charging Station 3,28.520223002348644,77.35403628889803,16,16,0,0.0,0,0.0,0.0,47.0,AC,parking
2025-07-28 02:24:00,3,Charging Station 3,28.520223002348644,77.35403628889803,16,15,1,0.0625,0,0.0,0.0,29.0,AC,parking
2025-07-29 13:01:00,3,Charging Station 3,28.520223002348644,77.35403628889803,16,5,11,0.6875,1,43.233362826836604,10.808340706709151,65.0,AC,parking
2025-07-30 00:48:00,3,Charging Station 3,28.520223002348644,77.35403628889803,16,15,1,0.0625,0,0.0,0.0,21.0,AC,parking
2025-08-08 08:03:00,3,Charging Station 3,28.520223002348644,77.35403628889803,16,4,12,0.75,3,137.2799882377296,34.3199970594324,165.0,AC,parking
2025-08-11 23:42:00,3,Charging Station 3,28.520223002348644,77.35403628889803,16,12,4,0.25,0,0.0,0.0,102.0,AC,parking
2025-08-12 02:35:00,3,Charging Station 3,28.520223002348644,77.35403628889803,16,16,0,0.0,0,0.0,0.0,99.0,AC,parking
2025-08-13 06:57:00,3,Charging Station 3,28.520223002348644,77.35403628889803,16,14,2,0.125,0,0.0,0.0,112.0,AC,parking
2025-08-13 08:02:00,3,Charging Station 3,28.520223002348644,77.35403628889803,16,5,11,0.6875,2,159.57092818031887,39.89273204507972,125.5,AC,parking
2025-08-13 18:08:00,3,Charging Station 3,28.520223002348644,77.35403628889803,16,1,15,0.9375,4,252.32585446097988,63.08146361524497,105.75,AC,parking
2025-08-14 02:59:00,3,Charging Station 3,28.520223002348644,77.35403628889803,16,15,1,0.0625,0,0.0,0.0,20.0,AC,parking
2025-08-14 17:47:00,3,Charging Station 3,28.520223002348644,77.35403628889803,16,4,12,0.75,1,74.62533071206813,18.656332678017034,15.0,AC,parking
2025-08-14 20:14:00,3,Charging Station 3,28.520223002348644,77.35403628889803,16,4,12,0.75,0,0.0,0.0,43.0,AC,parking
2025-08-15 07:19:00,3,Charging Station 3,28.520223002348644,77.35403628889803,16,9,7,0.4375,0,0.0,0.0,92.0,AC,parking
2025-08-16 01:32:00,3,Charging Station 3,28.520223002348644,77.35403628889803,16,16,0,0.0,3,216.99408186085924,54.24852046521481,137.66666666666666,AC,parking
2025-08-17 12:50:00,3,Charging Station 3,28.520223002348644,77.35403628889803,16,10,6,0.375,2,324.04340320163874,81.01085080040968,69.5,AC,parking
2025-08-21 07:30:00,3,Charging Station 3,28.520223002348644,77.35403628889803,16,9,7,0.4375,0,0.0,0.0,96.0,AC,parking
2025-08-22 02:41:00,3,Charging Station 3,28.520223002348644,77.35403628889803,16,15,1,0.0625,0,0.0,0.0,39.0,AC,parking
2025-08-25 23:18:00,3,Charging Station 3,28.520223002348644,77.35403628889803,16,13,3,0.1875,0,0.0,0.0,205.0,AC,parking
2025-08-26 19:45:00,3,Charging Station 3,28.520223002348644,77.35403628889803,16,3,13,0.8125,0,0.0,0.0,119.0,AC,parking
2025-08-28 01:57:00,3,Charging Station 3,28.520223002348644,77.35403628889803,16,15,1,0.0625,0,0.0,0.0,53.0,AC,parking
2025-08-28 03:12:00,3,Charging Station 3,28.520223002348644,77.35403628889803,16,14,2,0.125,1,98.77646179649932,24.69411544912483,81.0,AC,parking
2025-08-29 08:57:00,3,Charging Station 3,28.520223002348644,77.35403628889803,16,4,12,0.75,2,128.065048649936,32.016262162484,171.0,AC,parking
2025-08-30 15:20:00,3,Charging Station 3,28.520223002348644,77.35403628889803,16,8,8,0.5,2,158.15931521047332,39.53982880261833,99.5,AC,parking
2025-09-02 02:56:00,3,Charging Station 3,28.520223002348644,77.35403628889803,16,14,2,0.125,1,31.946895899899165,7.986723974974791,83.0,AC,parking
2025-09-05 13:00:00,3,Charging Station 3,28.520223002348644,77.35403628889803,16,6,10,0.625,0,0.0,0.0,223.0,AC,parking
2025-09-09 00:11:00,3,Charging Station 3,28.520223002348644,77.35403628889803,16,15,1,0.0625,2,208.66350471848355,52.16587617962089,33.5,AC,parking
2025-09-09 23:07:00,3,Charging Station 3,28.520223002348644,77.35403628889803,16,13,3,0.1875,0,0.0,0.0,60.0,AC,parking
2025-09-11 15:37:00,3,Charging Station 3,28.520223002348644,77.35403628889803,16,5,11,0.6875,0,0.0,0.0,83.0,AC,parking
2025-09-14 03:19:00,3,Charging Station 3,28.520223002348644,77.35403628889803,16,16,0,0.0,1,13.129709730174012,3.282427432543503,26.0,AC,parking
2025-09-16 01:33:00,3,Charging Station 3,28.520223002348644,77.35403628889803,16,15,1,0.0625,1,18.532670135721737,4.633167533930434,53.0,AC,parking
2025-09-21 09:20:00,3,Charging Station 3,28.520223002348644,77.35403628889803,16,7,9,0.5625,1,95.39114089600116,23.84778522400029,57.0,AC,parking
2025-09-21 12:56:00,3,Charging Station 3,28.520223002348644,77.35403628889803,16,10,6,0.375,0,0.0,0.0,63.0,AC,parking
2025-09-21 20:40:00,3,Charging Station 3,28.520223002348644,77.35403628889803,16,7,9,0.5625,1,39.8908436842853,9.972710921071325,80.0,AC,parking
2025-09-22 05:50:00,3,Charging Station 3,28.520223002348644,77.35403628889803,16,15,1,0.0625,0,0.0,0.0,55.0,AC,parking
2025-09-23 14:42:00,3,Charging Station 3,28.520223002348644,77.35403628889803,16,5,11,0.6875,0,0.0,0.0,51.0,AC,parking
2025-10-01 12:16:00,3,Charging Station 3,28.520223002348644,77.35403628889803,16,6,10,0.625,0,0.0,0.0,45.0,AC,parking
2025-10-02 13:39:00,3,Charging Station 3,28.520223002348644,77.35403628889803,16,6,10,0.625,0,0.0,0.0,101.0,AC,parking
2025-10-03 15:20:00,3,Charging Station 3,28.520223002348644,77.35403628889803,16,4,12,0.75,1,52.70319952032314,13.175799880080785,17.0,AC,parking
2025-10-07 03:19:00,3,Charging Station 3,28.520223002348644,77.35403628889803,16,15,1,0.0625,1,214.1998518901148,53.5499629725287,75.0,AC,parking
2025-10-07 06:16:00,3,Charging Station 3,28.520223002348644,77.35403628889803,16,13,3,0.1875,0,0.0,0.0,47.0,AC,parking
2025-10-08 00:38:00,3,Charging Station 3,28.520223002348644,77.35403628889803,16,16,0,0.0,1,20.417334102912655,5.104333525728164,66.0,AC,parking
2025-10-12 18:31:00,3,Charging Station 3,28.520223002348644,77.35403628889803,16,6,10,0.625,2,46.56722039335661,11.641805098339152,101.0,AC,parking
2025-10-12 20:07:00,3,Charging Station 3,28.520223002348644,77.35403628889803,16,6,10,0.625,1,71.99802793571575,17.99950698392894,78.0,AC,parking
2025-10-13 13:07:00,3,Charging Station 3,28.520223002348644,77.35403628889803,16,7,9,0.5625,1,14.505299000463669,3.6263247501159173,119.0,AC,parking
2025-10-14 08:10:00,3,Charging Station 3,28.520223002348644,77.35403628889803,16,4,12,0.75,2,49.885695617686196,12.471423904421549,76.5,AC,parking
2025-10-15 00:59:00,3,Charging Station 3,28.520223002348644,77.35403628889803,16,15,1,0.0625,0,0.0,0.0,21.0,AC,parking
2025-10-16 13:22:00,3,Charging Station 3,28.520223002348644,77.35403628889803,16,8,8,0.5,2,84.85461397003225,21.21365349250806,68.5,AC,parking
2025-10-17 00:24:00,3,Charging Station 3,28.520223002348644,77.35403628889803,16,14,2,0.125,0,0.0,0.0,100.0,AC,parking
2025-10-19 12:38:00,3,Charging Station 3,28.520223002348644,77.35403628889803,16,9,7,0.4375,1,82.80083253803716,20.70020813450929,79.0,AC,parking
2025-10-22 07:05:00,3,Charging Station 3,28.520223002348644,77.35403628889803,16,9,7,0.4375,0,0.0,0.0,77.0,AC,parking
2025-10-23 05:20:00,3,Charging Station 3,28.520223002348644,77.35403628889803,16,13,3,0.1875,1,11.818436273223455,2.9546090683058637,109.0,AC,parking
2025-10-26 16:58:00,3,Charging Station 3,28.520223002348644,77.35403628889803,16,7,9,0.5625,1,46.054040010186476,11.513510002546619,72.0,AC,parking
2025-10-30 09:02:00,3,Charging Station 3,28.520223002348644,77.35403628889803,16,3,13,0.8125,0,0.0,0.0,210.0,AC,parking
2025-10-30 23:55:00,3,Charging Station 3,28.520223002348644,77.35403628889803,16,12,4,0.25,0,0.0,0.0,37.0,AC,parking
2025-10-31 07:03:00,3,Charging Station 3,28.520223002348644,77.35403628889803,16,9,7,0.4375,0,0.0,0.0,56.0,AC,parking
2025-11-01 07:48:00,3,Charging Station 3,28.520223002348644,77.35403628889803,16,10,6,0.375,1,109.65519367915797,27.413798419789494,60.0,AC,parking
2025-11-03 19:48:00,3,Charging Station 3,28.520223002348644,77.35403628889803,16,2,14,0.875,3,132.43352466644848,33.10838116661212,50.666666666666664,AC,parking
2025-11-04 13:05:00,3,Charging Station 3,28.520223002348644,77.35403628889803,16,7,9,0.5625,0,0.0,0.0,29.0,AC,parking
2025-11-10 19:19:00,3,Charging Station 3,28.520223002348644,77.35403628889803,16,3,13,0.8125,0,0.0,0.0,51.0,AC,parking
2025-11-12 17:29:00,3,Charging Station 3,28.520223002348644,77.35403628889803,16,3,13,0.8125,0,0.0,0.0,93.0,AC,parking
2025-11-15 03:57:00,3,Charging Station 3,28.520223002348644,77.35403628889803,16,16,0,0.0,1,123.65144890885686,30.912862227214216,107.0,AC,parking
2025-11-16 08:22:00,3,Charging Station 3,28.520223002348644,77.35403628889803,16,9,7,0.4375,1,68.53336016694657,17.13334004173664,26.0,AC,parking
2025-11-18 10:36:00,3,Charging Station 3,28.520223002348644,77.35403628889803,16,2,14,0.875,0,0.0,0.0,17.0,AC,parking
2025-11-18 20:17:00,3,Charging Station 3,28.520223002348644,77.35403628889803,16,3,13,0.8125,1,32.463035799034635,8.115758949758659,79.0,AC,parking
2025-11-21 21:15:00,3,Charging Station 3,28.520223002348644,77.35403628889803,16,6,10,0.625,1,34.13688220324203,8.534220550810508,283.0,AC,parking
2025-11-22 22:07:00,3,Charging Station 3,28.520223002348644,77.35403628889803,16,12,4,0.25,1,39.26157912134869,9.815394780337172,56.0,AC,parking
2025-11-23 04:25:00,3,Charging Station 3,28.520223002348644,77.35403628889803,16,15,1,0.0625,1,104.95459996580075,26.23864999145019,154.0,AC,parking
2025-12-01 08:03:00,3,Charging Station 3,28.520223002348644,77.35403628889803,16,3,13,0.8125,1,72.45056357150798,18.112640892876996,183.0,AC,parking
2025-12-03 02:35:00,3,Charging Station 3,28.520223002348644,77.35403628889803,16,15,1,0.0625,2,104.67830773726305,26.169576934315764,47.5,AC,parking
2025-12-04 22:28:00,3,Charging Station 3,28.520223002348644,77.35403628889803,16,9,7,0.4375,2,43.95391191507487,10.988477978768717,117.0,AC,parking
2025-12-05 19:22:00,3,Charging Station 3,28.520223002348644,77.35403628889803,16,3,13,0.8125,0,0.0,0.0,56.0,AC,parking
2025-12-06 10:50:00,3,Charging Station 3,28.520223002348644,77.35403628889803,16,6,10,0.625,0,0.0,0.0,76.0,AC,parking
2025-12-07 12:31:00,3,Charging Station 3,28.520223002348644,77.35403628889803,16,8,8,0.5,1,83.66229207783319,20.915573019458296,51.0,AC,parking
2025-12-09 03:57:00,3,Charging Station 3,28.520223002348644,77.35403628889803,16,15,1,0.0625,2,78.83941648174576,19.70985412043644,157.0,AC,parking
2025-12-09 21:35:00,3,Charging Station 3,28.520223002348644,77.35403628889803,16,6,10,0.625,0,0.0,0.0,65.0,AC,parking
2025-12-11 12:26:00,3,Charging Station 3,28.520223002348644,77.35403628889803,16,7,9,0.5625,0,0.0,0.0,29.0,AC,parking
2025-12-11 18:06:00,3,Charging Station 3,28.520223002348644,77.35403628889803,16,4,12,0.75,0,0.0,0.0,54.0,AC,parking
2025-12-12 00:51:00,3,Charging Station 3,28.520223002348644,77.35403628889803,16,14,2,0.125,0,0.0,0.0,92.0,AC,parking
2025-12-12 08:09:00,3,Charging Station 3,28.520223002348644,77.35403628889803,16,5,11,0.6875,0,0.0,0.0,49.0,AC,parking
2025-12-12 23:50:00,3,Charging Station 3,28.520223002348644,77.35403628889803,16,13,3,0.1875,1,113.49131836203281,28.372829590508204,161.0,AC,parking
2025-12-13 13:08:00,3,Charging Station 3,28.520223002348644,77.35403628889803,16,10,6,0.375,2,74.70189809769651,18.67547452442413,144.5,AC,parking
2025-12-13 15:16:00,3,Charging Station 3,28.520223002348644,77.35403628889803,16,9,7,0.4375,1,48.95220332044086,12.238050830110215,236.0,AC,parking
2025-12-18 17:51:00,3,Charging Station 3,28.520223002348644,77.35403628889803,16,2,14,0.875,0,0.0,0.0,36.0,AC,parking
2025-12-18 23:04:00,3,Charging Station 3,28.520223002348644,77.35403628889803,16,13,3,0.1875,0,0.0,0.0,53.0,AC,parking
2025-12-19 01:11:00,3,Charging Station 3,28.520223002348644,77.35403628889803,16,15,1,0.0625,1,16.752690611829806,4.1881726529574514,293.0,AC,parking
2025-12-24 08:32:00,3,Charging Station 3,28.520223002348644,77.35403628889803,16,5,11,0.6875,1,53.73309502568636,13.43327375642159,91.0,AC,parking
2025-12-27 14:01:00,3,Charging Station 3,28.520223002348644,77.35403628889803,16,10,6,0.375,1,19.210327560284775,4.802581890071194,204.0,AC,parking
2025-12-27 14:21:00,3,Charging Station 3,28.520223002348644,77.35403628889803,16,8,8,0.5,0,0.0,0.0,99.0,AC,parking
2025-12-29 13:57:00,3,Charging Station 3,28.520223002348644,77.35403628889803,16,7,9,0.5625,0,0.0,0.0,94.0,AC,parking
2025-12-30 04:01:00,3,Charging Station 3,28.520223002348644,77.35403628889803,16,16,0,0.0,1,254.65896128057594,63.664740320143984,151.0,AC,parking
2025-01-02 06:16:00,4,Charging Station 4,28.544399754453366,77.46927635450787,6,5,1,0.16666666666666663,0,0.0,0.0,17.0,AC,mall
2025-01-03 22:32:00,4,Charging Station 4,28.544399754453366,77.46927635450787,6,3,3,0.5,2,19.646457170604084,4.911614292651021,56.5,AC,mall
2025-01-04 12:30:00,4,Charging Station 4,28.544399754453366,77.46927635450787,6,3,3,0.5,1,61.331700258821726,15.332925064705432,119.0,AC,mall
2025-01-04 14:42:00,4,Charging Station 4,28.544399754453366,77.46927635450787,6,3,3,0.5,0,0.0,0.0,23.0,AC,mall
2025-01-07 03:18:00,4,Charging Station 4,28.544399754453366,77.46927635450787,6,6,0,0.0,0,0.0,0.0,99.0,AC,mall
2025-01-08 19:54:00,4,Charging Station 4,28.544399754453366,77.46927635450787,6,1,5,0.8333333333333334,1,109.34028141812325,27.335070354530814,30.0,AC,mall
2025-01-10 12:30:00,4,Charging Station 4,28.544399754453366,77.46927635450787,6,2,4,0.6666666666666667,3,107.20475366751906,26.801188416879764,90.66666666666667,AC,mall
2025-01-11 09:05:00,4,Charging Station 4,28.544399754453366,77.46927635450787,6,3,3,0.5,0,0.0,0.0,17.0,AC,mall
2025-01-20 15:08:00,4,Charging Station 4,28.544399754453366,77.46927635450787,6,2,4,0.6666666666666667,0,0.0,0.0,83.0,AC,mall
2025-01-21 07:50:00,4,Charging Station 4,28.544399754453366,77.46927635450787,6,3,3,0.5,1,75.5634473023344,18.8908618255836,38.0,AC,mall
2025-01-25 13:03:00,4,Charging Station 4,28.544399754453366,77.46927635450787,6,4,2,0.33333333333333337,0,0.0,0.0,202.0,AC,mall
2025-01-27 06:12:00,4,Charging Station 4,28.544399754453366,77.46927635450787,6,5,1,0.16666666666666663,1,67.47543864790137,16.868859661975343,56.0,AC,mall
2025-01-30 16:38:00,4,Charging Station 4,28.544399754453366,77.46927635450787,6,1,5,0.8333333333333334,0,0.0,0.0,35.0,AC,mall
2025-01-30 18:12:00,4,Charging Station 4,28.544399754453366,77.46927635450787,6,0,6,1.0,3,143.46074715056383,35.86518678764096,115.66666666666667,AC,mall
2025-02-02 05:06:00,4,Charging Station 4,28.544399754453366,77.46927635450787,6,5,1,0.16666666666666663,0,0.0,0.0,253.0,AC,mall
2025-02-04 00:40:00,4,Charging Station 4,28.544399754453366,77.46927635450787,6,6,0,0.0,0,0.0,0.0,86.0,AC,mall
2025-02-04 11:08:00,4,Charging Station 4,28.544399754453366,77.46927635450787,6,2,4,0.6666666666666667,1,56.53753377148214,14.134383442870535,148.0,AC,mall
2025-02-04 12:26:00,4,Charging Station 4,28.544399754453366,77.46927635450787,6,2,4,0.6666666666666667,0,0.0,0.0,88.0,AC,mall
2025-02-06 22:49:00,4,Charging Station 4,28.544399754453366,77.46927635450787,6,4,2,0.33333333333333337,0,0.0,0.0,81.0,AC,mall
2025-02-08 10:22:00,4,Charging Station 4,28.544399754453366,77.46927635450787,6,2,4,0.6666666666666667,1,115.06675534716499,28.766688836791246,49.0,AC,mall
2025-02-08 21:52:00,4,Charging Station 4,28.544399754453366,77.46927635450787,6,4,2,0.33333333333333337,1,107.59823943943631,26.899559859859078,229.0,AC,mall
2025-02-10 21:34:00,4,Charging Station 4,28.544399754453366,77.46927635450787,6,3,3,0.5,0,0.0,0.0,55.0,AC,mall
2025-02-11 01:57:00,4,Charging Station 4,28.544399754453366,77.46927635450787,6,5,1,0.16666666666666663,0,0.0,0.0,40.0,AC,mall
2025-02-11 06:03:00,4,Charging Station 4,28.544399754453366,77.46927635450787,6,4,2,0.33333333333333337,1,111.52762494139276,27.88190623534819,114.0,AC,mall
2025-02-11 07:47:00,4,Charging Station 4,28.544399754453366,77.46927635450787,6,4,2,0.33333333333333337,0,0.0,0.0,39.0,AC,mall
2025-02-13 22:20:00,4,Charging Station 4,28.544399754453366,77.46927635450787,6,3,3,0.5,0,0.0,0.0,56.0,AC,mall
2025-02-13 22:28:00,4,Charging Station 4,28.544399754453366,77.46927635450787,6,3,3,0.5,1,125.88886187726807,31.472215469317018,97.0,AC,mall
2025-02-18 11:34:00,4,Charging Station 4,28.544399754453366,77.46927635450787,6,2,4,0.6666666666666667,0,0.0,0.0,65.0,AC,mall
2025-02-22 05:42:00,4,Charging Station 4,28.544399754453366,77.46927635450787,6,6,0,0.0,0,0.0,0.0,130.0,AC,mall
2025-02-24 20:46:00,4,Charging Station 4,28.544399754453366,77.46927635450787,6,2,4,0.6666666666666667,1,22.0043220199677,5.501080504991925,96.0,AC,mall
2025-02-25 05:03:00,4,Charging Station 4,28.544399754453366,77.46927635450787,6,5,1,0.16666666666666663,1,112.67290638006315,28.16822659501579,66.0,AC,mall
2025-02-28 15:53:00,4,Charging Station 4,28.544399754453366,77.46927635450787,6,2,4,0.6666666666666667,0,0.0,0.0,95.0,AC,mall
2025-03-03 21:10:00,4,Charging Station 4,28.544399754453366,77.46927635450787,6,3,3,0.5,1,292.6543018164894,73.16357545412235,65.0,AC,mall
2025-03-04 08:08:00,4,Charging Station 4,28.544399754453366,77.46927635450787,6,2,4,0.6666666666666667,2,104.0828104469733,26.020702611743324,73.0,AC,mall
2025-03-14 00:55:00,4,Charging Station 4,28.544399754453366,77.46927635450787,6,6,0,0.0,0,0.0,0.0,67.0,AC,mall
2025-03-20 02:54:00,4,Charging Station 4,28.544399754453366,77.46927635450787,6,6,0,0.0,2,110.80486811475419,27.701217028688546,82.5,AC,mall
2025-03-22 18:09:00,4,Charging Station 4,28.544399754453366,77.46927635450787,6,2,4,0.6666666666666667,2,128.54194791823596,32.13548697955899,171.5,AC,mall
2025-03-24 01:27:00,4,Charging Station 4,28.544399754453366,77.46927635450787,6,5,1,0.16666666666666663,0,0.0,0.0,68.0,AC,mall
2025-03-24 07:45:00,4,Charging Station 4,28.544399754453366,77.46927635450787,6,4,2,0.33333333333333337,0,0.0,0.0,20.0,AC,mall
2025-03-24 13:58:00,4,Charging Station 4,28.544399754453366,77.46927635450787,6,2,4,0.6666666666666667,2,258.94992532967706,64.73748133241926,91.0,AC,mall
2025-03-24 18:00:00,4,Charging Station 4,28.544399754453366,77.46927635450787,6,0,6,1.0,2,104.48397387039046,26.120993467597614,47.0,AC,mall
2025-03-26 07:47:00,4,Charging Station 4,28.544399754453366,77.46927635450787,6,4,2,0.33333333333333337,3,118.54050119893287,29.635125299733218,97.66666666666667,AC,mall
2025-03-26 14:56:00,4,Charging Station 4,28.544399754453366,77.46927635450787,6,2,4,0.6666666666666667,1,89.21149089106503,22.302872722766256,29.0,AC,mall
2025-03-28 06:08:00,4,Charging Station 4,28.544399754453366,77.46927635450787,6,5,1,0.16666666666666663,0,0.0,0.0,187.0,AC,mall
2025-03-28 15:59:00,4,Charging Station 4,28.544399754453366,77.46927635450787,6,2,4,0.6666666666666667,0,0.0,0.0,191.0,AC,mall
2025-03-29 01:42:00,4,Charging Station 4,28.544399754453366,77.46927635450787,6,5,1,0.16666666666666663,1,54.88762889703627,13.721907224259068,25.0,AC,mall
2025-03-29 14:03:00,4,Charging Station 4,28.544399754453366,77.46927635450787,6,3,3,0.5,0,0.0,0.0,74.0,AC,mall
2025-04-01 00:32:00,4,Charging Station 4,28.544399754453366,77.46927635450787,6,5,1,0.16666666666666663,0,0.0,0.0,204.0,AC,mall
2025-04-02 01:57:00,4,Charging Station 4,28.544399754453366,77.46927635450787,6,6,0,0.0,0,0.0,0.0,40.0,AC,mall
2025-04-07 09:36:00,4,Charging Station 4,28.544399754453366,77.46927635450787,6,1,5,0.8333333333333334,0,0.0,0.0,94.0,AC,mall
2025-04-17 00:00:00,4,Charging Station 4,28.544399754453366,77.46927635450787,6,5,1,0.16666666666666663,0,0.0,0.0,54.0,AC,mall
2025-04-18 14:07:00,4,Charging Station 4,28.544399754453366,77.46927635450787,6,2,4,0.6666666666666667,0,0.0,0.0,22.0,AC,mall
2025-04-19 19:43:00,4,Charging Station 4,28.544399754453366,77.46927635450787,6,3,3,0.5,1,41.65000251799685,10.412500629499213,85.0,AC,mall
2025-04-23 12:57:00,4,Charging Station 4,28.544399754453366,77.46927635450787,6,2,4,0.6666666666666667,1,75.3449475287591,18.836236882189777,199.0,AC,mall
2025-04-23 20:07:00,4,Charging Station 4,28.544399754453366,77.46927635450787,6,2,4,0.6666666666666667,0,0.0,0.0,114.0,AC,mall
2025-04-28 04:51:00,4,Charging Station 4,28.544399754453366,77.46927635450787,6,6,0,0.0,1,79.97839841034495,19.994599602586238,90.0,AC,mall
2025-05-03 06:49:00,4,Charging Station 4,28.544399754453366,77.46927635450787,6,6,0,0.0,2,53.40379853517082,13.350949633792705,82.0,AC,mall
2025-05-04 21:42:00,4,Charging Station 4,28.544399754453366,77.46927635450787,6,4,2,0.33333333333333337,1,29.50209891223419,7.375524728058547,97.0,AC,mall
2025-05-05 19:02:00,4,Charging Station 4,28.544399754453366,77.46927635450787,6,2,4,0.6666666666666667,0,0.0,0.0,79.0,AC,mall
2025-05-06 08:25:00,4,Charging Station 4,28.544399754453366,77.46927635450787,6,2,4,0.6666666666666667,1,76.71644186246766,19.179110465616915,113.0,AC,mall
2025-05-08 01:52:00,4,Charging Station 4,28.544399754453366,77.46927635450787,6,6,0,0.0,1,121.00008396089399,30.250020990223497,39.0,AC,mall
2025-05-09 10:44:00,4,Charging Station 4,28.544399754453366,77.46927635450787,6,1,5,0.8333333333333334,0,0.0,0.0,196.0,AC,mall
2025-05-09 13:35:00,4,Charging Station 4,28.544399754453366,77.46927635450787,6,3,3,0.5,2,66.52341229314942,16.630853073287355,135.5,AC,mall
2025-05-11 04:02:00,4,Charging Station 4,28.544399754453366,77.46927635450787,6,6,0,0.0,1,187.11278721531446,46.778196803828614,19.0,AC,mall
2025-05-12 05:56:00,4,Charging Station 4,28.544399754453366,77.46927635450787,6,5,1,0.16666666666666663,0,0.0,0.0,49.0,AC,mall
2025-05-14 07:51:00,4,Charging Station 4,28.544399754453366,77.46927635450787,6,4,2,0.33333333333333337,1,30.73796093999423,7.684490234998558,24.0,AC,mall
2025-05-14 13:23:00,4,Charging Station 4,28.544399754453366,77.46927635450787,6,2,4,0.6666666666666667,2,152.88895343970017,38.22223835992504,126.0,AC,mall
2025-05-16 12:15:00,4,Charging Station 4,28.544399754453366,77.46927635450787,6,3,3,0.5,0,0.0,0.0,97.0,AC,mall
2025-05-18 15:22:00,4,Charging Station 4,28.544399754453366,77.46927635450787,6,3,3,0.5,1,29.579634101634703,7.394908525408676,48.0,AC,mall
2025-05-21 00:59:00,4,Charging Station 4,28.544399754453366,77.46927635450787,6,5,1,0.16666666666666663,1,118.78160629479318,29.695401573698295,100.0,AC,mall
2025-05-22 22:38:00,4,Charging Station 4,28.544399754453366,77.46927635450787,6,4,2,0.33333333333333337,1,84.57173456285132,21.14293364071283,41.0,AC,mall
2025-05-26 23:59:00,4,Charging Station 4,28.544399754453366,77.46927635450787,6,5,1,0.16666666666666663,1,31.109842978281442,7.7774607445703605,84.0,AC,mall
2025-05-27 17:45:00,4,Charging Station 4,28.544399754453366,77.46927635450787,6,1,5,0.8333333333333334,0,0.0,0.0,18.0,AC,mall
2025-05-29 10:30:00,4,Charging Station 4,28.544399754453366,77.46927635450787,6,0,6,1.0,0,0.0,0.0,112.0,AC,mall
2025-06-01 08:20:00,4,Charging Station 4,28.544399754453366,77.46927635450787,6,3,3,0.5,5,343.81897826845193,85.95474456711298,97.0,AC,mall
2025-06-10 20:50:00,4,Charging Station 4,28.544399754453366,77.46927635450787,6,2,4,0.6666666666666667,0,0.0,0.0,27.0,AC,mall
2025-06-11 08:10:00,4,Charging Station 4,28.544399754453366,77.46927635450787,6,2,4,0.6666666666666667,1,132.00979580647748,33.00244895161937,286.0,AC,mall
2025-06-11 11:45:00,4,Charging Station 4,28.544399754453366,77.46927635450787,6,1,5,0.8333333333333334,0,0.0,0.0,163.0,AC,mall
2025-06-12 01:02:00,4,Charging Station 4,28.544399754453366,77.46927635450787,6,6,0,0.0,1,21.26280636236381,5.315701590590953,190.0,AC,mall
2025-06-17 01:20:00,4,Charging Station 4,28.544399754453366,77.46927635450787,6,6,0,0.0,1,20.20589339045992,5.05147334761498,38.0,AC,mall
2025-06-18 09:40:00,4,Charging Station 4,28.544399754453366,77.46927635450787,6,1,5,0.8333333333333334,0,0.0,0.0,17.0,AC,mall
2025-06-18 14:30:00,4,Charging Station 4,28.544399754453366,77.46927635450787,6,2,4,0.6666666666666667,0,0.0,0.0,48.0,AC,mall
2025-06-20 00:10:00,4,Charging Station 4,28.544399754453366,77.46927635450787,6,5,1,0.16666666666666663,0,0.0,0.0,23.0,AC,mall
2025-06-21 08:49:00,4,Charging Station 4,28.544399754453366,77.46927635450787,6,3,3,0.5,2,112.66632572417019,28.166581431042548,158.0,AC,mall
2025-06-21 09:34:00,4,Charging Station 4,28.544399754453366,77.46927635450787,6,3,3,0.5,1,99.37330315477696,24.84332578869424,90.0,AC,mall
2025-06-22 06:14:00,4,Charging Station 4,28.544399754453366,77.46927635450787,6,5,1,0.16666666666666663,0,0.0,0.0,30.0,AC,mall
2025-06-23 11:12:00,4,Charging Station 4,28.544399754453366,77.46927635450787,6,1,5,0.8333333333333334,1,339.9355530514741,84.98388826286852,29.0,AC,mall
2025-06-25 00:48:00,4,Charging Station 4,28.544399754453366,77.46927635450787,6,5,1,0.16666666666666663,0,0.0,0.0,165.0,AC,mall
2025-06-25 13:16:00,4,Charging Station 4,28.544399754453366,77.46927635450787,6,3,3,0.5,1,159.465684186824,39.866421046706,217.0,AC,mall
2025-06-28 20:31:00,4,Charging Station 4,28.544399754453366,77.46927635450787,6,2,4,0.6666666666666667,0,0.0,0.0,123.0,AC,mall
2025-06-29 20:52:00,4,Charging Station 4,28.544399754453366,77.46927635450787,6,3,3,0.5,0,0.0,0.0,96.0,AC,mall
2025-07-01 18:30:00,4,Charging Station 4,28.544399754453366,77.46927635450787,6,1,5,0.8333333333333334,1,49.440633494341775,12.360158373585444,89.0,AC,mall
2025-07-02 10:20:00,4,Charging Station 4,28.544399754453366,77.46927635450787,6,1,5,0.8333333333333334,0,0.0,0.0,39.0,AC,mall
2025-07-02 17:03:00,4,Charging Station 4,28.544399754453366,77.46927635450787,6,1,5,0.8333333333333334,0,0.0,0.0,39.0,AC,mall
2025-07-03 01:08:00,4,Charging Station 4,28.544399754453366,77.46927635450787,6,6,0,0.0,0,0.0,0.0,264.0,AC,mall
2025-07-03 20:06:00,4,Charging Station 4,28.544399754453366,77.46927635450787,6,1,5,0.8333333333333334,0,0.0,0.0,98.0,AC,mall
2025-07-04 00:42:00,4,Charging Station 4,28.544399754453366,77.46927635450787,6,6,0,0.0,2,94.30519412626816,23.57629853156704,91.0,AC,mall
2025-07-04 04:04:00,4,Charging Station 4,28.544399754453366,77.46927635450787,6,6,0,0.0,1,61.579420582134134,15.394855145533533,88.0,AC,mall
2025-07-06 11:31:00,4,Charging Station 4,28.544399754453366,77.46927635450787,6,3,3,0.5,2,168.78998029317185,42.19749507329296,41.5,AC,mall
2025-07-11 14:12:00,4,Charging Station 4,28.544399754453366,77.46927635450787,6,2,4,0.6666666666666667,1,50.73353475458537,12.683383688646343,60.0,AC,mall
2025-07-12 12:35:00,4,Charging Station 4,28.544399754453366,77.46927635450787,6,4,2,0.33333333333333337,1,80.81303754799556,20.20325938699889,22.0,AC,mall
2025-07-13 10:32:00,4,Charging Station 4,28.544399754453366,77.46927635450787,6,3,3,0.5,0,0.0,0.0,21.0,AC,mall
2025-07-13 13:51:00,4,Charging Station 4,28.544399754453366,77.46927635450787,6,3,3,0.5,1,28.56372196885398,7.140930492213495,53.0,AC,mall
2025-07-17 18:26:00,4,Charging Station 4,28.544399754453366,77.46927635450787,6,0,6,1.0,2,132.72259522832243,33.18064880708061,109.0,AC,mall
2025-07-19 19:35:00,4,Charging Station 4,28.544399754453366,77.46927635450787,6,3,3,0.5,1,27.8612595547345,6.965314888683625,15.0,AC,mall
2025-07-22 04:52:00,4,Charging Station 4,28.544399754453366,77.46927635450787,6,5,1,0.16666666666666663,0,0.0,0.0,167.0,AC,mall
2025-07-27 16:54:00,4,Charging Station 4,28.544399754453366,77.46927635450787,6,3,3,0.5,0,0.0,0.0,81.0,AC,mall
2025-07-28 00:01:00,4,Charging Station 4,28.544399754453366,77.46927635450787,6,5,1,0.16666666666666663,0,0.0,0.0,73.0,AC,mall
2025-07-29 22:06:00,4,Charging Station 4,28.544399754453366,77.46927635450787,6,3,3,0.5,0,0.0,0.0,27.0,AC,mall
2025-07-31 10:16:00,4,Charging Station 4,28.544399754453366,77.46927635450787,6,1,5,0.8333333333333334,0,0.0,0.0,50.0,AC,mall
2025-08-01 19:25:00,4,Charging Station 4,28.544399754453366,77.46927635450787,6,2,4,0.6666666666666667,0,0.0,0.0,181.0,AC,mall
2025-08-01 23:25:00,4,Charging Station 4,28.544399754453366,77.46927635450787,6,5,1,0.16666666666666663,0,0.0,0.0,30.0,AC,mall
2025-08-02 00:45:00,4,Charging Station 4,28.544399754453366,77.46927635450787,6,5,1,0.16666666666666663,1,40.78889010170031,10.197222525425078,169.0,AC,mall
2025-08-02 08:13:00,4,Charging Station 4,28.544399754453366,77.46927635450787,6,3,3,0.5,1,25.91972877459536,6.47993219364884,87.0,AC,mall
2025-08-03 14:57:00,4,Charging Station 4,28.544399754453366,77.46927635450787,6,3,3,0.5,1,37.61451466638544,9.40362866659636,16.0,AC,mall
2025-08-07 15:31:00,4,Charging Station 4,28.544399754453366,77.46927635450787,6,1,5,0.8333333333333334,0,0.0,0.0,217.0,AC,mall
2025-08-17 16:37:00,4,Charging Station 4,28.544399754453366,77.46927635450787,6,3,3,0.5,3,177.1277967842365,44.281949196059124,76.33333333333333,AC,mall
2025-08-20 16:56:00,4,Charging Station 4,28.544399754453366,77.46927635450787,6,2,4,0.6666666666666667,0,0.0,0.0,114.0,AC,mall
2025-08-20 21:11:00,4,Charging Station 4,28.544399754453366,77.46927635450787,6,2,4,0.6666666666666667,0,0.0,0.0,208.0,AC,mall
2025-08-21 23:21:00,4,Charging Station 4,28.544399754453366,77.46927635450787,6,5,1,0.16666666666666663,0,0.0,0.0,73.0,AC,mall
2025-08-29 08:10:00,4,Charging Station 4,28.544399754453366,77.46927635450787,6,2,4,0.6666666666666667,4,217.629961043139,54.40749026078475,77.0,AC,mall
2025-09-01 06:59:00,4,Charging Station 4,28.544399754453366,77.46927635450787,6,5,1,0.16666666666666663,2,49.481960293445034,12.370490073361259,49.5,AC,mall
2025-09-01 19:37:00,4,Charging Station 4,28.544399754453366,77.46927635450787,6,1,5,0.8333333333333334,0,0.0,0.0,274.0,AC,mall
2025-09-04 13:21:00,4,Charging Station 4,28.544399754453366,77.46927635450787,6,2,4,0.6666666666666667,1,156.26744233906882,39.066860584767205,79.0,AC,mall
2025-09-06 18:27:00,4,Charging Station 4,28.544399754453366,77.46927635450787,6,2,4,0.6666666666666667,5,170.60435188212904,42.65108797053226,50.6,AC,mall
2025-09-07 05:38:00,4,Charging Station 4,28.544399754453366,77.46927635450787,6,5,1,0.16666666666666663,3,63.974369769972036,15.993592442493009,32.333333333333336,AC,mall
2025-09-08 15:24:00,4,Charging Station 4,28.544399754453366,77.46927635450787,6,2,4,0.6666666666666667,1,37.27479940052207,9.318699850130518,115.0,AC,mall
2025-09-09 22:47:00,4,Charging Station 4,28.544399754453366,77.46927635450787,6,3,3,0.5,1,75.91238010347277,18.978095025868193,89.0,AC,mall
2025-09-12 06:32:00,4,Charging Station 4,28.544399754453366,77.46927635450787,6,4,2,0.33333333333333337,0,0.0,0.0,74.0,AC,mall
2025-09-13 13:21:00,4,Charging Station 4,28.544399754453366,77.46927635450787,6,3,3,0.5,0,0.0,0.0,72.0,AC,mall
2025-09-15 17:01:00,4,Charging Station 4,28.544399754453366,77.46927635450787,6,1,5,0.8333333333333334,1,43.04134960435349,10.760337401088373,96.0,AC,mall
2025-09-16 13:59:00,4,Charging Station 4,28.544399754453366,77.46927635450787,6,2,4,0.6666666666666667,1,93.73113311338581,23.432783278346452,56.0,AC,mall
2025-09-17 08:14:00,4,Charging Station 4,28.544399754453366,77.46927635450787,6,2,4,0.6666666666666667,1,122.88524058077402,30.721310145193506,85.0,AC,mall
2025-09-20 15:15:00,4,Charging Station 4,28.544399754453366,77.46927635450787,6,3,3,0.5,2,96.1717745623867,24.042943640596675,75.5,AC,mall
2025-09-21 01:34:00,4,Charging Station 4,28.544399754453366,77.46927635450787,6,6,0,0.0,2,123.11844776181034,30.779611940452586,33.5,AC,mall
2025-09-23 22:36:00,4,Charging Station 4,28.544399754453366,77.46927635450787,6,4,2,0.33333333333333337,0,0.0,0.0,52.0,AC,mall
2025-09-24 18:59:00,4,Charging Station 4,28.544399754453366,77.46927635450787,6,1,5,0.8333333333333334,1,93.6309817595719,23.407745439892974,81.0,AC,mall
2025-09-25 04:22:00,4,Charging Station 4,28.544399754453366,77.46927635450787,6,6,0,0.0,0,0.0,0.0,169.0,AC,mall
2025-09-30 15:27:00,4,Charging Station 4,28.544399754453366,77.46927635450787,6,2,4,0.6666666666666667,3,268.7665134980383,67.19162837450958,51.666666666666664,AC,mall
2025-10-03 05:23:00,4,Charging Station 4,28.544399754453366,77.46927635450787,6,5,1,0.16666666666666663,0,0.0,0.0,28.0,AC,mall
2025-10-04 19:33:00,4,Charging Station 4,28.544399754453366,77.46927635450787,6,2,4,0.6666666666666667,1,55.367277792022705,13.841819448005676,57.0,AC,mall
2025-10-04 21:03:00,4,Charging Station 4,28.544399754453366,77.46927635450787,6,4,2,0.33333333333333337,1,66.99632182412529,16.749080456031322,111.0,AC,mall
2025-10-05 01:08:00,4,Charging Station 4,28.544399754453366,77.46927635450787,6,6,0,0.0,1,109.52218718832803,27.38054679708201,40.0,AC,mall
2025-10-05 02:30:00,4,Charging Station 4,28.544399754453366,77.46927635450787,6,6,0,0.0,0,0.0,0.0,280.0,AC,mall
2025-10-05 16:10:00,4,Charging Station 4,28.544399754453366,77.46927635450787,6,3,3,0.5,0,0.0,0.0,48.0,AC,mall
2025-10-06 04:39:00,4,Charging Station 4,28.544399754453366,77.46927635450787,6,5,1,0.16666666666666663,0,0.0,0.0,68.0,AC,mall
2025-10-08 20:54:00,4,Charging Station 4,28.544399754453366,77.46927635450787,6,2,4,0.6666666666666667,2,150.68018405942087,37.67004601485522,41.0,AC,mall
2025-10-12 13:12:00,4,Charging Station 4,28.544399754453366,77.46927635450787,6,3,3,0.5,1,17.219472403257218,4.304868100814304,47.0,AC,mall
2025-10-13 17:33:00,4,Charging Station 4,28.544399754453366,77.46927635450787,6,1,5,0.8333333333333334,0,0.0,0.0,63.0,AC,mall
2025-10-13 19:03:00,4,Charging Station 4,28.544399754453366,77.46927635450787,6,1,5,0.8333333333333334,2,96.36850120212506,24.092125300531265,44.5,AC,mall
2025-10-16 09:50:00,4,Charging Station 4,28.544399754453366,77.46927635450787,6,1,5,0.8333333333333334,0,0.0,0.0,76.0,AC,mall
2025-10-19 05:52:00,4,Charging Station 4,28.544399754453366,77.46927635450787,6,5,1,0.16666666666666663,0,0.0,0.0,73.0,AC,mall
2025-10-24 17:00:00,4,Charging Station 4,28.544399754453366,77.46927635450787,6,1,5,0.8333333333333334,0,0.0,0.0,44.0,AC,mall
2025-10-25 11:08:00,4,Charging Station 4,28.544399754453366,77.46927635450787,6,3,3,0.5,0,0.0,0.0,106.0,AC,mall
2025-10-25 21:09:00,4,Charging Station 4,28.544399754453366,77.46927635450787,6,3,3,0.5,0,0.0,0.0,173.0,AC,mall
2025-10-27 11:03:00,4,Charging Station 4,28.544399754453366,77.46927635450787,6,2,4,0.6666666666666667,4,211.60470855374584,52.90117713843646,54.5,AC,mall
2025-10-28 02:28:00,4,Charging Station 4,28.544399754453366,77.46927635450787,6,6,0,0.0,1,23.77062348536809,5.942655871342023,252.0,AC,mall
2025-10-28 09:58:00,4,Charging Station 4,28.544399754453366,77.46927635450787,6,1,5,0.8333333333333334,0,0.0,0.0,89.0,AC,mall
2025-10-28 10:04:00,4,Charging Station 4,28.544399754453366,77.46927635450787,6,1,5,0.8333333333333334,0,0.0,0.0,111.0,AC,mall
2025-10-29 06:10:00,4,Charging Station 4,28.544399754453366,77.46927635450787,6,6,0,0.0,1,24.936712360813104,6.234178090203276,30.0,AC,mall
2025-10-30 04:58:00,4,Charging Station 4,28.544399754453366,77.46927635450787,6,6,0,0.0,0,0.0,0.0,56.0,AC,mall
2025-11-01 03:02:00,4,Charging Station 4,28.544399754453366,77.46927635450787,6,6,0,0.0,0,0.0,0.0,262.0,AC,mall
2025-11-05 12:10:00,4,Charging Station 4,28.544399754453366,77.46927635450787,6,2,4,0.6666666666666667,1,35.41086606052695,8.852716515131737,74.0,AC,mall
2025-11-07 08:32:00,4,Charging Station 4,28.544399754453366,77.46927635450787,6,2,4,0.6666666666666667,5,243.7327064036161,60.93317660090403,58.0,AC,mall
2025-11-12 09:11:00,4,Charging Station 4,28.544399754453366,77.46927635450787,6,1,5,0.8333333333333334,0,0.0,0.0,63.0,AC,mall
2025-11-12 18:44:00,4,Charging Station 4,28.544399754453366,77.46927635450787,6,1,5,0.8333333333333334,3,135.4515394697237,33.86288486743093,58.333333333333336,AC,mall
2025-11-13 00:10:00,4,Charging Station 4,28.544399754453366,77.46927635450787,6,5,1,0.16666666666666663,0,0.0,0.0,271.0,AC,mall
2025-11-13 00:16:00,4,Charging Station 4,28.544399754453366,77.46927635450787,6,6,0,0.0,0,0.0,0.0,88.0,AC,mall
2025-11-16 05:57:00,4,Charging Station 4,28.544399754453366,77.46927635450787,6,6,0,0.0,1,9.760319700531259,2.4400799251328147,25.0,AC,mall
2025-11-16 11:49:00,4,Charging Station 4,28.544399754453366,77.46927635450787,6,3,3,0.5,0,0.0,0.0,83.0,AC,mall
2025-11-16 19:35:00,4,Charging Station 4,28.544399754453366,77.46927635450787,6,2,4,0.6666666666666667,0,0.0,0.0,76.0,AC,mall
2025-11-18 07:04:00,4,Charging Station 4,28.544399754453366,77.46927635450787,6,3,3,0.5,1,64.14642203154217,16.036605507885543,79.0,AC,mall
2025-11-19 02:25:00,4,Charging Station 4,28.544399754453366,77.46927635450787,6,6,0,0.0,0,0.0,0.0,56.0,AC,mall
2025-11-23 08:46:00,4,Charging Station 4,28.544399754453366,77.46927635450787,6,3,3,0.5,1,57.1301062693548,14.2825265673387,118.0,AC,mall
2025-11-30 02:24:00,4,Charging Station 4,28.544399754453366,77.46927635450787,6,6,0,0.0,1,21.60100467798165,5.400251169495412,35.0,AC,mall
2025-12-03 01:34:00,4,Charging Station 4,28.544399754453366,77.46927635450787,6,6,0,0.0,0,0.0,0.0,232.0,AC,mall
2025-12-04 11:26:00,4,Charging Station 4,28.544399754453366,77.46927635450787,6,2,4,0.6666666666666667,0,0.0,0.0,118.0,AC,mall
2025-12-06 09:41:00,4,Charging Station 4,28.544399754453366,77.46927635450787,6,3,3,0.5,1,234.98543146590433,58.74635786647608,116.0,AC,mall
2025-12-08 03:59:00,4,Charging Station 4,28.544399754453366,77.46927635450787,6,6,0,0.0,1,19.61049319940735,4.902623299851838,35.0,AC,mall
2025-12-08 17:37:00,4,Charging Station 4,28.544399754453366,77.46927635450787,6,1,5,0.8333333333333334,0,0.0,0.0,20.0,AC,mall
2025-12-10 11:23:00,4,Charging Station 4,28.544399754453366,77.46927635450787,6,2,4,0.6666666666666667,0,0.0,0.0,61.0,AC,mall
2025-12-11 02:16:00,4,Charging Station 4,28.544399754453366,77.46927635450787,6,6,0,0.0,0,0.0,0.0,73.0,AC,mall
2025-12-11 07:59:00,4,Charging Station 4,28.544399754453366,77.46927635450787,6,3,3,0.5,0,0.0,0.0,32.0,AC,mall
2025-12-11 19:15:00,4,Charging Station 4,28.544399754453366,77.46927635450787,6,1,5,0.8333333333333334,1,31.088020464289034,7.7720051160722585,293.0,AC,mall
2025-12-13 04:44:00,4,Charging Station 4,28.544399754453366,77.46927635450787,6,6,0,0.0,0,0.0,0.0,17.0,AC,mall
2025-12-14 05:01:00,4,Charging Station 4,28.544399754453366,77.46927635450787,6,5,1,0.16666666666666663,0,0.0,0.0,89.0,AC,mall
2025-12-14 10:54:00,4,Charging Station 4,28.544399754453366,77.46927635450787,6,3,3,0.5,0,0.0,0.0,81.0,AC,mall
2025-12-14 22:38:00,4,Charging Station 4,28.544399754453366,77.46927635450787,6,5,1,0.16666666666666663,0,0.0,0.0,112.0,AC,mall
2025-12-18 23:09:00,4,Charging Station 4,28.544399754453366,77.46927635450787,6,5,1,0.16666666666666663,0,0.0,0.0,19.0,AC,mall
2025-12-25 03:03:00,4,Charging Station 4,28.544399754453366,77.46927635450787,6,6,0,0.0,0,0.0,0.0,52.0,AC,mall
2025-12-25 16:40:00,4,Charging Station 4,28.544399754453366,77.46927635450787,6,2,4,0.6666666666666667,1,38.38463077788508,9.59615769447127,99.0,AC,mall
2025-12-26 09:42:00,4,Charging Station 4,28.544399754453366,77.46927635450787,6,1,5,0.8333333333333334,1,23.690341130534165,5.922585282633541,116.0,AC,mall
2025-12-30 18:53:00,4,Charging Station 4,28.544399754453366,77.46927635450787,6,0,6,1.0,2,306.7086465924561,76.67716164811402,56.0,AC,mall
2025-01-01 05:44:00,5,Charging Station 5,28.460848448591907,77.26237821581611,10,9,1,0.09999999999999998,0,0.0,0.0,110.0,AC,mall
2025-01-02 05:31:00,5,Charging Station 5,28.460848448591907,77.26237821581611,10,9,1,0.09999999999999998,0,0.0,0.0,151.0,AC,mall
2025-01-04 19:01:00,5,Charging Station 5,28.460848448591907,77.26237821581611,10,4,6,0.6,0,0.0,0.0,77.0,AC,mall
2025-01-05 12:06:00,5,Charging Station 5,28.460848448591907,77.26237821581611,10,5,5,0.5,2,452.3054096386379,113.07635240965948,40.5,AC,mall
2025-01-13 10:08:00,5,Charging Station 5,28.460848448591907,77.26237821581611,10,2,8,0.8,0,0.0,0.0,48.0,AC,mall
2025-01-15 18:23:00,5,Charging Station 5,28.460848448591907,77.26237821581611,10,1,9,0.9,3,176.84754020757117,44.21188505189279,75.0,AC,mall
2025-01-16 20:58:00,5,Charging Station 5,28.460848448591907,77.26237821581611,10,2,8,0.8,0,0.0,0.0,61.0,AC,mall
2025-01-17 23:23:00,5,Charging Station 5,28.460848448591907,77.26237821581611,10,8,2,0.19999999999999996,0,0.0,0.0,57.0,AC,mall
2025-01-21 07:04:00,5,Charging Station 5,28.460848448591907,77.26237821581611,10,6,4,0.4,0,0.0,0.0,37.0,AC,mall
2025-01-22 03:48:00,5,Charging Station 5,28.460848448591907,77.26237821581611,10,10,0,0.0,0,0.0,0.0,26.0,AC,mall
2025-01-26 01:48:00,5,Charging Station 5,28.460848448591907,77.26237821581611,10,10,0,0.0,0,0.0,0.0,17.0,AC,mall
2025-01-27 01:32:00,5,Charging Station 5,28.460848448591907,77.26237821581611,10,10,0,0.0,1,45.18174304333908,11.29543576083477,107.0,AC,mall
2025-01-27 23:43:00,5,Charging Station 5,28.460848448591907,77.26237821581611,10,8,2,0.19999999999999996,0,0.0,0.0,43.0,AC,mall
2025-01-28 05:00:00,5,Charging Station 5,28.460848448591907,77.26237821581611,10,9,1,0.09999999999999998,1,35.24164966086613,8.810412415216533,64.0,AC,mall
2025-01-29 17:36:00,5,Charging Station 5,28.460848448591907,77.26237821581611,10,1,9,0.9,0,0.0,0.0,92.0,AC,mall
2025-02-01 13:24:00,5,Charging Station 5,28.460848448591907,77.26237821581611,10,6,4,0.4,1,49.222235658751416,12.305558914687854,33.0,AC,mall
2025-02-04 04:00:00,5,Charging Station 5,28.460848448591907,77.26237821581611,10,10,0,0.0,2,78.62258201824872,19.65564550456218,61.5,AC,mall
2025-02-05 13:40:00,5,Charging Station 5,28.460848448591907,77.26237821581611,10,4,6,0.6,0,0.0,0.0,33.0,AC,mall
2025-02-06 13:39:00,5,Charging Station 5,28.460848448591907,77.26237821581611,10,4,6,0.6,1,21.108805837388484,5.277201459347121,70.0,AC,mall
2025-02-06 14:46:00,5,Charging Station 5,28.460848448591907,77.26237821581611,10,3,7,0.7,1,14.08085321650466,3.520213304126165,100.0,AC,mall
2025-02-08 16:14:00,5,Charging Station 5,28.460848448591907,77.26237821581611,10,5,5,0.5,0,0.0,0.0,82.0,AC,mall
2025-02-13 03:50:00,5,Charging Station 5,28.460848448591907,77.26237821581611,10,10,0,0.0,1,30.211239086398415,7.552809771599604,106.0,AC,mall
2025-02-13 07:39:00,5,Charging Station 5,28.460848448591907,77.26237821581611,10,6,4,0.4,0,0.0,0.0,31.0,AC,mall
2025-02-16 00:03:00,5,Charging Station 5,28.460848448591907,77.26237821581611,10,9,1,0.09999999999999998,0,0.0,0.0,32.0,AC,mall
2025-02-16 12:36:00,5,Charging Station 5,28.460848448591907,77.26237821581611,10,5,5,0.5,0,0.0,0.0,32.0,AC,mall
2025-02-19 04:43:00,5,Charging Station 5,28.460848448591907,77.26237821581611,10,10,0,0.0,0,0.0,0.0,108.0,AC,mall
2025-02-22 12:22:00,5,Charging Station 5,28.460848448591907,77.26237821581611,10,5,5,0.5,0,0.0,0.0,69.0,AC,mall
2025-02-23 13:40:00,5,Charging Station 5,28.460848448591907,77.26237821581611,10,6,4,0.4,0,0.0,0.0,175.0,AC,mall
2025-02-26 02:59:00,5,Charging Station 5,28.460848448591907,77.26237821581611,10,9,1,0.09999999999999998,0,0.0,0.0,95.0,AC,mall
2025-03-01 10:11:00,5,Charging Station 5,28.460848448591907,77.26237821581611,10,5,5,0.5,0,0.0,0.0,297.0,AC,mall
2025-03-01 19:57:00,5,Charging Station 5,28.460848448591907,77.26237821581611,10,5,5,0.5,0,0.0,0.0,97.0,AC,mall
2025-03-01 23:46:00,5,Charging Station 5,28.460848448591907,77.26237821581611,10,9,1,0.09999999999999998,0,0.0,0.0,29.0,AC,mall
2025-03-02 06:22:00,5,Charging Station 5,28.460848448591907,77.26237821581611,10,8,2,0.19999999999999996,0,0.0,0.0,20.0,AC,mall
2025-03-02 16:29:00,5,Charging Station 5,28.460848448591907,77.26237821581611,10,4,6,0.6,2,227.77541756924077,56.94385439231019,55.0,AC,mall
2025-03-05 15:05:00,5,Charging Station 5,28.460848448591907,77.26237821581611,10,4,6,0.6,1,17.25694063792451,4.314235159481128,161.0,AC,mall
2025-03-07 03:52:00,5,Charging Station 5,28.460848448591907,77.26237821581611,10,10,0,0.0,0,0.0,0.0,206.0,AC,mall
2025-03-07 12:36:00,5,Charging Station 5,28.460848448591907,77.26237821581611,10,4,6,0.6,1,81.227044396439,20.30676109910975,48.0,AC,mall
2025-03-07 14:37:00,5,Charging Station 5,28.460848448591907,77.26237821581611,10,4,6,0.6,0,0.0,0.0,88.0,AC,mall
2025-03-09 02:27:00,5,Charging Station 5,28.460848448591907,77.26237821581611,10,10,0,0.0,0,0.0,0.0,80.0,AC,mall
2025-03-15 06:45:00,5,Charging Station 5,28.460848448591907,77.26237821581611,10,8,2,0.19999999999999996,0,0.0,0.0,94.0,AC,mall
2025-03-15 15:03:00,5,Charging Station 5,28.460848448591907,77.26237821581611,10,6,4,0.4,0,0.0,0.0,35.0,AC,mall
2025-03-16 21:40:00,5,Charging Station 5,28.460848448591907,77.26237821581611,10,7,3,0.30000000000000004,0,0.0,0.0,99.0,AC,mall
2025-03-18 00:54:00,5,Charging Station 5,28.460848448591907,77.26237821581611,10,8,2,0.19999999999999996,0,0.0,0.0,24.0,AC,mall
2025-03-18 14:08:00,5,Charging Station 5,28.460848448591907,77.26237821581611,10,3,7,0.7,0,0.0,0.0,265.0,AC,mall
2025-03-18 21:56:00,5,Charging Station 5,28.460848448591907,77.26237821581611,10,4,6,0.6,0,0.0,0.0,298.0,AC,mall
2025-03-19 11:30:00,5,Charging Station 5,28.460848448591907,77.26237821581611,10,3,7,0.7,0,0.0,0.0,99.0,AC,mall
2025-03-19 20:15:00,5,Charging Station 5,28.460848448591907,77.26237821581611,10,2,8,0.8,1,102.37522588652249,25.59380647163062,101.0,AC,mall
2025-03-20 15:00:00,5,Charging Station 5,28.460848448591907,77.26237821581611,10,3,7,0.7,1,29.74775747886189,7.436939369715472,56.0,AC,mall
2025-03-25 03:09:00,5,Charging Station 5,28.460848448591907,77.26237821581611,10,10,0,0.0,0,0.0,0.0,109.0,AC,mall
2025-03-25 04:41:00,5,Charging Station 5,28.460848448591907,77.26237821581611,10,10,0,0.0,0,0.0,0.0,122.0,AC,mall
2025-03-25 19:06:00,5,Charging Station 5,28.460848448591907,77.26237821581611,10,1,9,0.9,1,31.767950265369976,7.941987566342494,18.0,AC,mall
2025-03-26 21:45:00,5,Charging Station 5,28.460848448591907,77.26237821581611,10,4,6,0.6,0,0.0,0.0,43.0,AC,mall
2025-03-28 11:52:00,5,Charging Station 5,28.460848448591907,77.26237821581611,10,3,7,0.7,0,0.0,0.0,19.0,AC,mall
2025-03-29 14:17:00,5,Charging Station 5,28.460848448591907,77.26237821581611,10,5,5,0.5,0,0.0,0.0,46.0,AC,mall
2025-03-29 19:58:00,5,Charging Station 5,28.460848448591907,77.26237821581611,10,5,5,0.5,1,20.107903246847684,5.026975811711921,58.0,AC,mall
2025-03-31 00:02:00,5,Charging Station 5,28.460848448591907,77.26237821581611,10,9,1,0.09999999999999998,0,0.0,0.0,47.0,AC,mall
2025-04-02 12:11:00,5,Charging Station 5,28.460848448591907,77.26237821581611,10,4,6,0.6,1,32.93408033924323,8.233520084810808,98.0,AC,mall
2025-04-03 10:00:00,5,Charging Station 5,28.460848448591907,77.26237821581611,10,2,8,0.8,0,0.0,0.0,52.0,AC,mall
2025-04-04 02:04:00,5,Charging Station 5,28.460848448591907,77.26237821581611,10,10,0,0.0,1,27.848952175123856,6.962238043780964,111.0,AC,mall
2025-04-04 06:04:00,5,Charging Station 5,28.460848448591907,77.26237821581611,10,7,3,0.30000000000000004,1,114.94806896471431,28.737017241178577,19.0,AC,mall
2025-04-12 20:53:00,5,Charging Station 5,28.460848448591907,77.26237821581611,10,5,5,0.5,0,0.0,0.0,95.0,AC,mall
2025-04-19 05:31:00,5,Charging Station 5,28.460848448591907,77.26237821581611,10,9,1,0.09999999999999998,0,0.0,0.0,51.0,AC,mall
2025-04-22 19:34:00,5,Charging Station 5,28.460848448591907,77.26237821581611,10,0,10,1.0,1,21.42049143754154,5.355122859385385,39.0,AC,mall
2025-04-26 08:59:00,5,Charging Station 5,28.460848448591907,77.26237821581611,10,5,5,0.5,0,0.0,0.0,84.0,AC,mall
2025-04-26 19:14:00,5,Charging Station 5,28.460848448591907,77.26237821581611,10,4,6,0.6,0,0.0,0.0,61.0,AC,mall
2025-04-27 01:28:00,5,Charging Station 5,28.460848448591907,77.26237821581611,10,10,0,0.0,0,0.0,0.0,69.0,AC,mall
2025-04-28 20:53:00,5,Charging Station 5,28.460848448591907,77.26237821581611,10,1,9,0.9,0,0.0,0.0,72.0,AC,mall
2025-04-29 18:28:00,5,Charging Station 5,28.460848448591907,77.26237821581611,10,1,9,0.9,3,316.9461701155207,79.23654252888018,58.333333333333336,AC,mall
2025-05-01 01:52:00,5,Charging Station 5,28.460848448591907,77.26237821581611,10,10,0,0.0,0,0.0,0.0,99.0,AC,mall
2025-05-01 02:24:00,5,Charging Station 5,28.460848448591907,77.26237821581611,10,10,0,0.0,0,0.0,0.0,88.0,AC,mall
2025-05-02 15:23:00,5,Charging Station 5,28.460848448591907,77.26237821581611,10,3,7,0.7,2,68.58869994387709,17.147174985969272,57.5,AC,mall
2025-05-03 18:23:00,5,Charging Station 5,28.460848448591907,77.26237821581611,10,4,6,0.6,4,462.85599165156725,115.71399791289181,85.0,AC,mall
2025-05-04 18:43:00,5,Charging Station 5,28.460848448591907,77.26237821581611,10,3,7,0.7,3,379.24636049740155,94.81159012435039,49.333333333333336,AC,mall
2025-05-05 09:01:00,5,Charging Station 5,28.460848448591907,77.26237821581611,10,2,8,0.8,2,81.97092740027452,20.49273185006863,91.5,AC,mall
2025-05-07 22:34:00,5,Charging Station 5,28.460848448591907,77.26237821581611,10,6,4,0.4,1,49.01416453943195,12.253541134857988,89.0,AC,mall
2025-05-08 01:40:00,5,Charging Station 5,28.460848448591907,77.26237821581611,10,9,1,0.09999999999999998,0,0.0,0.0,142.0,AC,mall
2025-05-08 11:54:00,5,Charging Station 5,28.460848448591907,77.26237821581611,10,2,8,0.8,0,0.0,0.0,30.0,AC,mall
2025-05-12 04:07:00,5,Charging Station 5,28.460848448591907,77.26237821581611,10,10,0,0.0,1,7.95406480640966,1.988516201602415,233.0,AC,mall
2025-05-13 05:30:00,5,Charging Station 5,28.460848448591907,77.26237821581611,10,9,1,0.09999999999999998,0,0.0,0.0,60.0,AC,mall
2025-05-13 06:43:00,5,Charging Station 5,28.460848448591907,77.26237821581611,10,8,2,0.19999999999999996,0,0.0,0.0,111.0,AC,mall
2025-05-14 12:35:00,5,Charging Station 5,28.460848448591907,77.26237821581611,10,5,5,0.5,0,0.0,0.0,80.0,AC,mall
2025-05-15 22:15:00,5,Charging Station 5,28.460848448591907,77.26237821581611,10,5,5,0.5,0,0.0,0.0,116.0,AC,mall
2025-05-16 20:49:00,5,Charging Station 5,28.460848448591907,77.26237821581611,10,3,7,0.7,1,69.70503310233123,17.426258275582807,108.0,AC,mall
2025-05-19 16:25:00,5,Charging Station 5,28.460848448591907,77.26237821581611,10,2,8,0.8,0,0.0,0.0,81.0,AC,mall
2025-05-20 06:32:00,5,Charging Station 5,28.460848448591907,77.26237821581611,10,7,3,0.30000000000000004,0,0.0,0.0,29.0,AC,mall
2025-05-25 01:44:00,5,Charging Station 5,28.460848448591907,77.26237821581611,10,10,0,0.0,2,33.531991364779486,8.382997841194872,45.0,AC,mall
2025-05-29 01:30:00,5,Charging Station 5,28.460848448591907,77.26237821581611,10,9,1,0.09999999999999998,0,0.0,0.0,62.0,AC,mall
2025-05-31 03:52:00,5,Charging Station 5,28.460848448591907,77.26237821581611,10,9,1,0.09999999999999998,0,0.0,0.0,44.0,AC,mall
2025-06-02 15:56:00,5,Charging Station 5,28.460848448591907,77.26237821581611,10,3,7,0.7,0,0.0,0.0,89.0,AC,mall
2025-06-05 06:12:00,5,Charging Station 5,28.460848448591907,77.26237821581611,10,9,1,0.09999999999999998,0,0.0,0.0,25.0,AC,mall
2025-06-05 13:33:00,5,Charging Station 5,28.460848448591907,77.26237821581611,10,4,6,0.6,0,0.0,0.0,84.0,AC,mall
2025-06-09 16:33:00,5,Charging Station 5,28.460848448591907,77.26237821581611,10,2,8,0.8,2,71.99833825763882,17.999584564409705,101.5,AC,mall
2025-06-10 06:07:00,5,Charging Station 5,28.460848448591907,77.26237821581611,10,7,3,0.30000000000000004,0,0.0,0.0,43.0,AC,mall
2025-06-12 21:13:00,5,Charging Station 5,28.460848448591907,77.26237821581611,10,4,6,0.6,0,0.0,0.0,32.0,AC,mall
2025-06-14 19:09:00,5,Charging Station 5,28.460848448591907,77.26237821581611,10,4,6,0.6,0,0.0,0.0,15.0,AC,mall
2025-06-15 22:44:00,5,Charging Station 5,28.460848448591907,77.26237821581611,10,8,2,0.19999999999999996,0,0.0,0.0,88.0,AC,mall
2025-06-16 09:42:00,5,Charging Station 5,28.460848448591907,77.26237821581611,10,2,8,0.8,0,0.0,0.0,21.0,AC,mall
2025-06-19 14:29:00,5,Charging Station 5,28.460848448591907,77.26237821581611,10,3,7,0.7,0,0.0,0.0,36.0,AC,mall
2025-06-20 12:15:00,5,Charging Station 5,28.460848448591907,77.26237821581611,10,4,6,0.6,3,392.3982560279205,98.09956400698013,92.0,AC,mall
2025-06-22 10:08:00,5,Charging Station 5,28.460848448591907,77.26237821581611,10,4,6,0.6,1,86.91955798158567,21.729889495396417,16.0,AC,mall
2025-06-24 09:15:00,5,Charging Station 5,28.460848448591907,77.26237821581611,10,2,8,0.8,0,0.0,0.0,112.0,AC,mall
2025-06-25 06:47:00,5,Charging Station 5,28.460848448591907,77.26237821581611,10,8,2,0.19999999999999996,0,0.0,0.0,246.0,AC,mall
2025-06-25 20:21:00,5,Charging Station 5,28.460848448591907,77.26237821581611,10,2,8,0.8,0,0.0,0.0,98.0,AC,mall
2025-06-28 05:17:00,5,Charging Station 5,28.460848448591907,77.26237821581611,10,9,1,0.09999999999999998,1,70.57496666227748,17.64374166556937,81.0,AC,mall
2025-06-28 18:14:00,5,Charging Station 5,28.460848448591907,77.26237821581611,10,4,6,0.6,0,0.0,0.0,70.0,AC,mall
2025-06-29 03:23:00,5,Charging Station 5,28.460848448591907,77.26237821581611,10,9,1,0.09999999999999998,0,0.0,0.0,193.0,AC,mall
2025-06-30 21:19:00,5,Charging Station 5,28.460848448591907,77.26237821581611,10,4,6,0.6,1,59.39077015599432,14.84769253899858,77.0,AC,mall
2025-07-01 12:45:00,5,Charging Station 5,28.460848448591907,77.26237821581611,10,3,7,0.7,0,0.0,0.0,75.0,AC,mall
2025-07-02 12:17:00,5,Charging Station 5,28.460848448591907,77.26237821581611,10,3,7,0.7,0,0.0,0.0,83.0,AC,mall
2025-07-03 14:43:00,5,Charging Station 5,28.460848448591907,77.26237821581611,10,4,6,0.6,0,0.0,0.0,148.0,AC,mall
2025-07-04 05:02:00,5,Charging Station 5,28.460848448591907,77.26237821581611,10,8,2,0.19999999999999996,1,30.87770214303577,7.719425535758942,109.0,AC,mall
2025-07-04 07:54:00,5,Charging Station 5,28.460848448591907,77.26237821581611,10,6,4,0.4,0,0.0,0.0,90.0,AC,mall
2025-07-07 08:06:00,5,Charging Station 5,28.460848448591907,77.26237821581611,10,3,7,0.7,2,120.72715707153739,30.181789267884348,41.5,AC,mall
2025-07-09 03:37:00,5,Charging Station 5,28.460848448591907,77.26237821581611,10,10,0,0.0,0,0.0,0.0,49.0,AC,mall
2025-07-12 21:53:00,5,Charging Station 5,28.460848448591907,77.26237821581611,10,6,4,0.4,1,6.1550715066541075,1.5387678766635269,97.0,AC,mall
2025-07-16 03:37:00,5,Charging Station 5,28.460848448591907,77.26237821581611,10,10,0,0.0,0,0.0,0.0,276.0,AC,mall
2025-07-17 13:56:00,5,Charging Station 5,28.460848448591907,77.26237821581611,10,4,6,0.6,0,0.0,0.0,64.0,AC,mall
2025-07-18 17:30:00,5,Charging Station 5,28.460848448591907,77.26237821581611,10,1,9,0.9,3,103.99337548486429,25.998343871216072,104.33333333333333,AC,mall
2025-07-19 10:09:00,5,Charging Station 5,28.460848448591907,77.26237821581611,10,4,6,0.6,0,0.0,0.0,83.0,AC,mall
2025-07-22 06:07:00,5,Charging Station 5,28.460848448591907,77.26237821581611,10,7,3,0.30000000000000004,1,68.1652047390845,17.041301184771125,65.0,AC,mall
2025-07-22 09:57:00,5,Charging Station 5,28.460848448591907,77.26237821581611,10,1,9,0.9,0,0.0,0.0,119.0,AC,mall
2025-07-25 06:55:00,5,Charging Station 5,28.460848448591907,77.26237821581611,10,8,2,0.19999999999999996,0,0.0,0.0,33.0,AC,mall
2025-07-27 07:38:00,5,Charging Station 5,28.460848448591907,77.26237821581611,10,7,3,0.30000000000000004,2,37.78230996812479,9.445577492031198,66.5,AC,mall
2025-07-28 12:24:00,5,Charging Station 5,28.460848448591907,77.26237821581611,10,3,7,0.7,0,0.0,0.0,158.0,AC,mall
2025-08-06 18:38:00,5,Charging Station 5,28.460848448591907,77.26237821581611,10,1,9,0.9,2,61.4704217955517,15.367605448887925,49.5,AC,mall
2025-08-08 00:21:00,5,Charging Station 5,28.460848448591907,77.26237821581611,10,9,1,0.09999999999999998,1,110.20360266115281,27.550900665288204,85.0,AC,mall
2025-08-08 06:40:00,5,Charging Station 5,28.460848448591907,77.26237821581611,10,8,2,0.19999999999999996,0,0.0,0.0,53.0,AC,mall
2025-08-08 07:13:00,5,Charging Station 5,28.460848448591907,77.26237821581611,10,5,5,0.5,1,8.113413784913073,2.028353446228268,82.0,AC,mall
2025-08-09 03:33:00,5,Charging Station 5,28.460848448591907,77.26237821581611,10,10,0,0.0,1,73.13569160798812,18.28392290199703,38.0,AC,mall
2025-08-14 06:36:00,5,Charging Station 5,28.460848448591907,77.26237821581611,10,8,2,0.19999999999999996,2,82.15496667379657,20.53874166844914,78.0,AC,mall
2025-08-14 19:05:00,5,Charging Station 5,28.460848448591907,77.26237821581611,10,1,9,0.9,1,22.091748761043835,5.522937190260959,69.0,AC,mall
2025-08-14 23:59:00,5,Charging Station 5,28.460848448591907,77.26237821581611,10,8,2,0.19999999999999996,2,402.59836089453404,100.64959022363351,64.5,AC,mall
2025-08-15 18:23:00,5,Charging Station 5,28.460848448591907,77.26237821581611,10,1,9,0.9,2,153.28016457612839,38.320041144032096,64.0,AC,mall
2025-08-16 15:37:00,5,Charging Station 5,28.460848448591907,77.26237821581611,10,6,4,0.4,1,36.930142845066875,9.232535711266719,98.0,AC,mall
2025-08-17 02:50:00,5,Charging Station 5,28.460848448591907,77.26237821581611,10,9,1,0.09999999999999998,1,74.0507270862847,18.512681771571174,100.0,AC,mall
2025-08-18 15:03:00,5,Charging Station 5,28.460848448591907,77.26237821581611,10,4,6,0.6,0,0.0,0.0,86.0,AC,mall
2025-08-19 19:21:00,5,Charging Station 5,28.460848448591907,77.26237821581611,10,2,8,0.8,0,0.0,0.0,107.0,AC,mall
2025-08-21 03:51:00,5,Charging Station 5,28.460848448591907,77.26237821581611,10,10,0,0.0,0,0.0,0.0,99.0,AC,mall
2025-08-22 12:46:00,5,Charging Station 5,28.460848448591907,77.26237821581611,10,3,7,0.7,0,0.0,0.0,59.0,AC,mall
2025-08-27 07:18:00,5,Charging Station 5,28.460848448591907,77.26237821581611,10,6,4,0.4,0,0.0,0.0,25.0,AC,mall
2025-09-02 07:06:00,5,Charging Station 5,28.460848448591907,77.26237821581611,10,7,3,0.30000000000000004,1,78.34182386550185,19.585455966375463,111.0,AC,mall
2025-09-02 19:45:00,5,Charging Station 5,28.460848448591907,77.26237821581611,10,1,9,0.9,0,0.0,0.0,100.0,AC,mall
2025-09-04 23:33:00,5,Charging Station 5,28.460848448591907,77.26237821581611,10,8,2,0.19999999999999996,0,0.0,0.0,43.0,AC,mall
2025-09-06 03:14:00,5,Charging Station 5,28.460848448591907,77.26237821581611,10,10,0,0.0,1,49.47788552753879,12.369471381884697,105.0,AC,mall
2025-09-07 08:36:00,5,Charging Station 5,28.460848448591907,77.26237821581611,10,5,5,0.5,2,230.01207558429854,57.503018896074636,113.0,AC,mall
2025-09-08 05:32:00,5,Charging Station 5,28.460848448591907,77.26237821581611,10,10,0,0.0,0,0.0,0.0,105.0,AC,mall
2025-09-09 02:24:00,5,Charging Station 5,28.460848448591907,77.26237821581611,10,10,0,0.0,0,0.0,0.0,210.0,AC,mall
2025-09-10 04:46:00,5,Charging Station 5,28.460848448591907,77.26237821581611,10,10,0,0.0,0,0.0,0.0,82.0,AC,mall
2025-09-11 01:30:00,5,Charging Station 5,28.460848448591907,77.26237821581611,10,9,1,0.09999999999999998,0,0.0,0.0,142.0,AC,mall
2025-09-12 14:42:00,5,Charging Station 5,28.460848448591907,77.26237821581611,10,4,6,0.6,0,0.0,0.0,111.0,AC,mall
2025-09-13 06:47:00,5,Charging Station 5,28.460848448591907,77.26237821581611,10,8,2,0.19999999999999996,0,0.0,0.0,31.0,AC,mall
2025-09-16 21:20:00,5,Charging Station 5,28.460848448591907,77.26237821581611,10,4,6,0.6,2,72.14146876666366,18.035367191665916,106.0,AC,mall
2025-09-19 04:04:00,5,Charging Station 5,28.460848448591907,77.26237821581611,10,9,1,0.09999999999999998,1,56.46098493015067,14.115246232537668,103.0,AC,mall
2025-09-22 09:31:00,5,Charging Station 5,28.460848448591907,77.26237821581611,10,2,8,0.8,2,20.817437802505545,5.204359450626386,55.5,AC,mall
2025-09-24 05:01:00,5,Charging Station 5,28.460848448591907,77.26237821581611,10,10,0,0.0,0,0.0,0.0,62.0,AC,mall
2025-09-25 02:52:00,5,Charging Station 5,28.460848448591907,77.26237821581611,10,10,0,0.0,1,27.722592707876625,6.930648176969156,69.0,AC,mall
2025-09-28 13:23:00,5,Charging Station 5,28.460848448591907,77.26237821581611,10,6,4,0.4,1,47.80288314588641,11.950720786471603,63.0,AC,mall
2025-09-29 13:54:00,5,Charging Station 5,28.460848448591907,77.26237821581611,10,4,6,0.6,1,25.94744578477279,6.486861446193197,22.0,AC,mall
2025-10-03 05:44:00,5,Charging Station 5,28.460848448591907,77.26237821581611,10,9,1,0.09999999999999998,0,0.0,0.0,115.0,AC,mall
2025-10-05 00:17:00,5,Charging Station 5,28.460848448591907,77.26237821581611,10,10,0,0.0,0,0.0,0.0,44.0,AC,mall
2025-10-06 02:31:00,5,Charging Station 5,28.460848448591907,77.26237821581611,10,10,0,0.0,0,0.0,0.0,113.0,AC,mall
2025-10-10 17:04:00,5,Charging Station 5,28.460848448591907,77.26237821581611,10,1,9,0.9,0,0.0,0.0,47.0,AC,mall
2025-10-14 21:34:00,5,Charging Station 5,28.460848448591907,77.26237821581611,10,4,6,0.6,0,0.0,0.0,88.0,AC,mall
2025-10-17 03:46:00,5,Charging Station 5,28.460848448591907,77.26237821581611,10,10,0,0.0,1,26.661549111070183,6.665387277767546,94.0,AC,mall
2025-10-17 18:24:00,5,Charging Station 5,28.460848448591907,77.26237821581611,10,2,8,0.8,1,13.541554785630394,3.3853886964075985,112.0,AC,mall
2025-10-19 19:30:00,5,Charging Station 5,28.460848448591907,77.26237821581611,10,4,6,0.6,1,54.756236037994285,13.689059009498571,39.0,AC,mall
2025-10-19 21:30:00,5,Charging Station 5,28.460848448591907,77.26237821581611,10,6,4,0.4,0,0.0,0.0,102.0,AC,mall
2025-10-24 12:17:00,5,Charging Station 5,28.460848448591907,77.26237821581611,10,3,7,0.7,0,0.0,0.0,106.0,AC,mall
2025-10-24 19:18:00,5,Charging Station 5,28.460848448591907,77.26237821581611,10,1,9,0.9,0,0.0,0.0,35.0,AC,mall
2025-10-26 10:21:00,5,Charging Station 5,28.460848448591907,77.26237821581611,10,3,7,0.7,0,0.0,0.0,101.0,AC,mall
2025-10-28 16:35:00,5,Charging Station 5,28.460848448591907,77.26237821581611,10,3,7,0.7,1,57.82061663274327,14.455154158185817,33.0,AC,mall
2025-10-30 06:20:00,5,Charging Station 5,28.460848448591907,77.26237821581611,10,9,1,0.09999999999999998,1,55.52991866480252,13.88247966620063,100.0,AC,mall
2025-11-10 07:23:00,5,Charging Station 5,28.460848448591907,77.26237821581611,10,7,3,0.30000000000000004,4,401.4587164914303,100.36467912285758,121.25,AC,mall
2025-11-11 13:08:00,5,Charging Station 5,28.460848448591907,77.26237821581611,10,4,6,0.6,1,41.59699145027454,10.399247862568634,44.0,AC,mall
2025-11-11 22:21:00,5,Charging Station 5,28.460848448591907,77.26237821581611,10,6,4,0.4,1,72.46869472161869,18.117173680404672,296.0,AC,mall
2025-11-13 06:47:00,5,Charging Station 5,28.460848448591907,77.26237821581611,10,8,2,0.19999999999999996,0,0.0,0.0,105.0,AC,mall
2025-11-14 19:46:00,5,Charging Station 5,28.460848448591907,77.26237821581611,10,1,9,0.9,1,105.32389059014356,26.33097264753589,29.0,AC,mall
2025-11-15 03:00:00,5,Charging Station 5,28.460848448591907,77.26237821581611,10,10,0,0.0,0,0.0,0.0,32.0,AC,mall
2025-11-17 23:29:00,5,Charging Station 5,28.460848448591907,77.26237821581611,10,8,2,0.19999999999999996,0,0.0,0.0,86.0,AC,mall
2025-11-18 07:28:00,5,Charging Station 5,28.460848448591907,77.26237821581611,10,5,5,0.5,1,86.2010569913568,21.5502642478392,193.0,AC,mall
2025-11-21 11:56:00,5,Charging Station 5,28.460848448591907,77.26237821581611,10,3,7,0.7,0,0.0,0.0,240.0,AC,mall
2025-11-22 07:55:00,5,Charging Station 5,28.460848448591907,77.26237821581611,10,8,2,0.19999999999999996,3,81.07499112895763,20.26874778223941,42.0,AC,mall
2025-11-25 12:43:00,5,Charging Station 5,28.460848448591907,77.26237821581611,10,4,6,0.6,0,0.0,0.0,172.0,AC,mall
2025-11-30 03:03:00,5,Charging Station 5,28.460848448591907,77.26237821581611,10,10,0,0.0,1,62.40644742990483,15.601611857476207,84.0,AC,mall
2025-12-05 03:36:00,5,Charging Station 5,28.460848448591907,77.26237821581611,10,9,1,0.09999999999999998,2,116.91153207440594,29.227883018601485,112.0,AC,mall
2025-12-05 16:30:00,5,Charging Station 5,28.460848448591907,77.26237821581611,10,3,7,0.7,0,0.0,0.0,72.0,AC,mall
2025-12-11 14:22:00,5,Charging Station 5,28.460848448591907,77.26237821581611,10,3,7,0.7,1,73.00411584265136,18.25102896066284,18.0,AC,mall
2025-12-12 16:14:00,5,Charging Station 5,28.460848448591907,77.26237821581611,10,2,8,0.8,0,0.0,0.0,27.0,AC,mall
2025-12-12 22:35:00,5,Charging Station 5,28.460848448591907,77.26237821581611,10,7,3,0.30000000000000004,0,0.0,0.0,38.0,AC,mall
2025-12-18 14:57:00,5,Charging Station 5,28.460848448591907,77.26237821581611,10,3,7,0.7,0,0.0,0.0,105.0,AC,mall
2025-12-20 04:05:00,5,Charging Station 5,28.460848448591907,77.26237821581611,10,10,0,0.0,0,0.0,0.0,141.0,AC,mall
2025-12-22 09:36:00,5,Charging Station 5,28.460848448591907,77.26237821581611,10,2,8,0.8,0,0.0,0.0,89.0,AC,mall
2025-12-22 16:54:00,5,Charging Station 5,28.460848448591907,77.26237821581611,10,2,8,0.8,0,0.0,0.0,39.0,AC,mall
2025-12-24 08:36:00,5,Charging Station 5,28.460848448591907,77.26237821581611,10,4,6,0.6,2,258.6075107355208,64.6518776838802,116.5,AC,mall
2025-12-24 18:18:00,5,Charging Station 5,28.460848448591907,77.26237821581611,10,1,9,0.9,3,190.89942689876835,47.72485672469209,101.33333333333333,AC,mall
2025-12-26 03:42:00,5,Charging Station 5,28.460848448591907,77.26237821581611,10,10,0,0.0,0,0.0,0.0,203.0,AC,mall
2025-12-29 16:55:00,5,Charging Station 5,28.460848448591907,77.26237821581611,10,3,7,0.7,0,0.0,0.0,103.0,AC,mall
2025-12-29 17:09:00,5,Charging Station 5,28.460848448591907,77.26237821581611,10,2,8,0.8,0,0.0,0.0,51.0,AC,mall
2025-12-30 06:00:00,5,Charging Station 5,28.460848448591907,77.26237821581611,10,8,2,0.19999999999999996,1,68.28042361637034,17.070105904092586,17.0,AC,mall
2025-01-04 22:33:00,6,Charging Station 6,28.504954932051678,77.19993048585762,10,7,3,0.30000000000000004,0,0.0,0.0,25.0,Both,highway
2025-01-07 16:53:00,6,Charging Station 6,28.504954932051678,77.19993048585762,10,2,8,0.8,0,0.0,0.0,273.0,Both,highway
2025-01-08 01:58:00,6,Charging Station 6,28.504954932051678,77.19993048585762,10,9,1,0.09999999999999998,0,0.0,0.0,58.0,Both,highway
2025-01-11 01:49:00,6,Charging Station 6,28.504954932051678,77.19993048585762,10,10,0,0.0,0,0.0,0.0,117.0,Both,highway
2025-01-11 11:04:00,6,Charging Station 6,28.504954932051678,77.19993048585762,10,4,6,0.6,0,0.0,0.0,75.0,Both,highway
2025-01-11 11:25:00,6,Charging Station 6,28.504954932051678,77.19993048585762,10,6,4,0.4,0,0.0,0.0,27.0,Both,highway
2025-01-12 06:18:00,6,Charging Station 6,28.504954932051678,77.19993048585762,10,8,2,0.19999999999999996,0,0.0,0.0,31.0,Both,highway
2025-01-13 04:07:00,6,Charging Station 6,28.504954932051678,77.19993048585762,10,9,1,0.09999999999999998,0,0.0,0.0,104.0,Both,highway
2025-01-13 19:19:00,6,Charging Station 6,28.504954932051678,77.19993048585762,10,2,8,0.8,1,50.37193844612261,12.592984611530653,42.0,Both,highway
2025-01-14 13:14:00,6,Charging Station 6,28.504954932051678,77.19993048585762,10,5,5,0.5,0,0.0,0.0,140.0,Both,highway
2025-01-17 19:10:00,6,Charging Station 6,28.504954932051678,77.19993048585762,10,1,9,0.9,0,0.0,0.0,74.0,Both,highway
2025-01-18 21:41:00,6,Charging Station 6,28.504954932051678,77.19993048585762,10,6,4,0.4,0,0.0,0.0,82.0,Both,highway
2025-01-19 05:08:00,6,Charging Station 6,28.504954932051678,77.19993048585762,10,9,1,0.09999999999999998,0,0.0,0.0,266.0,Both,highway
2025-01-20 08:58:00,6,Charging Station 6,28.504954932051678,77.19993048585762,10,3,7,0.7,4,211.8670366650794,52.96675916626985,55.25,Both,highway
2025-01-21 13:34:00,6,Charging Station 6,28.504954932051678,77.19993048585762,10,5,5,0.5,0,0.0,0.0,30.0,Both,highway
2025-01-22 13:29:00,6,Charging Station 6,28.504954932051678,77.19993048585762,10,4,6,0.6,1,62.35495168551962,15.588737921379906,98.0,Both,highway
2025-01-25 16:11:00,6,Charging Station 6,28.504954932051678,77.19993048585762,10,5,5,0.5,0,0.0,0.0,109.0,Both,highway
2025-01-29 07:01:00,6,Charging Station 6,28.504954932051678,77.19993048585762,10,7,3,0.30000000000000004,0,0.0,0.0,73.0,Both,highway
2025-02-03 13:29:00,6,Charging Station 6,28.504954932051678,77.19993048585762,10,4,6,0.6,0,0.0,0.0,74.0,Both,highway
2025-02-03 18:53:00,6,Charging Station 6,28.504954932051678,77.19993048585762,10,0,10,1.0,3,99.10773815767536,24.77693453941884,96.66666666666667,Both,highway
2025-02-11 20:31:00,6,Charging Station 6,28.504954932051678,77.19993048585762,10,2,8,0.8,0,0.0,0.0,148.0,Both,highway
2025-02-16 21:42:00,6,Charging Station 6,28.504954932051678,77.19993048585762,10,6,4,0.4,0,0.0,0.0,96.0,Both,highway
2025-02-24 09:03:00,6,Charging Station 6,28.504954932051678,77.19993048585762,10,2,8,0.8,0,0.0,0.0,56.0,Both,highway
2025-02-27 01:15:00,6,Charging Station 6,28.504954932051678,77.19993048585762,10,10,0,0.0,0,0.0,0.0,116.0,Both,highway
2025-03-01 17:13:00,6,Charging Station 6,28.504954932051678,77.19993048585762,10,4,6,0.6,1,62.23811306677485,15.559528266693713,286.0,Both,highway
2025-03-02 12:57:00,6,Charging Station 6,28.504954932051678,77.19993048585762,10,5,5,0.5,0,0.0,0.0,88.0,Both,highway
2025-03-03 01:27:00,6,Charging Station 6,28.504954932051678,77.19993048585762,10,9,1,0.09999999999999998,0,0.0,0.0,88.0,Both,highway
2025-03-03 09:23:00,6,Charging Station 6,28.504954932051678,77.19993048585762,10,2,8,0.8,0,0.0,0.0,108.0,Both,highway
2025-03-04 23:27:00,6,Charging Station 6,28.504954932051678,77.19993048585762,10,9,1,0.09999999999999998,3,440.80594262421533,110.20148565605383,72.0,Both,highway
2025-03-05 05:45:00,6,Charging Station 6,28.504954932051678,77.19993048585762,10,9,1,0.09999999999999998,0,0.0,0.0,228.0,Both,highway
2025-03-05 14:22:00,6,Charging Station 6,28.504954932051678,77.19993048585762,10,3,7,0.7,2,32.822713160295805,8.205678290073951,99.0,Both,highway
2025-03-06 10:52:00,6,Charging Station 6,28.504954932051678,77.19993048585762,10,2,8,0.8,0,0.0,0.0,118.0,Both,highway
2025-03-06 19:56:00,6,Charging Station 6,28.504954932051678,77.19993048585762,10,2,8,0.8,0,0.0,0.0,133.0,Both,highway
2025-03-08 09:04:00,6,Charging Station 6,28.504954932051678,77.19993048585762,10,5,5,0.5,0,0.0,0.0,107.0,Both,highway
2025-03-09 08:16:00,6,Charging Station 6,28.504954932051678,77.19993048585762,10,5,5,0.5,0,0.0,0.0,21.0,Both,highway
2025-03-09 13:15:00,6,Charging Station 6,28.504954932051678,77.19993048585762,10,6,4,0.4,2,168.0165382214833,42.004134555370825,149.0,Both,highway
2025-03-18 04:16:00,6,Charging Station 6,28.504954932051678,77.19993048585762,10,9,1,0.09999999999999998,1,24.702024898142795,6.175506224535699,104.0,Both,highway
2025-03-20 11:31:00,6,Charging Station 6,28.504954932051678,77.19993048585762,10,2,8,0.8,1,22.792448087403347,5.698112021850837,170.0,Both,highway
2025-03-20 14:27:00,6,Charging Station 6,28.504954932051678,77.19993048585762,10,4,6,0.6,0,0.0,0.0,69.0,Both,highway
2025-03-20 20:43:00,6,Charging Station 6,28.504954932051678,77.19993048585762,10,2,8,0.8,0,0.0,0.0,108.0,Both,highway
2025-03-22 20:36:00,6,Charging Station 6,28.504954932051678,77.19993048585762,10,5,5,0.5,1,43.38533668110024,10.84633417027506,39.0,Both,highway
2025-03-24 04:38:00,6,Charging Station 6,28.504954932051678,77.19993048585762,10,9,1,0.09999999999999998,0,0.0,0.0,127.0,Both,highway
2025-03-24 17:26:00,6,Charging Station 6,28.504954932051678,77.19993048585762,10,1,9,0.9,1,18.300117618808912,4.575029404702228,51.0,Both,highway
2025-03-25 19:40:00,6,Charging Station 6,28.504954932051678,77.19993048585762,10,2,8,0.8,0,0.0,0.0,15.0,Both,highway
2025-03-27 07:36:00,6,Charging Station 6,28.504954932051678,77.19993048585762,10,7,3,0.30000000000000004,0,0.0,0.0,129.0,Both,highway
2025-03-31 11:59:00,6,Charging Station 6,28.504954932051678,77.19993048585762,10,3,7,0.7,0,0.0,0.0,41.0,Both,highway
2025-03-31 18:10:00,6,Charging Station 6,28.504954932051678,77.19993048585762,10,0,10,1.0,3,143.6620071874517,35.91550179686293,43.0,Both,highway
2025-04-01 01:33:00,6,Charging Station 6,28.504954932051678,77.19993048585762,10,8,2,0.19999999999999996,0,0.0,0.0,113.0,Both,highway
2025-04-02 23:33:00,6,Charging Station 6,28.504954932051678,77.19993048585762,10,8,2,0.19999999999999996,0,0.0,0.0,90.0,Both,highway
2025-04-06 23:56:00,6,Charging Station 6,28.504954932051678,77.19993048585762,10,9,1,0.09999999999999998,3,358.415362034785,89.60384050869625,117.66666666666667,Both,highway
2025-04-08 08:04:00,6,Charging Station 6,28.504954932051678,77.19993048585762,10,3,7,0.7,1,40.928378317796366,10.232094579449091,57.0,Both,highway
2025-04-09 07:52:00,6,Charging Station 6,28.504954932051678,77.19993048585762,10,5,5,0.5,1,67.9431227847452,16.9857806961863,148.0,Both,highway
2025-04-11 07:43:00,6,Charging Station 6,28.504954932051678,77.19993048585762,10,5,5,0.5,2,90.34741460060867,22.586853650152168,133.5,Both,highway
2025-04-13 01:50:00,6,Charging Station 6,28.504954932051678,77.19993048585762,10,9,1,0.09999999999999998,0,0.0,0.0,81.0,Both,highway
2025-04-14 02:28:00,6,Charging Station 6,28.504954932051678,77.19993048585762,10,10,0,0.0,0,0.0,0.0,21.0,Both,highway
2025-04-14 18:47:00,6,Charging Station 6,28.504954932051678,77.19993048585762,10,1,9,0.9,3,138.46306742035858,34.615766855089646,135.66666666666666,Both,highway
2025-04-17 23:00:00,6,Charging Station 6,28.504954932051678,77.19993048585762,10,9,1,0.09999999999999998,0,0.0,0.0,42.0,Both,highway
2025-04-18 06:45:00,6,Charging Station 6,28.504954932051678,77.19993048585762,10,8,2,0.19999999999999996,0,0.0,0.0,35.0,Both,highway
2025-04-24 09:48:00,6,Charging Station 6,28.504954932051678,77.19993048585762,10,2,8,0.8,0,0.0,0.0,97.0,Both,highway
2025-04-24 23:59:00,6,Charging Station 6,28.504954932051678,77.19993048585762,10,9,1,0.09999999999999998,0,0.0,0.0,29.0,Both,highway
2025-04-29 15:40:00,6,Charging Station 6,28.504954932051678,77.19993048585762,10,3,7,0.7,0,0.0,0.0,47.0,Both,highway
2025-04-30 04:50:00,6,Charging Station 6,28.504954932051678,77.19993048585762,10,10,0,0.0,0,0.0,0.0,16.0,Both,highway
2025-04-30 07:16:00,6,Charging Station 6,28.504954932051678,77.19993048585762,10,6,4,0.4,1,8.845455729339763,2.2113639323349408,18.0,Both,highway
2025-05-01 00:41:00,6,Charging Station 6,28.504954932051678,77.19993048585762,10,10,0,0.0,0,0.0,0.0,75.0,Both,highway
2025-05-01 02:36:00,6,Charging Station 6,28.504954932051678,77.19993048585762,10,8,2,0.19999999999999996,0,0.0,0.0,55.0,Both,highway
2025-05-01 16:29:00,6,Charging Station 6,28.504954932051678,77.19993048585762,10,2,8,0.8,0,0.0,0.0,84.0,Both,highway
2025-05-01 21:24:00,6,Charging Station 6,28.504954932051678,77.19993048585762,10,4,6,0.6,0,0.0,0.0,91.0,Both,highway
2025-05-07 13:30:00,6,Charging Station 6,28.504954932051678,77.19993048585762,10,4,6,0.6,1,134.46739726454223,33.61684931613556,46.0,Both,highway
2025-05-08 15:52:00,6,Charging Station 6,28.504954932051678,77.19993048585762,10,3,7,0.7,1,117.10712040885457,29.276780102213642,49.0,Both,highway
2025-05-09 11:22:00,6,Charging Station 6,28.504954932051678,77.19993048585762,10,3,7,0.7,0,0.0,0.0,113.0,Both,highway
2025-05-11 00:34:00,6,Charging Station 6,28.504954932051678,77.19993048585762,10,10,0,0.0,0,0.0,0.0,117.0,Both,highway
2025-05-12 08:32:00,6,Charging Station 6,28.504954932051678,77.19993048585762,10,3,7,0.7,1,10.070321834354491,2.517580458588623,53.0,Both,highway
2025-05-15 05:06:00,6,Charging Station 6,28.504954932051678,77.19993048585762,10,10,0,0.0,0,0.0,0.0,97.0,Both,highway
2025-05-18 01:01:00,6,Charging Station 6,28.504954932051678,77.19993048585762,10,10,0,0.0,0,0.0,0.0,45.0,Both,highway
2025-05-19 17:46:00,6,Charging Station 6,28.504954932051678,77.19993048585762,10,2,8,0.8,0,0.0,0.0,77.0,Both,highway
2025-05-20 02:35:00,6,Charging Station 6,28.504954932051678,77.19993048585762,10,9,1,0.09999999999999998,1,28.080774602211967,7.020193650552992,28.0,Both,highway
2025-05-20 14:02:00,6,Charging Station 6,28.504954932051678,77.19993048585762,10,4,6,0.6,1,37.20940839112448,9.30235209778112,26.0,Both,highway
2025-05-21 05:56:00,6,Charging Station 6,28.504954932051678,77.19993048585762,10,9,1,0.09999999999999998,0,0.0,0.0,276.0,Both,highway
2025-05-25 03:43:00,6,Charging Station 6,28.504954932051678,77.19993048585762,10,10,0,0.0,0,0.0,0.0,71.0,Both,highway
2025-05-25 12:00:00,6,Charging Station 6,28.504954932051678,77.19993048585762,10,5,5,0.5,0,0.0,0.0,171.0,Both,highway
2025-05-26 11:22:00,6,Charging Station 6,28.504954932051678,77.19993048585762,10,3,7,0.7,0,0.0,0.0,19.0,Both,highway
2025-05-26 12:42:00,6,Charging Station 6,28.504954932051678,77.19993048585762,10,3,7,0.7,0,0.0,0.0,43.0,Both,highway
2025-05-26 14:54:00,6,Charging Station 6,28.504954932051678,77.19993048585762,10,3,7,0.7,1,36.57265532882284,9.14316383220571,63.0,Both,highway
2025-06-03 13:15:00,6,Charging Station 6,28.504954932051678,77.19993048585762,10,4,6,0.6,0,0.0,0.0,94.0,Both,highway
2025-06-04 18:56:00,6,Charging Station 6,28.504954932051678,77.19993048585762,10,0,10,1.0,0,0.0,0.0,32.0,Both,highway
2025-06-07 09:20:00,6,Charging Station 6,28.504954932051678,77.19993048585762,10,5,5,0.5,0,0.0,0.0,82.0,Both,highway
2025-06-13 12:13:00,6,Charging Station 6,28.504954932051678,77.19993048585762,10,4,6,0.6,1,24.29928845032794,6.074822112581985,86.0,Both,highway
2025-06-13 12:21:00,6,Charging Station 6,28.504954932051678,77.19993048585762,10,3,7,0.7,0,0.0,0.0,221.0,Both,highway
2025-06-13 22:26:00,6,Charging Station 6,28.504954932051678,77.19993048585762,10,5,5,0.5,0,0.0,0.0,106.0,Both,highway
2025-06-14 03:11:00,6,Charging Station 6,28.504954932051678,77.19993048585762,10,9,1,0.09999999999999998,0,0.0,0.0,16.0,Both,highway
2025-06-16 00:48:00,6,Charging Station 6,28.504954932051678,77.19993048585762,10,9,1,0.09999999999999998,1,24.526183984443524,6.131545996110881,59.0,Both,highway
2025-06-18 03:22:00,6,Charging Station 6,28.504954932051678,77.19993048585762,10,9,1,0.09999999999999998,0,0.0,0.0,20.0,Both,highway
2025-06-18 03:58:00,6,Charging Station 6,28.504954932051678,77.19993048585762,10,10,0,0.0,0,0.0,0.0,23.0,Both,highway
2025-06-18 09:22:00,6,Charging Station 6,28.504954932051678,77.19993048585762,10,2,8,0.8,0,0.0,0.0,87.0,Both,highway
2025-06-19 10:52:00,6,Charging Station 6,28.504954932051678,77.19993048585762,10,1,9,0.9,3,244.74191722449834,61.185479306124584,19.333333333333332,Both,highway
2025-06-21 22:19:00,6,Charging Station 6,28.504954932051678,77.19993048585762,10,8,2,0.19999999999999996,1,30.595312958168357,7.648828239542089,118.0,Both,highway
2025-06-21 23:29:00,6,Charging Station 6,28.504954932051678,77.19993048585762,10,9,1,0.09999999999999998,1,147.78126430374357,36.94531607593589,92.0,Both,highway
2025-06-22 03:19:00,6,Charging Station 6,28.504954932051678,77.19993048585762,10,9,1,0.09999999999999998,0,0.0,0.0,73.0,Both,highway
2025-06-26 06:10:00,6,Charging Station 6,28.504954932051678,77.19993048585762,10,8,2,0.19999999999999996,1,25.921992924297378,6.480498231074344,69.0,Both,highway
2025-06-29 08:14:00,6,Charging Station 6,28.504954932051678,77.19993048585762,10,5,5,0.5,0,0.0,0.0,86.0,Both,highway
2025-06-30 06:09:00,6,Charging Station 6,28.504954932051678,77.19993048585762,10,8,2,0.19999999999999996,1,65.43892670322252,16.35973167580563,285.0,Both,highway
2025-07-02 03:54:00,6,Charging Station 6,28.504954932051678,77.19993048585762,10,10,0,0.0,0,0.0,0.0,58.0,Both,highway
2025-07-03 19:51:00,6,Charging Station 6,28.504954932051678,77.19993048585762,10,2,8,0.8,0,0.0,0.0,166.0,Both,highway
2025-07-05 05:43:00,6,Charging Station 6,28.504954932051678,77.19993048585762,10,8,2,0.19999999999999996,3,152.9000680158857,38.22501700397142,77.0,Both,highway
2025-07-05 14:30:00,6,Charging Station 6,28.504954932051678,77.19993048585762,10,6,4,0.4,1,126.78863979555739,31.697159948889347,30.0,Both,highway
2025-07-14 11:46:00,6,Charging Station 6,28.504954932051678,77.19993048585762,10,3,7,0.7,0,0.0,0.0,72.0,Both,highway
2025-07-17 03:49:00,6,Charging Station 6,28.504954932051678,77.19993048585762,10,10,0,0.0,2,18.564524366100578,4.6411310915251445,96.0,Both,highway
2025-07-18 07:50:00,6,Charging Station 6,28.504954932051678,77.19993048585762,10,6,4,0.4,0,0.0,0.0,68.0,Both,highway
2025-07-20 04:53:00,6,Charging Station 6,28.504954932051678,77.19993048585762,10,10,0,0.0,1,64.84529796255245,16.211324490638113,85.0,Both,highway
2025-07-20 13:15:00,6,Charging Station 6,28.504954932051678,77.19993048585762,10,6,4,0.4,1,64.99644803437187,16.249112008592967,23.0,Both,highway
2025-07-22 09:24:00,6,Charging Station 6,28.504954932051678,77.19993048585762,10,2,8,0.8,1,42.637982985176336,10.659495746294084,46.0,Both,highway
2025-07-23 07:49:00,6,Charging Station 6,28.504954932051678,77.19993048585762,10,6,4,0.4,2,159.0838333652238,39.77095834130595,102.0,Both,highway
2025-07-31 04:44:00,6,Charging Station 6,28.504954932051678,77.19993048585762,10,10,0,0.0,1,28.10293613040107,7.025734032600267,38.0,Both,highway
2025-08-06 01:12:00,6,Charging Station 6,28.504954932051678,77.19993048585762,10,10,0,0.0,0,0.0,0.0,22.0,Both,highway
2025-08-07 14:51:00,6,Charging Station 6,28.504954932051678,77.19993048585762,10,4,6,0.6,0,0.0,0.0,147.0,Both,highway
2025-08-08 11:44:00,6,Charging Station 6,28.504954932051678,77.19993048585762,10,3,7,0.7,1,41.735771979864346,10.433942994966086,54.0,Both,highway
2025-08-09 13:33:00,6,Charging Station 6,28.504954932051678,77.19993048585762,10,7,3,0.30000000000000004,0,0.0,0.0,102.0,Both,highway
2025-08-09 15:36:00,6,Charging Station 6,28.504954932051678,77.19993048585762,10,5,5,0.5,0,0.0,0.0,44.0,Both,highway
2025-08-11 02:24:00,6,Charging Station 6,28.504954932051678,77.19993048585762,10,9,1,0.09999999999999998,1,44.05011612858858,11.012529032147144,23.0,Both,highway
2025-08-13 18:30:00,6,Charging Station 6,28.504954932051678,77.19993048585762,10,2,8,0.8,2,69.5788887112617,17.394722177815424,33.0,Both,highway
2025-08-15 12:06:00,6,Charging Station 6,28.504954932051678,77.19993048585762,10,4,6,0.6,0,0.0,0.0,54.0,Both,highway
2025-08-16 02:42:00,6,Charging Station 6,28.504954932051678,77.19993048585762,10,10,0,0.0,2,308.2329679850664,77.0582419962666,75.5,Both,highway
2025-08-17 01:21:00,6,Charging Station 6,28.504954932051678,77.19993048585762,10,10,0,0.0,0,0.0,0.0,107.0,Both,highway
2025-08-17 03:54:00,6,Charging Station 6,28.504954932051678,77.19993048585762,10,10,0,0.0,0,0.0,0.0,64.0,Both,highway
2025-08-17 07:33:00,6,Charging Station 6,28.504954932051678,77.19993048585762,10,7,3,0.30000000000000004,0,0.0,0.0,63.0,Both,highway
2025-08-20 16:42:00,6,Charging Station 6,28.504954932051678,77.19993048585762,10,2,8,0.8,0,0.0,0.0,36.0,Both,highway
2025-08-20 18:08:00,6,Charging Station 6,28.504954932051678,77.19993048585762,10,1,9,0.9,2,283.9048078722022,70.97620196805055,122.5,Both,highway
2025-08-24 22:33:00,6,Charging Station 6,28.504954932051678,77.19993048585762,10,8,2,0.19999999999999996,1,67.67170671832845,16.917926679582113,59.0,Both,highway
2025-08-28 05:42:00,6,Charging Station 6,28.504954932051678,77.19993048585762,10,9,1,0.09999999999999998,1,27.689055957060127,6.922263989265032,154.0,Both,highway
2025-08-28 22:58:00,6,Charging Station 6,28.504954932051678,77.19993048585762,10,7,3,0.30000000000000004,0,0.0,0.0,51.0,Both,highway
2025-08-31 10:42:00,6,Charging Station 6,28.504954932051678,77.19993048585762,10,4,6,0.6,0,0.0,0.0,27.0,Both,highway
2025-09-07 22:31:00,6,Charging Station 6,28.504954932051678,77.19993048585762,10,7,3,0.30000000000000004,0,0.0,0.0,118.0,Both,highway
2025-09-08 00:22:00,6,Charging Station 6,28.504954932051678,77.19993048585762,10,10,0,0.0,1,29.044517310203343,7.261129327550836,37.0,Both,highway
2025-09-08 09:10:00,6,Charging Station 6,28.504954932051678,77.19993048585762,10,2,8,0.8,0,0.0,0.0,101.0,Both,highway
2025-09-09 06:10:00,6,Charging Station 6,28.504954932051678,77.19993048585762,10,7,3,0.30000000000000004,0,0.0,0.0,109.0,Both,highway
2025-09-10 08:09:00,6,Charging Station 6,28.504954932051678,77.19993048585762,10,3,7,0.7,2,96.92730716203502,24.231826790508755,97.5,Both,highway
2025-09-10 23:41:00,6,Charging Station 6,28.504954932051678,77.19993048585762,10,8,2,0.19999999999999996,0,0.0,0.0,188.0,Both,highway
2025-09-14 02:34:00,6,Charging Station 6,28.504954932051678,77.19993048585762,10,10,0,0.0,0,0.0,0.0,87.0,Both,highway
2025-09-14 08:46:00,6,Charging Station 6,28.504954932051678,77.19993048585762,10,5,5,0.5,3,91.18559466454931,22.79639866613733,109.66666666666667,Both,highway
2025-09-19 04:09:00,6,Charging Station 6,28.504954932051678,77.19993048585762,10,9,1,0.09999999999999998,3,551.3321865480805,137.83304663702012,145.33333333333334,Both,highway
2025-09-20 03:18:00,6,Charging Station 6,28.504954932051678,77.19993048585762,10,10,0,0.0,0,0.0,0.0,95.0,Both,highway
2025-09-21 22:35:00,6,Charging Station 6,28.504954932051678,77.19993048585762,10,7,3,0.30000000000000004,0,0.0,0.0,204.0,Both,highway
2025-09-23 05:19:00,6,Charging Station 6,28.504954932051678,77.19993048585762,10,9,1,0.09999999999999998,0,0.0,0.0,32.0,Both,highway
2025-09-23 17:08:00,6,Charging Station 6,28.504954932051678,77.19993048585762,10,1,9,0.9,2,45.07880283899783,11.269700709749458,227.5,Both,highway
2025-09-24 12:22:00,6,Charging Station 6,28.504954932051678,77.19993048585762,10,4,6,0.6,1,64.45968813308598,16.114922033271494,58.0,Both,highway
2025-09-26 23:39:00,6,Charging Station 6,28.504954932051678,77.19993048585762,10,9,1,0.09999999999999998,0,0.0,0.0,91.0,Both,highway
2025-09-27 00:47:00,6,Charging Station 6,28.504954932051678,77.19993048585762,10,10,0,0.0,1,60.87329789370676,15.21832447342669,23.0,Both,highway
2025-09-27 23:34:00,6,Charging Station 6,28.504954932051678,77.19993048585762,10,8,2,0.19999999999999996,2,163.6734139399573,40.918353484989325,79.5,Both,highway
2025-09-29 17:19:00,6,Charging Station 6,28.504954932051678,77.19993048585762,10,1,9,0.9,0,0.0,0.0,232.0,Both,highway
2025-10-02 10:38:00,6,Charging Station 6,28.504954932051678,77.19993048585762,10,1,9,0.9,1,18.655644409187307,4.663911102296827,177.0,Both,highway
2025-10-04 00:09:00,6,Charging Station 6,28.504954932051678,77.19993048585762,10,9,1,0.09999999999999998,0,0.0,0.0,94.0,Both,highway
2025-10-06 06:16:00,6,Charging Station 6,28.504954932051678,77.19993048585762,10,7,3,0.30000000000000004,0,0.0,0.0,107.0,Both,highway
2025-10-06 08:22:00,6,Charging Station 6,28.504954932051678,77.19993048585762,10,2,8,0.8,1,45.31651992032251,11.329129980080628,46.0,Both,highway
2025-10-08 23:01:00,6,Charging Station 6,28.504954932051678,77.19993048585762,10,7,3,0.30000000000000004,0,0.0,0.0,40.0,Both,highway
2025-10-10 21:33:00,6,Charging Station 6,28.504954932051678,77.19993048585762,10,4,6,0.6,1,59.953405004834764,14.988351251208691,111.0,Both,highway
2025-10-11 12:39:00,6,Charging Station 6,28.504954932051678,77.19993048585762,10,5,5,0.5,0,0.0,0.0,87.0,Both,highway
2025-10-15 05:47:00,6,Charging Station 6,28.504954932051678,77.19993048585762,10,9,1,0.09999999999999998,1,65.07359260431092,16.26839815107773,44.0,Both,highway
2025-10-18 16:07:00,6,Charging Station 6,28.504954932051678,77.19993048585762,10,5,5,0.5,0,0.0,0.0,115.0,Both,highway
2025-10-20 05:07:00,6,Charging Station 6,28.504954932051678,77.19993048585762,10,9,1,0.09999999999999998,0,0.0,0.0,38.0,Both,highway
2025-10-21 22:15:00,6,Charging Station 6,28.504954932051678,77.19993048585762,10,6,4,0.4,2,18.685631157563865,4.671407789390966,74.5,Both,highway
2025-10-23 18:28:00,6,Charging Station 6,28.504954932051678,77.19993048585762,10,1,9,0.9,2,103.49492054772091,25.873730136930227,57.5,Both,highway
2025-10-28 00:59:00,6,Charging Station 6,28.504954932051678,77.19993048585762,10,10,0,0.0,1,47.23206278625567,11.808015696563917,73.0,Both,highway
2025-10-30 23:39:00,6,Charging Station 6,28.504954932051678,77.19993048585762,10,9,1,0.09999999999999998,0,0.0,0.0,102.0,Both,highway
2025-10-31 04:07:00,6,Charging Station 6,28.504954932051678,77.19993048585762,10,10,0,0.0,0,0.0,0.0,27.0,Both,highway
2025-11-01 23:12:00,6,Charging Station 6,28.504954932051678,77.19993048585762,10,9,1,0.09999999999999998,0,0.0,0.0,108.0,Both,highway
2025-11-04 22:53:00,6,Charging Station 6,28.504954932051678,77.19993048585762,10,6,4,0.4,0,0.0,0.0,58.0,Both,highway
2025-11-05 01:17:00,6,Charging Station 6,28.504954932051678,77.19993048585762,10,10,0,0.0,0,0.0,0.0,239.0,Both,highway
2025-11-05 16:56:00,6,Charging Station 6,28.504954932051678,77.19993048585762,10,3,7,0.7,0,0.0,0.0,48.0,Both,highway
2025-11-10 01:21:00,6,Charging Station 6,28.504954932051678,77.19993048585762,10,9,1,0.09999999999999998,0,0.0,0.0,51.0,Both,highway
2025-11-11 03:55:00,6,Charging Station 6,28.504954932051678,77.19993048585762,10,9,1,0.09999999999999998,2,55.7179667298316,13.9294916824579,69.0,Both,highway
2025-11-11 08:52:00,6,Charging Station 6,28.504954932051678,77.19993048585762,10,4,6,0.6,3,267.91393295212833,66.97848323803208,98.66666666666667,Both,highway
2025-11-11 12:50:00,6,Charging Station 6,28.504954932051678,77.19993048585762,10,4,6,0.6,1,81.48801000423467,20.372002501058667,55.0,Both,highway
2025-11-13 02:14:00,6,Charging Station 6,28.504954932051678,77.19993048585762,10,10,0,0.0,1,50.48050231533877,12.620125578834692,40.0,Both,highway
2025-11-19 13:48:00,6,Charging Station 6,28.504954932051678,77.19993048585762,10,5,5,0.5,0,0.0,0.0,43.0,Both,highway
2025-11-20 04:23:00,6,Charging Station 6,28.504954932051678,77.19993048585762,10,9,1,0.09999999999999998,0,0.0,0.0,233.0,Both,highway
2025-11-21 16:59:00,6,Charging Station 6,28.504954932051678,77.19993048585762,10,3,7,0.7,1,66.08226908326856,16.52056727081714,53.0,Both,highway
2025-11-22 08:35:00,6,Charging Station 6,28.504954932051678,77.19993048585762,10,5,5,0.5,3,208.13213916510975,52.03303479127744,99.0,Both,highway
2025-11-23 18:37:00,6,Charging Station 6,28.504954932051678,77.19993048585762,10,4,6,0.6,1,83.4462879906716,20.8615719976679,160.0,Both,highway
2025-11-26 00:11:00,6,Charging Station 6,28.504954932051678,77.19993048585762,10,9,1,0.09999999999999998,0,0.0,0.0,57.0,Both,highway
2025-11-28 17:48:00,6,Charging Station 6,28.504954932051678,77.19993048585762,10,1,9,0.9,0,0.0,0.0,228.0,Both,highway
2025-11-29 20:23:00,6,Charging Station 6,28.504954932051678,77.19993048585762,10,5,5,0.5,0,0.0,0.0,18.0,Both,highway
2025-12-01 23:11:00,6,Charging Station 6,28.504954932051678,77.19993048585762,10,8,2,0.19999999999999996,0,0.0,0.0,96.0,Both,highway
2025-12-02 03:01:00,6,Charging Station 6,28.504954932051678,77.19993048585762,10,9,1,0.09999999999999998,0,0.0,0.0,52.0,Both,highway
2025-12-04 10:10:00,6,Charging Station 6,28.504954932051678,77.19993048585762,10,2,8,0.8,0,0.0,0.0,41.0,Both,highway
2025-12-04 22:40:00,6,Charging Station 6,28.504954932051678,77.19993048585762,10,6,4,0.4,0,0.0,0.0,112.0,Both,highway
2025-12-05 06:19:00,6,Charging Station 6,28.504954932051678,77.19993048585762,10,7,3,0.30000000000000004,0,0.0,0.0,44.0,Both,highway
2025-12-07 02:04:00,6,Charging Station 6,28.504954932051678,77.19993048585762,10,10,0,0.0,0,0.0,0.0,53.0,Both,highway
2025-12-08 16:27:00,6,Charging Station 6,28.504954932051678,77.19993048585762,10,3,7,0.7,1,23.954276796855222,5.9885691992138055,108.0,Both,highway
2025-12-10 06:42:00,6,Charging Station 6,28.504954932051678,77.19993048585762,10,7,3,0.30000000000000004,0,0.0,0.0,64.0,Both,highway
2025-12-14 00:55:00,6,Charging Station 6,28.504954932051678,77.19993048585762,10,10,0,0.0,0,0.0,0.0,29.0,Both,highway
2025-12-15 21:54:00,6,Charging Station 6,28.504954932051678,77.19993048585762,10,4,6,0.6,0,0.0,0.0,80.0,Both,highway
2025-12-21 06:01:00,6,Charging Station 6,28.504954932051678,77.19993048585762,10,9,1,0.09999999999999998,0,0.0,0.0,113.0,Both,highway
2025-12-22 03:42:00,6,Charging Station 6,28.504954932051678,77.19993048585762,10,10,0,0.0,0,0.0,0.0,24.0,Both,highway
2025-12-27 07:32:00,6,Charging Station 6,28.504954932051678,77.19993048585762,10,8,2,0.19999999999999996,1,86.09423110239761,21.523557775599404,15.0,Both,highway
2025-12-28 05:10:00,6,Charging Station 6,28.504954932051678,77.19993048585762,10,9,1,0.09999999999999998,0,0.0,0.0,115.0,Both,highway
2025-12-29 13:46:00,6,Charging Station 6,28.504954932051678,77.19993048585762,10,4,6,0.6,0,0.0,0.0,64.0,Both,highway
2025-12-30 23:35:00,6,Charging Station 6,28.504954932051678,77.19993048585762,10,8,2,0.19999999999999996,1,78.5786373739268,19.6446593434817,295.0,Both,highway
2025-01-01 02:23:00,7,Charging Station 7,28.47649239825343,77.4916154429034,4,4,0,0.0,2,353.0286948029799,88.25717370074497,93.0,Both,commercial
2025-01-01 08:22:00,7,Charging Station 7,28.47649239825343,77.4916154429034,4,1,3,0.75,1,71.8824712598193,17.970617814954824,196.0,Both,commercial
2025-01-04 15:59:00,7,Charging Station 7,28.47649239825343,77.4916154429034,4,2,2,0.5,0,0.0,0.0,66.0,Both,commercial
2025-01-09 01:45:00,7,Charging Station 7,28.47649239825343,77.4916154429034,4,4,0,0.0,1,10.442591302993096,2.610647825748274,73.0,Both,commercial
2025-01-11 05:13:00,7,Charging Station 7,28.47649239825343,77.4916154429034,4,4,0,0.0,0,0.0,0.0,116.0,Both,commercial
2025-01-12 22:19:00,7,Charging Station 7,28.47649239825343,77.4916154429034,4,3,1,0.25,1,29.78741730564763,7.446854326411907,157.0,Both,commercial
2025-01-13 22:25:00,7,Charging Station 7,28.47649239825343,77.4916154429034,4,2,2,0.5,0,0.0,0.0,38.0,Both,commercial
2025-01-14 08:20:00,7,Charging Station 7,28.47649239825343,77.4916154429034,4,1,3,0.75,1,173.34394671823418,43.335986679558545,64.0,Both,commercial
2025-01-14 14:07:00,7,Charging Station 7,28.47649239825343,77.4916154429034,4,1,3,0.75,2,61.14869197804899,15.287172994512247,97.0,Both,commercial
2025-01-14 20:45:00,7,Charging Station 7,28.47649239825343,77.4916154429034,4,1,3,0.75,0,0.0,0.0,24.0,Both,commercial
2025-01-15 22:55:00,7,Charging Station 7,28.47649239825343,77.4916154429034,4,2,2,0.5,0,0.0,0.0,43.0,Both,commercial
2025-01-17 01:10:00,7,Charging Station 7,28.47649239825343,77.4916154429034,4,4,0,0.0,0,0.0,0.0,142.0,Both,commercial
2025-01-17 11:16:00,7,Charging Station 7,28.47649239825343,77.4916154429034,4,1,3,0.75,2,49.99643246722124,12.49910811680531,148.5,Both,commercial
2025-01-18 02:48:00,7,Charging Station 7,28.47649239825343,77.4916154429034,4,4,0,0.0,0,0.0,0.0,108.0,Both,commercial
2025-01-19 18:11:00,7,Charging Station 7,28.47649239825343,77.4916154429034,4,1,3,0.75,2,100.15091983159583,25.037729957898957,41.5,Both,commercial
2025-01-23 09:26:00,7,Charging Station 7,28.47649239825343,77.4916154429034,4,1,3,0.75,0,0.0,0.0,91.0,Both,commercial
2025-01-25 21:11:00,7,Charging Station 7,28.47649239825343,77.4916154429034,4,2,2,0.5,0,0.0,0.0,50.0,Both,commercial
2025-01-26 23:57:00,7,Charging Station 7,28.47649239825343,77.4916154429034,4,4,0,0.0,2,21.107130972526654,5.276782743131664,69.5,Both,commercial
2025-01-27 21:33:00,7,Charging Station 7,28.47649239825343,77.4916154429034,4,1,3,0.75,0,0.0,0.0,27.0,Both,commercial
2025-01-28 22:10:00,7,Charging Station 7,28.47649239825343,77.4916154429034,4,3,1,0.25,0,0.0,0.0,32.0,Both,commercial
2025-01-29 02:32:00,7,Charging Station 7,28.47649239825343,77.4916154429034,4,4,0,0.0,0,0.0,0.0,52.0,Both,commercial
2025-01-30 15:07:00,7,Charging Station 7,28.47649239825343,77.4916154429034,4,1,3,0.75,1,11.154173018408121,2.7885432546020303,39.0,Both,commercial
2025-01-31 09:17:00,7,Charging Station 7,28.47649239825343,77.4916154429034,4,1,3,0.75,0,0.0,0.0,73.0,Both,commercial
2025-02-04 06:05:00,7,Charging Station 7,28.47649239825343,77.4916154429034,4,3,1,0.25,1,89.65898592408458,22.414746481021144,72.0,Both,commercial
2025-02-05 08:39:00,7,Charging Station 7,28.47649239825343,77.4916154429034,4,1,3,0.75,0,0.0,0.0,38.0,Both,commercial
2025-02-08 21:25:00,7,Charging Station 7,28.47649239825343,77.4916154429034,4,2,2,0.5,0,0.0,0.0,278.0,Both,commercial
2025-02-11 22:59:00,7,Charging Station 7,28.47649239825343,77.4916154429034,4,3,1,0.25,0,0.0,0.0,33.0,Both,commercial
2025-02-15 00:36:00,7,Charging Station 7,28.47649239825343,77.4916154429034,4,4,0,0.0,0,0.0,0.0,95.0,Both,commercial
2025-02-17 21:50:00,7,Charging Station 7,28.47649239825343,77.4916154429034,4,2,2,0.5,3,156.93621680091042,39.234054200227604,114.66666666666667,Both,commercial
2025-02-19 01:02:00,7,Charging Station 7,28.47649239825343,77.4916154429034,4,4,0,0.0,0,0.0,0.0,72.0,Both,commercial
2025-02-20 19:32:00,7,Charging Station 7,28.47649239825343,77.4916154429034,4,1,3,0.75,0,0.0,0.0,51.0,Both,commercial
2025-02-22 06:56:00,7,Charging Station 7,28.47649239825343,77.4916154429034,4,3,1,0.25,1,33.89377049358666,8.473442623396664,60.0,Both,commercial
2025-02-22 08:22:00,7,Charging Station 7,28.47649239825343,77.4916154429034,4,2,2,0.5,5,321.98688326573654,80.49672081643413,82.0,Both,commercial
2025-02-24 19:27:00,7,Charging Station 7,28.47649239825343,77.4916154429034,4,1,3,0.75,3,161.87895448290698,40.469738620726744,64.0,Both,commercial
2025-02-28 08:10:00,7,Charging Station 7,28.47649239825343,77.4916154429034,4,1,3,0.75,2,30.332838104660546,7.583209526165136,126.0,Both,commercial
2025-03-03 21:50:00,7,Charging Station 7,28.47649239825343,77.4916154429034,4,1,3,0.75,1,31.700677621975974,7.925169405493993,94.0,Both,commercial
2025-03-04 10:07:00,7,Charging Station 7,28.47649239825343,77.4916154429034,4,0,4,1.0,1,51.9963200158863,12.999080003971574,58.0,Both,commercial
2025-03-05 02:35:00,7,Charging Station 7,28.47649239825343,77.4916154429034,4,4,0,0.0,0,0.0,0.0,62.0,Both,commercial
2025-03-06 23:22:00,7,Charging Station 7,28.47649239825343,77.4916154429034,4,3,1,0.25,2,116.57437478591893,29.143593696479734,57.5,Both,commercial
2025-03-08 14:55:00,7,Charging Station 7,28.47649239825343,77.4916154429034,4,2,2,0.5,0,0.0,0.0,184.0,Both,commercial
2025-03-09 14:51:00,7,Charging Station 7,28.47649239825343,77.4916154429034,4,3,1,0.25,1,74.2433293274292,18.5608323318573,75.0,Both,commercial
2025-03-10 15:36:00,7,Charging Station 7,28.47649239825343,77.4916154429034,4,1,3,0.75,0,0.0,0.0,35.0,Both,commercial
2025-03-13 05:27:00,7,Charging Station 7,28.47649239825343,77.4916154429034,4,4,0,0.0,0,0.0,0.0,112.0,Both,commercial
2025-03-16 10:37:00,7,Charging Station 7,28.47649239825343,77.4916154429034,4,2,2,0.5,0,0.0,0.0,100.0,Both,commercial
2025-03-16 19:56:00,7,Charging Station 7,28.47649239825343,77.4916154429034,4,1,3,0.75,1,152.96539947930597,38.24134986982649,60.0,Both,commercial
2025-03-17 23:57:00,7,Charging Station 7,28.47649239825343,77.4916154429034,4,3,1,0.25,0,0.0,0.0,21.0,Both,commercial
2025-03-19 11:13:00,7,Charging Station 7,28.47649239825343,77.4916154429034,4,1,3,0.75,0,0.0,0.0,73.0,Both,commercial
2025-03-20 05:52:00,7,Charging Station 7,28.47649239825343,77.4916154429034,4,4,0,0.0,1,48.411113997455736,12.102778499363934,28.0,Both,commercial
2025-03-21 10:17:00,7,Charging Station 7,28.47649239825343,77.4916154429034,4,1,3,0.75,0,0.0,0.0,75.0,Both,commercial
2025-03-21 19:02:00,7,Charging Station 7,28.47649239825343,77.4916154429034,4,0,4,1.0,0,0.0,0.0,110.0,Both,commercial
2025-03-22 10:45:00,7,Charging Station 7,28.47649239825343,77.4916154429034,4,2,2,0.5,0,0.0,0.0,24.0,Both,commercial
2025-03-22 12:25:00,7,Charging Station 7,28.47649239825343,77.4916154429034,4,2,2,0.5,1,11.960692400682758,2.9901731001706895,19.0,Both,commercial
2025-03-22 19:56:00,7,Charging Station 7,28.47649239825343,77.4916154429034,4,2,2,0.5,0,0.0,0.0,91.0,Both,commercial
2025-03-22 23:41:00,7,Charging Station 7,28.47649239825343,77.4916154429034,4,3,1,0.25,1,20.413514971050496,5.103378742762624,64.0,Both,commercial
2025-03-28 07:49:00,7,Charging Station 7,28.47649239825343,77.4916154429034,4,2,2,0.5,1,17.153689993830447,4.288422498457612,80.0,Both,commercial
2025-03-30 08:45:00,7,Charging Station 7,28.47649239825343,77.4916154429034,4,2,2,0.5,2,126.52668426786188,31.63167106696547,65.0,Both,commercial
2025-04-05 03:02:00,7,Charging Station 7,28.47649239825343,77.4916154429034,4,4,0,0.0,1,118.18248157468956,29.54562039367239,71.0,Both,commercial
2025-04-08 13:24:00,7,Charging Station 7,28.47649239825343,77.4916154429034,4,1,3,0.75,1,69.94148194069963,17.485370485174908,48.0,Both,commercial
2025-04-15 08:48:00,7,Charging Station 7,28.47649239825343,77.4916154429034,4,1,3,0.75,4,100.94625218423687,25.236563046059217,92.5,Both,commercial
2025-04-15 16:06:00,7,Charging Station 7,28.47649239825343,77.4916154429034,4,1,3,0.75,0,0.0,0.0,16.0,Both,commercial
2025-04-16 02:16:00,7,Charging Station 7,28.47649239825343,77.4916154429034,4,4,0,0.0,1,48.27902297132299,12.069755742830747,33.0,Both,commercial
2025-04-17 22:12:00,7,Charging Station 7,28.47649239825343,77.4916154429034,4,2,2,0.5,0,0.0,0.0,65.0,Both,commercial
2025-04-18 00:32:00,7,Charging Station 7,28.47649239825343,77.4916154429034,4,4,0,0.0,1,7.369346046699875,1.8423365116749688,212.0,Both,commercial
2025-04-20 16:00:00,7,Charging Station 7,28.47649239825343,77.4916154429034,4,2,2,0.5,1,14.36353765907007,3.5908844147675176,72.0,Both,commercial
2025-04-22 08:26:00,7,Charging Station 7,28.47649239825343,77.4916154429034,4,1,3,0.75,3,437.4499991016881,109.36249977542202,70.0,Both,commercial
2025-04-26 18:45:00,7,Charging Station 7,28.47649239825343,77.4916154429034,4,1,3,0.75,2,304.74899559636094,76.18724889909024,64.5,Both,commercial
2025-04-28 22:04:00,7,Charging Station 7,28.47649239825343,77.4916154429034,4,2,2,0.5,1,16.099799551832824,4.024949887958206,36.0,Both,commercial
2025-04-30 00:57:00,7,Charging Station 7,28.47649239825343,77.4916154429034,4,4,0,0.0,0,0.0,0.0,37.0,Both,commercial
2025-05-03 18:41:00,7,Charging Station 7,28.47649239825343,77.4916154429034,4,2,2,0.5,1,35.71453890871207,8.928634727178018,86.0,Both,commercial
2025-05-04 01:37:00,7,Charging Station 7,28.47649239825343,77.4916154429034,4,4,0,0.0,0,0.0,0.0,27.0,Both,commercial
2025-05-06 03:32:00,7,Charging Station 7,28.47649239825343,77.4916154429034,4,4,0,0.0,1,15.606986143594604,3.901746535898651,167.0,Both,commercial
2025-05-06 05:40:00,7,Charging Station 7,28.47649239825343,77.4916154429034,4,3,1,0.25,0,0.0,0.0,86.0,Both,commercial
2025-05-06 20:20:00,7,Charging Station 7,28.47649239825343,77.4916154429034,4,1,3,0.75,0,0.0,0.0,47.0,Both,commercial
2025-05-08 03:25:00,7,Charging Station 7,28.47649239825343,77.4916154429034,4,4,0,0.0,0,0.0,0.0,35.0,Both,commercial
2025-05-11 14:01:00,7,Charging Station 7,28.47649239825343,77.4916154429034,4,2,2,0.5,0,0.0,0.0,82.0,Both,commercial
2025-05-15 04:31:00,7,Charging Station 7,28.47649239825343,77.4916154429034,4,3,1,0.25,1,19.299661313952463,4.824915328488116,97.0,Both,commercial
2025-05-17 08:37:00,7,Charging Station 7,28.47649239825343,77.4916154429034,4,2,2,0.5,3,58.62180933565098,14.655452333912745,160.66666666666666,Both,commercial
2025-05-18 17:45:00,7,Charging Station 7,28.47649239825343,77.4916154429034,4,2,2,0.5,0,0.0,0.0,31.0,Both,commercial
2025-05-20 16:35:00,7,Charging Station 7,28.47649239825343,77.4916154429034,4,1,3,0.75,1,23.36490540790607,5.841226351976517,116.0,Both,commercial
2025-05-21 08:59:00,7,Charging Station 7,28.47649239825343,77.4916154429034,4,1,3,0.75,3,120.54038355260482,30.135095888151206,85.0,Both,commercial
2025-05-21 23:17:00,7,Charging Station 7,28.47649239825343,77.4916154429034,4,3,1,0.25,0,0.0,0.0,107.0,Both,commercial
2025-05-23 00:42:00,7,Charging Station 7,28.47649239825343,77.4916154429034,4,3,1,0.25,1,38.61192036830436,9.65298009207609,23.0,Both,commercial
2025-05-27 13:59:00,7,Charging Station 7,28.47649239825343,77.4916154429034,4,1,3,0.75,3,138.55672083154252,34.63918020788563,88.66666666666667,Both,commercial
2025-05-29 20:00:00,7,Charging Station 7,28.47649239825343,77.4916154429034,4,1,3,0.75,0,0.0,0.0,93.0,Both,commercial
2025-06-01 15:30:00,7,Charging Station 7,28.47649239825343,77.4916154429034,4,2,2,0.5,1,60.1254343163265,15.031358579081624,113.0,Both,commercial
2025-06-03 17:03:00,7,Charging Station 7,28.47649239825343,77.4916154429034,4,0,4,1.0,1,108.57831264643197,27.144578161607992,81.0,Both,commercial
2025-06-03 20:36:00,7,Charging Station 7,28.47649239825343,77.4916154429034,4,1,3,0.75,0,0.0,0.0,98.0,Both,commercial
2025-06-06 00:26:00,7,Charging Station 7,28.47649239825343,77.4916154429034,4,3,1,0.25,0,0.0,0.0,34.0,Both,commercial
2025-06-06 02:21:00,7,Charging Station 7,28.47649239825343,77.4916154429034,4,4,0,0.0,1,75.57556390236145,18.893890975590363,102.0,Both,commercial
2025-06-06 08:04:00,7,Charging Station 7,28.47649239825343,77.4916154429034,4,1,3,0.75,1,15.679770699380919,3.9199426748452297,119.0,Both,commercial
2025-06-06 08:29:00,7,Charging Station 7,28.47649239825343,77.4916154429034,4,1,3,0.75,5,148.02886753856052,37.00721688464013,68.4,Both,commercial
2025-06-09 09:45:00,7,Charging Station 7,28.47649239825343,77.4916154429034,4,1,3,0.75,0,0.0,0.0,75.0,Both,commercial
2025-06-09 15:00:00,7,Charging Station 7,28.47649239825343,77.4916154429034,4,2,2,0.5,0,0.0,0.0,113.0,Both,commercial
2025-06-12 13:07:00,7,Charging Station 7,28.47649239825343,77.4916154429034,4,1,3,0.75,0,0.0,0.0,27.0,Both,commercial
2025-06-12 22:22:00,7,Charging Station 7,28.47649239825343,77.4916154429034,4,2,2,0.5,0,0.0,0.0,76.0,Both,commercial
2025-06-16 19:08:00,7,Charging Station 7,28.47649239825343,77.4916154429034,4,1,3,0.75,0,0.0,0.0,48.0,Both,commercial
2025-06-17 01:55:00,7,Charging Station 7,28.47649239825343,77.4916154429034,4,4,0,0.0,1,98.7479480573777,24.686987014344425,116.0,Both,commercial
2025-06-20 05:46:00,7,Charging Station 7,28.47649239825343,77.4916154429034,4,3,1,0.25,0,0.0,0.0,85.0,Both,commercial
2025-06-21 08:38:00,7,Charging Station 7,28.47649239825343,77.4916154429034,4,2,2,0.5,1,260.9746509518792,65.2436627379698,48.0,Both,commercial
2025-06-22 01:49:00,7,Charging Station 7,28.47649239825343,77.4916154429034,4,4,0,0.0,0,0.0,0.0,39.0,Both,commercial
2025-06-22 07:59:00,7,Charging Station 7,28.47649239825343,77.4916154429034,4,3,1,0.25,0,0.0,0.0,60.0,Both,commercial
2025-06-24 17:25:00,7,Charging Station 7,28.47649239825343,77.4916154429034,4,1,3,0.75,0,0.0,0.0,187.0,Both,commercial
2025-06-24 17:27:00,7,Charging Station 7,28.47649239825343,77.4916154429034,4,0,4,1.0,0,0.0,0.0,27.0,Both,commercial
2025-06-24 23:15:00,7,Charging Station 7,28.47649239825343,77.4916154429034,4,3,1,0.25,0,0.0,0.0,23.0,Both,commercial
2025-06-26 02:09:00,7,Charging Station 7,28.47649239825343,77.4916154429034,4,4,0,0.0,1,17.84159922825556,4.46039980706389,45.0,Both,commercial
2025-06-28 19:47:00,7,Charging Station 7,28.47649239825343,77.4916154429034,4,2,2,0.5,1,43.500540134271795,10.875135033567949,118.0,Both,commercial
2025-06-30 12:02:00,7,Charging Station 7,28.47649239825343,77.4916154429034,4,2,2,0.5,2,66.95422324303195,16.738555810757987,101.0,Both,commercial
2025-07-04 06:30:00,7,Charging Station 7,28.47649239825343,77.4916154429034,4,3,1,0.25,0,0.0,0.0,52.0,Both,commercial
2025-07-06 13:51:00,7,Charging Station 7,28.47649239825343,77.4916154429034,4,2,2,0.5,0,0.0,0.0,115.0,Both,commercial
2025-07-09 17:29:00,7,Charging Station 7,28.47649239825343,77.4916154429034,4,0,4,1.0,1,49.55473790527927,12.388684476319817,208.0,Both,commercial
2025-07-11 17:31:00,7,Charging Station 7,28.47649239825343,77.4916154429034,4,1,3,0.75,0,0.0,0.0,16.0,Both,commercial
2025-07-13 00:39:00,7,Charging Station 7,28.47649239825343,77.4916154429034,4,4,0,0.0,0,0.0,0.0,53.0,Both,commercial
2025-07-16 00:33:00,7,Charging Station 7,28.47649239825343,77.4916154429034,4,4,0,0.0,1,77.0048079453963,19.251201986349074,44.0,Both,commercial
2025-07-17 01:15:00,7,Charging Station 7,28.47649239825343,77.4916154429034,4,4,0,0.0,1,26.12579799083653,6.531449497709133,39.0,Both,commercial
2025-07-23 01:13:00,7,Charging Station 7,28.47649239825343,77.4916154429034,4,4,0,0.0,1,22.65439198696602,5.663597996741505,68.0,Both,commercial
2025-07-27 02:06:00,7,Charging Station 7,28.47649239825343,77.4916154429034,4,4,0,0.0,1,7.253937929875323,1.8134844824688308,88.0,Both,commercial
2025-07-28 19:51:00,7,Charging Station 7,28.47649239825343,77.4916154429034,4,1,3,0.75,0,0.0,0.0,36.0,Both,commercial
2025-07-29 21:40:00,7,Charging Station 7,28.47649239825343,77.4916154429034,4,2,2,0.5,1,132.51008313478832,33.12752078369708,297.0,Both,commercial
2025-07-31 00:34:00,7,Charging Station 7,28.47649239825343,77.4916154429034,4,4,0,0.0,0,0.0,0.0,115.0,Both,commercial
2025-07-31 02:46:00,7,Charging Station 7,28.47649239825343,77.4916154429034,4,4,0,0.0,0,0.0,0.0,90.0,Both,commercial
2025-08-04 19:52:00,7,Charging Station 7,28.47649239825343,77.4916154429034,4,1,3,0.75,0,0.0,0.0,50.0,Both,commercial
2025-08-07 00:05:00,7,Charging Station 7,28.47649239825343,77.4916154429034,4,4,0,0.0,1,51.029782709476024,12.757445677369006,117.0,Both,commercial
2025-08-09 02:44:00,7,Charging Station 7,28.47649239825343,77.4916154429034,4,4,0,0.0,1,41.84463425955896,10.46115856488974,93.0,Both,commercial
2025-08-09 20:55:00,7,Charging Station 7,28.47649239825343,77.4916154429034,4,2,2,0.5,0,0.0,0.0,101.0,Both,commercial
2025-08-13 16:27:00,7,Charging Station 7,28.47649239825343,77.4916154429034,4,1,3,0.75,1,12.613307128025303,3.1533267820063258,20.0,Both,commercial
2025-08-14 15:17:00,7,Charging Station 7,28.47649239825343,77.4916154429034,4,1,3,0.75,0,0.0,0.0,83.0,Both,commercial
2025-08-14 16:24:00,7,Charging Station 7,28.47649239825343,77.4916154429034,4,1,3,0.75,0,0.0,0.0,98.0,Both,commercial
2025-08-16 17:01:00,7,Charging Station 7,28.47649239825343,77.4916154429034,4,2,2,0.5,0,0.0,0.0,84.0,Both,commercial
2025-08-18 17:29:00,7,Charging Station 7,28.47649239825343,77.4916154429034,4,0,4,1.0,0,0.0,0.0,216.0,Both,commercial
2025-08-19 02:22:00,7,Charging Station 7,28.47649239825343,77.4916154429034,4,4,0,0.0,0,0.0,0.0,53.0,Both,commercial
2025-08-21 17:49:00,7,Charging Station 7,28.47649239825343,77.4916154429034,4,0,4,1.0,0,0.0,0.0,35.0,Both,commercial
2025-08-27 10:08:00,7,Charging Station 7,28.47649239825343,77.4916154429034,4,1,3,0.75,0,0.0,0.0,22.0,Both,commercial
2025-09-01 18:46:00,7,Charging Station 7,28.47649239825343,77.4916154429034,4,0,4,1.0,2,15.76156788519759,3.9403919712993973,143.0,Both,commercial
2025-09-05 19:50:00,7,Charging Station 7,28.47649239825343,77.4916154429034,4,1,3,0.75,0,0.0,0.0,28.0,Both,commercial
2025-09-07 00:09:00,7,Charging Station 7,28.47649239825343,77.4916154429034,4,4,0,0.0,0,0.0,0.0,128.0,Both,commercial
2025-09-07 15:16:00,7,Charging Station 7,28.47649239825343,77.4916154429034,4,2,2,0.5,0,0.0,0.0,146.0,Both,commercial
2025-09-08 13:43:00,7,Charging Station 7,28.47649239825343,77.4916154429034,4,1,3,0.75,1,79.27156081758115,19.817890204395287,27.0,Both,commercial
2025-09-10 03:51:00,7,Charging Station 7,28.47649239825343,77.4916154429034,4,4,0,0.0,0,0.0,0.0,113.0,Both,commercial
2025-09-11 05:55:00,7,Charging Station 7,28.47649239825343,77.4916154429034,4,3,1,0.25,0,0.0,0.0,61.0,Both,commercial
2025-09-11 09:26:00,7,Charging Station 7,28.47649239825343,77.4916154429034,4,1,3,0.75,0,0.0,0.0,73.0,Both,commercial
2025-09-12 16:15:00,7,Charging Station 7,28.47649239825343,77.4916154429034,4,1,3,0.75,1,19.80391842559987,4.950979606399968,96.0,Both,commercial
2025-09-13 13:45:00,7,Charging Station 7,28.47649239825343,77.4916154429034,4,3,1,0.25,0,0.0,0.0,16.0,Both,commercial
2025-09-15 03:00:00,7,Charging Station 7,28.47649239825343,77.4916154429034,4,4,0,0.0,0,0.0,0.0,82.0,Both,commercial
2025-09-15 11:56:00,7,Charging Station 7,28.47649239825343,77.4916154429034,4,1,3,0.75,0,0.0,0.0,104.0,Both,commercial
2025-09-19 06:46:00,7,Charging Station 7,28.47649239825343,77.4916154429034,4,3,1,0.25,0,0.0,0.0,139.0,Both,commercial
2025-09-19 08:21:00,7,Charging Station 7,28.47649239825343,77.4916154429034,4,1,3,0.75,4,190.06751153065875,47.51687788266469,107.75,Both,commercial
2025-09-19 13:06:00,7,Charging Station 7,28.47649239825343,77.4916154429034,4,2,2,0.5,0,0.0,0.0,42.0,Both,commercial
2025-09-22 02:23:00,7,Charging Station 7,28.47649239825343,77.4916154429034,4,4,0,0.0,0,0.0,0.0,116.0,Both,commercial
2025-09-23 09:38:00,7,Charging Station 7,28.47649239825343,77.4916154429034,4,0,4,1.0,0,0.0,0.0,107.0,Both,commercial
2025-09-25 21:25:00,7,Charging Station 7,28.47649239825343,77.4916154429034,4,2,2,0.5,2,111.1371849884235,27.784296247105875,158.0,Both,commercial
2025-09-26 06:13:00,7,Charging Station 7,28.47649239825343,77.4916154429034,4,3,1,0.25,0,0.0,0.0,103.0,Both,commercial
2025-10-05 12:12:00,7,Charging Station 7,28.47649239825343,77.4916154429034,4,2,2,0.5,0,0.0,0.0,63.0,Both,commercial
2025-10-05 23:27:00,7,Charging Station 7,28.47649239825343,77.4916154429034,4,3,1,0.25,0,0.0,0.0,267.0,Both,commercial
2025-10-07 21:20:00,7,Charging Station 7,28.47649239825343,77.4916154429034,4,1,3,0.75,0,0.0,0.0,158.0,Both,commercial
2025-10-09 09:23:00,7,Charging Station 7,28.47649239825343,77.4916154429034,4,1,3,0.75,2,102.38472936904017,25.596182342260043,108.5,Both,commercial
2025-10-09 16:39:00,7,Charging Station 7,28.47649239825343,77.4916154429034,4,1,3,0.75,1,24.05031591389534,6.012578978473835,18.0,Both,commercial
2025-10-10 21:20:00,7,Charging Station 7,28.47649239825343,77.4916154429034,4,2,2,0.5,0,0.0,0.0,44.0,Both,commercial
2025-10-15 20:38:00,7,Charging Station 7,28.47649239825343,77.4916154429034,4,1,3,0.75,1,82.58225446592559,20.645563616481397,123.0,Both,commercial
2025-10-18 07:32:00,7,Charging Station 7,28.47649239825343,77.4916154429034,4,3,1,0.25,0,0.0,0.0,220.0,Both,commercial
2025-10-18 13:03:00,7,Charging Station 7,28.47649239825343,77.4916154429034,4,2,2,0.5,0,0.0,0.0,270.0,Both,commercial
2025-10-18 19:35:00,7,Charging Station 7,28.47649239825343,77.4916154429034,4,2,2,0.5,2,180.5935923381047,45.14839808452618,81.5,Both,commercial
2025-10-21 21:17:00,7,Charging Station 7,28.47649239825343,77.4916154429034,4,2,2,0.5,0,0.0,0.0,35.0,Both,commercial
2025-10-23 21:24:00,7,Charging Station 7,28.47649239825343,77.4916154429034,4,2,2,0.5,0,0.0,0.0,19.0,Both,commercial
2025-10-26 04:19:00,7,Charging Station 7,28.47649239825343,77.4916154429034,4,4,0,0.0,2,189.54081805297344,47.38520451324336,96.5,Both,commercial
2025-10-30 21:21:00,7,Charging Station 7,28.47649239825343,77.4916154429034,4,1,3,0.75,2,87.66293669392456,21.91573417348114,63.0,Both,commercial
2025-10-31 04:27:00,7,Charging Station 7,28.47649239825343,77.4916154429034,4,4,0,0.0,1,153.52842712918914,38.382106782297285,249.0,Both,commercial
2025-11-01 11:44:00,7,Charging Station 7,28.47649239825343,77.4916154429034,4,2,2,0.5,2,188.176746146436,47.044186536609,73.5,Both,commercial
2025-11-05 08:07:00,7,Charging Station 7,28.47649239825343,77.4916154429034,4,1,3,0.75,1,19.349020808474393,4.837255202118598,19.0,Both,commercial
2025-11-05 16:13:00,7,Charging Station 7,28.47649239825343,77.4916154429034,4,1,3,0.75,1,47.56227622211001,11.890569055527502,23.0,Both,commercial
2025-11-06 12:00:00,7,Charging Station 7,28.47649239825343,77.4916154429034,4,1,3,0.75,1,26.204064801530098,6.5510162003825245,76.0,Both,commercial
2025-11-08 05:19:00,7,Charging Station 7,28.47649239825343,77.4916154429034,4,4,0,0.0,0,0.0,0.0,98.0,Both,commercial
2025-11-10 09:49:00,7,Charging Station 7,28.47649239825343,77.4916154429034,4,1,3,0.75,0,0.0,0.0,260.0,Both,commercial
2025-11-10 15:16:00,7,Charging Station 7,28.47649239825343,77.4916154429034,4,2,2,0.5,0,0.0,0.0,48.0,Both,commercial
2025-11-12 12:39:00,7,Charging Station 7,28.47649239825343,77.4916154429034,4,2,2,0.5,0,0.0,0.0,20.0,Both,commercial
2025-11-13 17:27:00,7,Charging Station 7,28.47649239825343,77.4916154429034,4,1,3,0.75,1,76.03797056340271,19.009492640850677,105.0,Both,commercial
2025-11-13 23:06:00,7,Charging Station 7,28.47649239825343,77.4916154429034,4,3,1,0.25,0,0.0,0.0,95.0,Both,commercial
2025-11-15 10:04:00,7,Charging Station 7,28.47649239825343,77.4916154429034,4,1,3,0.75,0,0.0,0.0,103.0,Both,commercial
2025-11-16 06:23:00,7,Charging Station 7,28.47649239825343,77.4916154429034,4,4,0,0.0,0,0.0,0.0,126.0,Both,commercial
2025-11-19 12:27:00,7,Charging Station 7,28.47649239825343,77.4916154429034,4,2,2,0.5,1,19.224451680502035,4.806112920125509,285.0,Both,commercial
2025-11-22 06:24:00,7,Charging Station 7,28.47649239825343,77.4916154429034,4,4,0,0.0,0,0.0,0.0,78.0,Both,commercial
2025-11-25 02:37:00,7,Charging Station 7,28.47649239825343,77.4916154429034,4,4,0,0.0,0,0.0,0.0,205.0,Both,commercial
2025-11-25 03:14:00,7,Charging Station 7,28.47649239825343,77.4916154429034,4,4,0,0.0,0,0.0,0.0,88.0,Both,commercial
2025-11-26 19:24:00,7,Charging Station 7,28.47649239825343,77.4916154429034,4,0,4,1.0,1,38.533762070361355,9.633440517590339,161.0,Both,commercial
2025-11-29 08:21:00,7,Charging Station 7,28.47649239825343,77.4916154429034,4,2,2,0.5,0,0.0,0.0,259.0,Both,commercial
2025-11-30 08:21:00,7,Charging Station 7,28.47649239825343,77.4916154429034,4,2,2,0.5,1,78.83312788375358,19.708281970938394,44.0,Both,commercial
2025-12-01 13:52:00,7,Charging Station 7,28.47649239825343,77.4916154429034,4,2,2,0.5,0,0.0,0.0,87.0,Both,commercial
2025-12-01 16:37:00,7,Charging Station 7,28.47649239825343,77.4916154429034,4,1,3,0.75,1,12.854520097938476,3.213630024484619,183.0,Both,commercial
2025-12-03 10:30:00,7,Charging Station 7,28.47649239825343,77.4916154429034,4,0,4,1.0,0,0.0,0.0,95.0,Both,commercial
2025-12-05 14:19:00,7,Charging Station 7,28.47649239825343,77.4916154429034,4,2,2,0.5,0,0.0,0.0,24.0,Both,commercial
2025-12-05 16:18:00,7,Charging Station 7,28.47649239825343,77.4916154429034,4,1,3,0.75,0,0.0,0.0,85.0,Both,commercial
2025-12-07 13:21:00,7,Charging Station 7,28.47649239825343,77.4916154429034,4,2,2,0.5,0,0.0,0.0,126.0,Both,commercial
2025-12-12 04:48:00,7,Charging Station 7,28.47649239825343,77.4916154429034,4,4,0,0.0,0,0.0,0.0,21.0,Both,commercial
2025-12-13 06:51:00,7,Charging Station 7,28.47649239825343,77.4916154429034,4,3,1,0.25,2,153.1778891591813,38.29447228979532,64.5,Both,commercial
2025-12-14 00:33:00,7,Charging Station 7,28.47649239825343,77.4916154429034,4,4,0,0.0,2,113.2719134338414,28.31797835846035,101.0,Both,commercial
2025-12-14 01:44:00,7,Charging Station 7,28.47649239825343,77.4916154429034,4,4,0,0.0,1,93.49861894884958,23.374654737212396,89.0,Both,commercial
2025-12-14 12:37:00,7,Charging Station 7,28.47649239825343,77.4916154429034,4,2,2,0.5,0,0.0,0.0,18.0,Both,commercial
2025-12-15 13:23:00,7,Charging Station 7,28.47649239825343,77.4916154429034,4,2,2,0.5,1,135.2224476309191,33.80561190772978,103.0,Both,commercial
2025-12-15 20:24:00,7,Charging Station 7,28.47649239825343,77.4916154429034,4,1,3,0.75,1,99.52945106428237,24.882362766070592,114.0,Both,commercial
2025-12-21 08:42:00,7,Charging Station 7,28.47649239825343,77.4916154429034,4,2,2,0.5,3,368.52079725967127,92.13019931491782,82.0,Both,commercial
2025-12-26 04:27:00,7,Charging Station 7,28.47649239825343,77.4916154429034,4,4,0,0.0,0,0.0,0.0,105.0,Both,commercial
2025-12-28 19:20:00,7,Charging Station 7,28.47649239825343,77.4916154429034,4,2,2,0.5,0,0.0,0.0,55.0,Both,commercial
2025-12-29 18:11:00,7,Charging Station 7,28.47649239825343,77.4916154429034,4,0,4,1.0,1,16.589809848378874,4.147452462094718,27.0,Both,commercial
2025-01-01 05:57:00,8,Charging Station 8,28.52150897038029,77.08526206184365,6,5,1,0.16666666666666663,1,54.80175078973367,13.700437697433417,21.0,AC,residential
2025-01-04 09:42:00,8,Charging Station 8,28.52150897038029,77.08526206184365,6,3,3,0.5,0,0.0,0.0,34.0,AC,residential
2025-01-08 21:23:00,8,Charging Station 8,28.52150897038029,77.08526206184365,6,3,3,0.5,3,256.55339548292574,64.13834887073143,28.333333333333332,AC,residential
2025-01-11 09:08:00,8,Charging Station 8,28.52150897038029,77.08526206184365,6,2,4,0.6666666666666667,0,0.0,0.0,154.0,AC,residential
2025-01-11 09:52:00,8,Charging Station 8,28.52150897038029,77.08526206184365,6,3,3,0.5,0,0.0,0.0,99.0,AC,residential
2025-01-16 23:59:00,8,Charging Station 8,28.52150897038029,77.08526206184365,6,5,1,0.16666666666666663,1,157.30273934906472,39.32568483726618,94.0,AC,residential
2025-01-25 12:58:00,8,Charging Station 8,28.52150897038029,77.08526206184365,6,3,3,0.5,1,188.53910655560333,47.13477663890083,76.0,AC,residential
2025-01-25 14:51:00,8,Charging Station 8,28.52150897038029,77.08526206184365,6,3,3,0.5,0,0.0,0.0,65.0,AC,residential
2025-01-26 16:55:00,8,Charging Station 8,28.52150897038029,77.08526206184365,6,3,3,0.5,0,0.0,0.0,287.0,AC,residential
2025-01-29 02:52:00,8,Charging Station 8,28.52150897038029,77.08526206184365,6,6,0,0.0,0,0.0,0.0,72.0,AC,residential
2025-01-30 09:22:00,8,Charging Station 8,28.52150897038029,77.08526206184365,6,2,4,0.6666666666666667,1,23.102474838894224,5.775618709723556,61.0,AC,residential
2025-01-31 11:29:00,8,Charging Station 8,28.52150897038029,77.08526206184365,6,1,5,0.8333333333333334,0,0.0,0.0,81.0,AC,residential
2025-02-02 19:14:00,8,Charging Station 8,28.52150897038029,77.08526206184365,6,2,4,0.6666666666666667,1,265.8392678313668,66.4598169578417,107.0,AC,residential
2025-02-06 05:06:00,8,Charging Station 8,28.52150897038029,77.08526206184365,6,5,1,0.16666666666666663,0,0.0,0.0,102.0,AC,residential
2025-02-06 20:37:00,8,Charging Station 8,28.52150897038029,77.08526206184365,6,2,4,0.6666666666666667,1,154.36223163938647,38.590557909846616,111.0,AC,residential
2025-02-07 18:08:00,8,Charging Station 8,28.52150897038029,77.08526206184365,6,0,6,1.0,0,0.0,0.0,81.0,AC,residential
2025-02-09 21:17:00,8,Charging Station 8,28.52150897038029,77.08526206184365,6,4,2,0.33333333333333337,1,79.92223464019483,19.980558660048708,70.0,AC,residential
2025-02-09 22:40:00,8,Charging Station 8,28.52150897038029,77.08526206184365,6,5,1,0.16666666666666663,0,0.0,0.0,120.0,AC,residential
2025-02-10 20:54:00,8,Charging Station 8,28.52150897038029,77.08526206184365,6,1,5,0.8333333333333334,0,0.0,0.0,82.0,AC,residential
2025-02-10 21:41:00,8,Charging Station 8,28.52150897038029,77.08526206184365,6,3,3,0.5,0,0.0,0.0,23.0,AC,residential
2025-02-16 04:44:00,8,Charging Station 8,28.52150897038029,77.08526206184365,6,6,0,0.0,1,22.997084464833677,5.749271116208419,130.0,AC,residential
2025-02-19 20:26:00,8,Charging Station 8,28.52150897038029,77.08526206184365,6,2,4,0.6666666666666667,0,0.0,0.0,47.0,AC,residential
2025-02-20 22:00:00,8,Charging Station 8,28.52150897038029,77.08526206184365,6,4,2,0.33333333333333337,0,0.0,0.0,43.0,AC,residential
2025-02-22 22:02:00,8,Charging Station 8,28.52150897038029,77.08526206184365,6,4,2,0.33333333333333337,0,0.0,0.0,110.0,AC,residential
2025-02-27 00:28:00,8,Charging Station 8,28.52150897038029,77.08526206184365,6,6,0,0.0,1,27.426081879122084,6.856520469780521,246.0,AC,residential
2025-02-28 08:53:00,8,Charging Station 8,28.52150897038029,77.08526206184365,6,2,4,0.6666666666666667,2,281.6226900883171,70.40567252207927,67.0,AC,residential
2025-02-28 20:03:00,8,Charging Station 8,28.52150897038029,77.08526206184365,6,1,5,0.8333333333333334,1,76.9154216450882,19.22885541127205,78.0,AC,residential
2025-03-01 17:51:00,8,Charging Station 8,28.52150897038029,77.08526206184365,6,2,4,0.6666666666666667,0,0.0,0.0,56.0,AC,residential
2025-03-02 08:39:00,8,Charging Station 8,28.52150897038029,77.08526206184365,6,4,2,0.33333333333333337,4,180.11032254114897,45.027580635287244,116.25,AC,residential
2025-03-03 04:56:00,8,Charging Station 8,28.52150897038029,77.08526206184365,6,6,0,0.0,1,6.38926482566102,1.597316206415255,251.0,AC,residential
2025-03-07 07:56:00,8,Charging Station 8,28.52150897038029,77.08526206184365,6,3,3,0.5,0,0.0,0.0,81.0,AC,residential
2025-03-09 10:58:00,8,Charging Station 8,28.52150897038029,77.08526206184365,6,2,4,0.6666666666666667,0,0.0,0.0,33.0,AC,residential
2025-03-09 18:27:00,8,Charging Station 8,28.52150897038029,77.08526206184365,6,2,4,0.6666666666666667,0,0.0,0.0,20.0,AC,residential
2025-03-11 07:00:00,8,Charging Station 8,28.52150897038029,77.08526206184365,6,4,2,0.33333333333333337,0,0.0,0.0,108.0,AC,residential
2025-03-11 21:01:00,8,Charging Station 8,28.52150897038029,77.08526206184365,6,2,4,0.6666666666666667,0,0.0,0.0,34.0,AC,residential
2025-03-13 03:42:00,8,Charging Station 8,28.52150897038029,77.08526206184365,6,6,0,0.0,3,111.48282909797403,27.87070727449351,67.0,AC,residential
2025-03-14 23:35:00,8,Charging Station 8,28.52150897038029,77.08526206184365,6,5,1,0.16666666666666663,0,0.0,0.0,62.0,AC,residential
2025-03-16 18:03:00,8,Charging Station 8,28.52150897038029,77.08526206184365,6,2,4,0.6666666666666667,5,258.4489043721561,64.61222609303903,74.4,AC,residential
2025-03-17 16:52:00,8,Charging Station 8,28.52150897038029,77.08526206184365,6,1,5,0.8333333333333334,1,65.63474682301761,16.408686705754402,35.0,AC,residential
2025-03-21 01:08:00,8,Charging Station 8,28.52150897038029,77.08526206184365,6,6,0,0.0,2,99.80279550310739,24.950698875776848,60.0,AC,residential
2025-04-01 12:32:00,8,Charging Station 8,28.52150897038029,77.08526206184365,6,2,4,0.6666666666666667,0,0.0,0.0,269.0,AC,residential
2025-04-02 23:22:00,8,Charging Station 8,28.52150897038029,77.08526206184365,6,5,1,0.16666666666666663,1,4.195571857349038,1.0488929643372595,33.0,AC,residential
2025-04-04 22:41:00,8,Charging Station 8,28.52150897038029,77.08526206184365,6,4,2,0.33333333333333337,0,0.0,0.0,24.0,AC,residential
2025-04-05 04:43:00,8,Charging Station 8,28.52150897038029,77.08526206184365,6,6,0,0.0,0,0.0,0.0,41.0,AC,residential
2025-04-05 15:56:00,8,Charging Station 8,28.52150897038029,77.08526206184365,6,3,3,0.5,0,0.0,0.0,99.0,AC,residential
2025-04-07 01:43:00,8,Charging Station 8,28.52150897038029,77.08526206184365,6,5,1,0.16666666666666663,1,20.168040171771672,5.042010042942918,101.0,AC,residential
2025-04-07 20:20:00,8,Charging Station 8,28.52150897038029,77.08526206184365,6,2,4,0.6666666666666667,0,0.0,0.0,109.0,AC,residential
2025-04-07 21:23:00,8,Charging Station 8,28.52150897038029,77.08526206184365,6,2,4,0.6666666666666667,1,99.44527543222011,24.86131885805503,57.0,AC,residential
2025-04-09 07:01:00,8,Charging Station 8,28.52150897038029,77.08526206184365,6,4,2,0.33333333333333337,0,0.0,0.0,18.0,AC,residential
2025-04-10 03:09:00,8,Charging Station 8,28.52150897038029,77.08526206184365,6,6,0,0.0,1,73.85408766875345,18.463521917188363,116.0,AC,residential
2025-04-15 13:55:00,8,Charging Station 8,28.52150897038029,77.08526206184365,6,2,4,0.6666666666666667,0,0.0,0.0,27.0,AC,residential
2025-04-16 07:51:00,8,Charging Station 8,28.52150897038029,77.08526206184365,6,4,2,0.33333333333333337,0,0.0,0.0,81.0,AC,residential
2025-04-17 20:40:00,8,Charging Station 8,28.52150897038029,77.08526206184365,6,1,5,0.8333333333333334,3,260.9509551849756,65.2377387962439,66.66666666666667,AC,residential
2025-04-19 08:49:00,8,Charging Station 8,28.52150897038029,77.08526206184365,6,3,3,0.5,2,113.60090826343333,28.40022706585833,182.5,AC,residential
2025-04-19 15:26:00,8,Charging Station 8,28.52150897038029,77.08526206184365,6,3,3,0.5,2,61.67895373061369,15.419738432653423,67.5,AC,residential
2025-04-24 03:45:00,8,Charging Station 8,28.52150897038029,77.08526206184365,6,6,0,0.0,1,33.81541395263393,8.453853488158483,74.0,AC,residential
2025-04-25 16:38:00,8,Charging Station 8,28.52150897038029,77.08526206184365,6,1,5,0.8333333333333334,0,0.0,0.0,33.0,AC,residential
2025-04-30 15:04:00,8,Charging Station 8,28.52150897038029,77.08526206184365,6,1,5,0.8333333333333334,2,87.09825038513443,21.77456259628361,77.0,AC,residential
2025-05-01 05:49:00,8,Charging Station 8,28.52150897038029,77.08526206184365,6,5,1,0.16666666666666663,0,0.0,0.0,149.0,AC,residential
2025-05-03 10:07:00,8,Charging Station 8,28.52150897038029,77.08526206184365,6,3,3,0.5,0,0.0,0.0,77.0,AC,residential
2025-05-03 19:19:00,8,Charging Station 8,28.52150897038029,77.08526206184365,6,3,3,0.5,1,18.868801633796345,4.717200408449086,117.0,AC,residential
2025-05-04 01:48:00,8,Charging Station 8,28.52150897038029,77.08526206184365,6,6,0,0.0,1,20.63537084280329,5.158842710700823,88.0,AC,residential
2025-05-04 13:18:00,8,Charging Station 8,28.52150897038029,77.08526206184365,6,3,3,0.5,0,0.0,0.0,44.0,AC,residential
2025-05-04 16:06:00,8,Charging Station 8,28.52150897038029,77.08526206184365,6,3,3,0.5,0,0.0,0.0,260.0,AC,residential
2025-05-07 21:55:00,8,Charging Station 8,28.52150897038029,77.08526206184365,6,2,4,0.6666666666666667,0,0.0,0.0,88.0,AC,residential
2025-05-11 14:56:00,8,Charging Station 8,28.52150897038029,77.08526206184365,6,3,3,0.5,0,0.0,0.0,110.0,AC,residential
2025-05-13 15:13:00,8,Charging Station 8,28.52150897038029,77.08526206184365,6,2,4,0.6666666666666667,0,0.0,0.0,119.0,AC,residential
2025-05-14 13:59:00,8,Charging Station 8,28.52150897038029,77.08526206184365,6,3,3,0.5,0,0.0,0.0,118.0,AC,residential
2025-05-14 18:58:00,8,Charging Station 8,28.52150897038029,77.08526206184365,6,1,5,0.8333333333333334,3,125.43815031303714,31.359537578259285,109.33333333333333,AC,residential
2025-05-16 04:55:00,8,Charging Station 8,28.52150897038029,77.08526206184365,6,5,1,0.16666666666666663,1,12.395041188998798,3.0987602972496995,118.0,AC,residential
2025-05-17 20:00:00,8,Charging Station 8,28.52150897038029,77.08526206184365,6,3,3,0.5,0,0.0,0.0,95.0,AC,residential
2025-05-18 15:41:00,8,Charging Station 8,28.52150897038029,77.08526206184365,6,3,3,0.5,0,0.0,0.0,39.0,AC,residential
2025-05-18 19:08:00,8,Charging Station 8,28.52150897038029,77.08526206184365,6,3,3,0.5,0,0.0,0.0,89.0,AC,residential
2025-05-20 03:41:00,8,Charging Station 8,28.52150897038029,77.08526206184365,6,6,0,0.0,0,0.0,0.0,86.0,AC,residential
2025-05-20 19:09:00,8,Charging Station 8,28.52150897038029,77.08526206184365,6,1,5,0.8333333333333334,0,0.0,0.0,118.0,AC,residential
2025-05-22 16:12:00,8,Charging Station 8,28.52150897038029,77.08526206184365,6,2,4,0.6666666666666667,0,0.0,0.0,64.0,AC,residential
2025-05-27 09:19:00,8,Charging Station 8,28.52150897038029,77.08526206184365,6,1,5,0.8333333333333334,0,0.0,0.0,84.0,AC,residential
2025-05-27 14:19:00,8,Charging Station 8,28.52150897038029,77.08526206184365,6,2,4,0.6666666666666667,0,0.0,0.0,15.0,AC,residential
2025-05-27 17:56:00,8,Charging Station 8,28.52150897038029,77.08526206184365,6,1,5,0.8333333333333334,2,132.6998984943295,33.17497462358237,206.5,AC,residential
2025-05-31 04:24:00,8,Charging Station 8,28.52150897038029,77.08526206184365,6,5,1,0.16666666666666663,1,105.9478084638106,26.48695211595265,57.0,AC,residential
2025-06-01 00:30:00,8,Charging Station 8,28.52150897038029,77.08526206184365,6,6,0,0.0,0,0.0,0.0,111.0,AC,residential
2025-06-04 01:12:00,8,Charging Station 8,28.52150897038029,77.08526206184365,6,6,0,0.0,0,0.0,0.0,98.0,AC,residential
2025-06-04 11:09:00,8,Charging Station 8,28.52150897038029,77.08526206184365,6,1,5,0.8333333333333334,1,16.428884279501307,4.107221069875327,202.0,AC,residential
2025-06-05 01:52:00,8,Charging Station 8,28.52150897038029,77.08526206184365,6,6,0,0.0,1,154.6154751126191,38.653868778154774,79.0,AC,residential
2025-06-05 07:49:00,8,Charging Station 8,28.52150897038029,77.08526206184365,6,3,3,0.5,0,0.0,0.0,35.0,AC,residential
2025-06-05 14:18:00,8,Charging Station 8,28.52150897038029,77.08526206184365,6,2,4,0.6666666666666667,0,0.0,0.0,104.0,AC,residential
2025-06-05 22:49:00,8,Charging Station 8,28.52150897038029,77.08526206184365,6,4,2,0.33333333333333337,0,0.0,0.0,48.0,AC,residential
2025-06-07 14:51:00,8,Charging Station 8,28.52150897038029,77.08526206184365,6,3,3,0.5,1,40.433947794930255,10.108486948732564,116.0,AC,residential
2025-06-09 05:56:00,8,Charging Station 8,28.52150897038029,77.08526206184365,6,5,1,0.16666666666666663,1,58.15849569592561,14.539623923981402,118.0,AC,residential
2025-06-18 00:59:00,8,Charging Station 8,28.52150897038029,77.08526206184365,6,6,0,0.0,0,0.0,0.0,48.0,AC,residential
2025-06-18 17:25:00,8,Charging Station 8,28.52150897038029,77.08526206184365,6,0,6,1.0,0,0.0,0.0,16.0,AC,residential
2025-06-21 02:04:00,8,Charging Station 8,28.52150897038029,77.08526206184365,6,6,0,0.0,1,9.364977394605205,2.3412443486513013,101.0,AC,residential
2025-06-23 20:23:00,8,Charging Station 8,28.52150897038029,77.08526206184365,6,2,4,0.6666666666666667,1,19.55375311498836,4.88843827874709,120.0,AC,residential
2025-06-25 15:23:00,8,Charging Station 8,28.52150897038029,77.08526206184365,6,1,5,0.8333333333333334,0,0.0,0.0,97.0,AC,residential
2025-06-27 18:04:00,8,Charging Station 8,28.52150897038029,77.08526206184365,6,1,5,0.8333333333333334,1,65.62316799581802,16.405791998954506,65.0,AC,residential
2025-06-29 00:19:00,8,Charging Station 8,28.52150897038029,77.08526206184365,6,5,1,0.16666666666666663,0,0.0,0.0,44.0,AC,residential
2025-07-05 23:23:00,8,Charging Station 8,28.52150897038029,77.08526206184365,6,5,1,0.16666666666666663,0,0.0,0.0,71.0,AC,residential
2025-07-06 14:17:00,8,Charging Station 8,28.52150897038029,77.08526206184365,6,3,3,0.5,1,82.54650737768944,20.63662684442236,72.0,AC,residential
2025-07-06 23:52:00,8,Charging Station 8,28.52150897038029,77.08526206184365,6,5,1,0.16666666666666663,0,0.0,0.0,294.0,AC,residential
2025-07-08 20:50:00,8,Charging Station 8,28.52150897038029,77.08526206184365,6,1,5,0.8333333333333334,0,0.0,0.0,85.0,AC,residential
2025-07-10 06:10:00,8,Charging Station 8,28.52150897038029,77.08526206184365,6,5,1,0.16666666666666663,1,93.2416672247831,23.310416806195775,34.0,AC,residential
2025-07-13 14:44:00,8,Charging Station 8,28.52150897038029,77.08526206184365,6,3,3,0.5,1,50.04092350120587,12.510230875301467,99.0,AC,residential
2025-07-16 02:18:00,8,Charging Station 8,28.52150897038029,77.08526206184365,6,5,1,0.16666666666666663,0,0.0,0.0,86.0,AC,residential
2025-07-17 09:32:00,8,Charging Station 8,28.52150897038029,77.08526206184365,6,1,5,0.8333333333333334,2,183.4258082392257,45.85645205980642,77.0,AC,residential
2025-07-19 17:41:00,8,Charging Station 8,28.52150897038029,77.08526206184365,6,2,4,0.6666666666666667,0,0.0,0.0,41.0,AC,residential
2025-07-19 19:02:00,8,Charging Station 8,28.52150897038029,77.08526206184365,6,3,3,0.5,0,0.0,0.0,113.0,AC,residential
2025-07-21 14:44:00,8,Charging Station 8,28.52150897038029,77.08526206184365,6,2,4,0.6666666666666667,0,0.0,0.0,204.0,AC,residential
2025-07-22 06:20:00,8,Charging Station 8,28.52150897038029,77.08526206184365,6,5,1,0.16666666666666663,0,0.0,0.0,101.0,AC,residential
2025-07-25 05:08:00,8,Charging Station 8,28.52150897038029,77.08526206184365,6,6,0,0.0,0,0.0,0.0,71.0,AC,residential
2025-07-26 15:12:00,8,Charging Station 8,28.52150897038029,77.08526206184365,6,3,3,0.5,0,0.0,0.0,25.0,AC,residential
2025-08-06 08:39:00,8,Charging Station 8,28.52150897038029,77.08526206184365,6,2,4,0.6666666666666667,3,199.97355349511565,49.99338837377891,32.666666666666664,AC,residential
2025-08-07 14:29:00,8,Charging Station 8,28.52150897038029,77.08526206184365,6,2,4,0.6666666666666667,0,0.0,0.0,28.0,AC,residential
2025-08-09 14:34:00,8,Charging Station 8,28.52150897038029,77.08526206184365,6,3,3,0.5,1,14.618751353337899,3.6546878383344747,90.0,AC,residential
2025-08-11 02:21:00,8,Charging Station 8,28.52150897038029,77.08526206184365,6,5,1,0.16666666666666663,1,124.80116306195299,31.200290765488248,77.0,AC,residential
2025-08-11 20:35:00,8,Charging Station 8,28.52150897038029,77.08526206184365,6,1,5,0.8333333333333334,1,71.02740662061687,17.756851655154218,26.0,AC,residential
2025-08-12 02:48:00,8,Charging Station 8,28.52150897038029,77.08526206184365,6,6,0,0.0,0,0.0,0.0,62.0,AC,residential
2025-08-16 08:51:00,8,Charging Station 8,28.52150897038029,77.08526206184365,6,3,3,0.5,6,398.0261012240285,99.50652530600712,90.5,AC,residential
2025-08-16 17:30:00,8,Charging Station 8,28.52150897038029,77.08526206184365,6,2,4,0.6666666666666667,3,137.63890271738643,34.40972567934661,79.33333333333333,AC,residential
2025-08-17 20:27:00,8,Charging Station 8,28.52150897038029,77.08526206184365,6,3,3,0.5,2,100.00961261122757,25.00240315280689,156.0,AC,residential
2025-08-20 00:58:00,8,Charging Station 8,28.52150897038029,77.08526206184365,6,5,1,0.16666666666666663,1,87.33910957484228,21.83477739371057,75.0,AC,residential
2025-08-21 03:34:00,8,Charging Station 8,28.52150897038029,77.08526206184365,6,6,0,0.0,1,8.352746834403092,2.088186708600773,96.0,AC,residential
2025-08-21 09:39:00,8,Charging Station 8,28.52150897038029,77.08526206184365,6,1,5,0.8333333333333334,1,101.6076267025836,25.4019066756459,73.0,AC,residential
2025-08-21 14:49:00,8,Charging Station 8,28.52150897038029,77.08526206184365,6,2,4,0.6666666666666667,1,51.072061743895155,12.768015435973789,64.0,AC,residential
2025-08-21 22:49:00,8,Charging Station 8,28.52150897038029,77.08526206184365,6,4,2,0.33333333333333337,0,0.0,0.0,63.0,AC,residential
2025-08-27 02:10:00,8,Charging Station 8,28.52150897038029,77.08526206184365,6,6,0,0.0,0,0.0,0.0,89.0,AC,residential
2025-08-27 14:56:00,8,Charging Station 8,28.52150897038029,77.08526206184365,6,2,4,0.6666666666666667,0,0.0,0.0,116.0,AC,residential
2025-08-28 21:31:00,8,Charging Station 8,28.52150897038029,77.08526206184365,6,2,4,0.6666666666666667,3,406.12719447388366,101.53179861847092,133.66666666666666,AC,residential
2025-08-29 04:33:00,8,Charging Station 8,28.52150897038029,77.08526206184365,6,6,0,0.0,0,0.0,0.0,24.0,AC,residential
2025-08-31 03:52:00,8,Charging Station 8,28.52150897038029,77.08526206184365,6,6,0,0.0,0,0.0,0.0,180.0,AC,residential
2025-09-01 19:30:00,8,Charging Station 8,28.52150897038029,77.08526206184365,6,1,5,0.8333333333333334,1,29.141432344632033,7.285358086158008,31.0,AC,residential
2025-09-04 06:14:00,8,Charging Station 8,28.52150897038029,77.08526206184365,6,5,1,0.16666666666666663,0,0.0,0.0,223.0,AC,residential
2025-09-04 15:47:00,8,Charging Station 8,28.52150897038029,77.08526206184365,6,2,4,0.6666666666666667,1,52.6033148559657,13.150828713991425,116.0,AC,residential
2025-09-08 17:14:00,8,Charging Station 8,28.52150897038029,77.08526206184365,6,1,5,0.8333333333333334,1,5.365407738336863,1.3413519345842158,67.0,AC,residential
2025-09-08 17:34:00,8,Charging Station 8,28.52150897038029,77.08526206184365,6,1,5,0.8333333333333334,0,0.0,0.0,96.0,AC,residential
2025-09-09 02:39:00,8,Charging Station 8,28.52150897038029,77.08526206184365,6,6,0,0.0,0,0.0,0.0,265.0,AC,residential
2025-09-10 05:20:00,8,Charging Station 8,28.52150897038029,77.08526206184365,6,5,1,0.16666666666666663,3,135.46309871688655,33.86577467922164,124.33333333333333,AC,residential
2025-09-10 17:20:00,8,Charging Station 8,28.52150897038029,77.08526206184365,6,1,5,0.8333333333333334,1,106.90399400718506,26.725998501796266,115.0,AC,residential
2025-09-11 14:07:00,8,Charging Station 8,28.52150897038029,77.08526206184365,6,2,4,0.6666666666666667,0,0.0,0.0,32.0,AC,residential
2025-09-12 22:13:00,8,Charging Station 8,28.52150897038029,77.08526206184365,6,4,2,0.33333333333333337,0,0.0,0.0,57.0,AC,residential
2025-09-15 13:42:00,8,Charging Station 8,28.52150897038029,77.08526206184365,6,2,4,0.6666666666666667,3,102.35481588957342,25.588703972393354,78.0,AC,residential
2025-09-16 02:38:00,8,Charging Station 8,28.52150897038029,77.08526206184365,6,6,0,0.0,2,121.86897561840189,30.467243904600473,107.5,AC,residential
2025-09-17 14:17:00,8,Charging Station 8,28.52150897038029,77.08526206184365,6,2,4,0.6666666666666667,0,0.0,0.0,18.0,AC,residential
2025-09-18 02:56:00,8,Charging Station 8,28.52150897038029,77.08526206184365,6,6,0,0.0,0,0.0,0.0,67.0,AC,residential
2025-09-19 13:57:00,8,Charging Station 8,28.52150897038029,77.08526206184365,6,2,4,0.6666666666666667,0,0.0,0.0,69.0,AC,residential
2025-09-21 05:42:00,8,Charging Station 8,28.52150897038029,77.08526206184365,6,5,1,0.16666666666666663,0,0.0,0.0,111.0,AC,residential
2025-09-24 08:48:00,8,Charging Station 8,28.52150897038029,77.08526206184365,6,2,4,0.6666666666666667,1,64.68785716569177,16.171964291422942,42.0,AC,residential
2025-09-30 03:02:00,8,Charging Station 8,28.52150897038029,77.08526206184365,6,6,0,0.0,0,0.0,0.0,59.0,AC,residential
2025-09-30 14:56:00,8,Charging Station 8,28.52150897038029,77.08526206184365,6,2,4,0.6666666666666667,1,69.34239395796668,17.33559848949167,51.0,AC,residential
2025-10-01 23:20:00,8,Charging Station 8,28.52150897038029,77.08526206184365,6,5,1,0.16666666666666663,1,81.52940990937448,20.38235247734362,110.0,AC,residential
2025-10-02 06:57:00,8,Charging Station 8,28.52150897038029,77.08526206184365,6,4,2,0.33333333333333337,1,38.019168396448094,9.504792099112024,114.0,AC,residential
2025-10-08 01:19:00,8,Charging Station 8,28.52150897038029,77.08526206184365,6,6,0,0.0,0,0.0,0.0,26.0,AC,residential
2025-10-09 07:34:00,8,Charging Station 8,28.52150897038029,77.08526206184365,6,4,2,0.33333333333333337,2,240.37650269904083,60.09412567476021,58.5,AC,residential
2025-10-10 19:13:00,8,Charging Station 8,28.52150897038029,77.08526206184365,6,1,5,0.8333333333333334,0,0.0,0.0,91.0,AC,residential
2025-10-10 19:31:00,8,Charging Station 8,28.52150897038029,77.08526206184365,6,1,5,0.8333333333333334,0,0.0,0.0,86.0,AC,residential
2025-10-11 19:49:00,8,Charging Station 8,28.52150897038029,77.08526206184365,6,2,4,0.6666666666666667,1,67.57890141970559,16.894725354926397,48.0,AC,residential
2025-10-13 13:33:00,8,Charging Station 8,28.52150897038029,77.08526206184365,6,2,4,0.6666666666666667,0,0.0,0.0,117.0,AC,residential
2025-10-17 01:19:00,8,Charging Station 8,28.52150897038029,77.08526206184365,6,5,1,0.16666666666666663,0,0.0,0.0,152.0,AC,residential
2025-10-18 10:33:00,8,Charging Station 8,28.52150897038029,77.08526206184365,6,2,4,0.6666666666666667,1,39.36370948013678,9.840927370034194,40.0,AC,residential
2025-10-18 18:08:00,8,Charging Station 8,28.52150897038029,77.08526206184365,6,2,4,0.6666666666666667,3,356.45252272061464,89.11313068015366,34.0,AC,residential
2025-10-19 11:48:00,8,Charging Station 8,28.52150897038029,77.08526206184365,6,3,3,0.5,0,0.0,0.0,241.0,AC,residential
2025-10-20 04:38:00,8,Charging Station 8,28.52150897038029,77.08526206184365,6,6,0,0.0,0,0.0,0.0,46.0,AC,residential
2025-10-26 08:27:00,8,Charging Station 8,28.52150897038029,77.08526206184365,6,3,3,0.5,2,75.12008651621987,18.780021629054968,69.0,AC,residential
2025-10-27 05:26:00,8,Charging Station 8,28.52150897038029,77.08526206184365,6,5,1,0.16666666666666663,0,0.0,0.0,102.0,AC,residential
2025-10-31 17:19:00,8,Charging Station 8,28.52150897038029,77.08526206184365,6,1,5,0.8333333333333334,0,0.0,0.0,110.0,AC,residential
2025-11-01 08:33:00,8,Charging Station 8,28.52150897038029,77.08526206184365,6,3,3,0.5,1,70.01924125869911,17.504810314674778,63.0,AC,residential
2025-11-01 15:20:00,8,Charging Station 8,28.52150897038029,77.08526206184365,6,3,3,0.5,1,20.61871620079878,5.154679050199695,62.0,AC,residential
2025-11-06 00:06:00,8,Charging Station 8,28.52150897038029,77.08526206184365,6,6,0,0.0,0,0.0,0.0,245.0,AC,residential
2025-11-06 08:14:00,8,Charging Station 8,28.52150897038029,77.08526206184365,6,2,4,0.6666666666666667,6,321.212935477228,80.303233869307,118.5,AC,residential
2025-11-07 17:30:00,8,Charging Station 8,28.52150897038029,77.08526206184365,6,1,5,0.8333333333333334,1,78.5422007933412,19.6355501983353,18.0,AC,residential
2025-11-08 08:56:00,8,Charging Station 8,28.52150897038029,77.08526206184365,6,2,4,0.6666666666666667,3,176.3251028625626,44.08127571564065,24.0,AC,residential
2025-11-11 08:32:00,8,Charging Station 8,28.52150897038029,77.08526206184365,6,2,4,0.6666666666666667,1,54.037900141098966,13.509475035274741,82.0,AC,residential
2025-11-11 15:27:00,8,Charging Station 8,28.52150897038029,77.08526206184365,6,2,4,0.6666666666666667,0,0.0,0.0,39.0,AC,residential
2025-11-11 18:25:00,8,Charging Station 8,28.52150897038029,77.08526206184365,6,1,5,0.8333333333333334,3,77.19504197493778,19.298760493734445,114.33333333333333,AC,residential
2025-11-12 00:12:00,8,Charging Station 8,28.52150897038029,77.08526206184365,6,6,0,0.0,0,0.0,0.0,51.0,AC,residential
2025-11-12 12:29:00,8,Charging Station 8,28.52150897038029,77.08526206184365,6,2,4,0.6666666666666667,0,0.0,0.0,102.0,AC,residential
2025-11-23 07:32:00,8,Charging Station 8,28.52150897038029,77.08526206184365,6,5,1,0.16666666666666663,1,226.60286531783152,56.65071632945788,133.0,AC,residential
2025-11-23 14:38:00,8,Charging Station 8,28.52150897038029,77.08526206184365,6,4,2,0.33333333333333337,1,10.123329589253,2.53083239731325,41.0,AC,residential
2025-11-26 20:37:00,8,Charging Station 8,28.52150897038029,77.08526206184365,6,1,5,0.8333333333333334,0,0.0,0.0,17.0,AC,residential
2025-11-28 01:12:00,8,Charging Station 8,28.52150897038029,77.08526206184365,6,6,0,0.0,1,75.48741774236801,18.871854435592002,68.0,AC,residential
2025-11-28 14:48:00,8,Charging Station 8,28.52150897038029,77.08526206184365,6,2,4,0.6666666666666667,0,0.0,0.0,105.0,AC,residential
2025-12-01 13:24:00,8,Charging Station 8,28.52150897038029,77.08526206184365,6,2,4,0.6666666666666667,0,0.0,0.0,44.0,AC,residential
2025-12-03 20:11:00,8,Charging Station 8,28.52150897038029,77.08526206184365,6,2,4,0.6666666666666667,1,9.109176311943898,2.2772940779859745,100.0,AC,residential
2025-12-05 07:53:00,8,Charging Station 8,28.52150897038029,77.08526206184365,6,3,3,0.5,1,89.34314462571224,22.33578615642806,66.0,AC,residential
2025-12-06 01:55:00,8,Charging Station 8,28.52150897038029,77.08526206184365,6,6,0,0.0,0,0.0,0.0,85.0,AC,residential
2025-12-06 10:48:00,8,Charging Station 8,28.52150897038029,77.08526206184365,6,3,3,0.5,0,0.0,0.0,95.0,AC,residential
2025-12-08 15:02:00,8,Charging Station 8,28.52150897038029,77.08526206184365,6,1,5,0.8333333333333334,2,102.64191911843156,25.66047977960789,32.5,AC,residential
2025-12-09 00:43:00,8,Charging Station 8,28.52150897038029,77.08526206184365,6,6,0,0.0,1,197.20672665791005,49.30168166447751,57.0,AC,residential
2025-12-10 05:14:00,8,Charging Station 8,28.52150897038029,77.08526206184365,6,6,0,0.0,0,0.0,0.0,33.0,AC,residential
2025-12-10 15:40:00,8,Charging Station 8,28.52150897038029,77.08526206184365,6,2,4,0.6666666666666667,0,0.0,0.0,74.0,AC,residential
2025-12-11 04:20:00,8,Charging Station 8,28.52150897038029,77.08526206184365,6,6,0,0.0,1,8.83115935897915,2.2077898397447875,20.0,AC,residential
2025-12-11 19:28:00,8,Charging Station 8,28.52150897038029,77.08526206184365,6,1,5,0.8333333333333334,0,0.0,0.0,40.0,AC,residential
2025-12-12 08:54:00,8,Charging Station 8,28.52150897038029,77.08526206184365,6,2,4,0.6666666666666667,2,132.39450283023982,33.098625707559954,191.0,AC,residential
2025-12-14 09:15:00,8,Charging Station 8,28.52150897038029,77.08526206184365,6,3,3,0.5,0,0.0,0.0,18.0,AC,residential
2025-12-15 07:52:00,8,Charging Station 8,28.52150897038029,77.08526206184365,6,4,2,0.33333333333333337,1,33.97587767896362,8.493969419740905,36.0,AC,residential
2025-12-15 11:32:00,8,Charging Station 8,28.52150897038029,77.08526206184365,6,1,5,0.8333333333333334,0,0.0,0.0,55.0,AC,residential
2025-12-17 19:22:00,8,Charging Station 8,28.52150897038029,77.08526206184365,6,1,5,0.8333333333333334,2,101.11022781124106,25.277556952810265,59.0,AC,residential
2025-12-18 22:53:00,8,Charging Station 8,28.52150897038029,77.08526206184365,6,3,3,0.5,2,130.94660366270784,32.73665091567696,103.5,AC,residential
2025-12-19 03:58:00,8,Charging Station 8,28.52150897038029,77.08526206184365,6,6,0,0.0,0,0.0,0.0,116.0,AC,residential
2025-12-20 07:31:00,8,Charging Station 8,28.52150897038029,77.08526206184365,6,4,2,0.33333333333333337,1,31.69650770926684,7.92412692731671,40.0,AC,residential
2025-12-21 18:33:00,8,Charging Station 8,28.52150897038029,77.08526206184365,6,3,3,0.5,0,0.0,0.0,42.0,AC,residential
2025-12-22 08:27:00,8,Charging Station 8,28.52150897038029,77.08526206184365,6,2,4,0.6666666666666667,0,0.0,0.0,258.0,AC,residential
2025-12-25 08:58:00,8,Charging Station 8,28.52150897038029,77.08526206184365,6,2,4,0.6666666666666667,3,216.67993680394454,54.169984200986136,46.0,AC,residential
2025-12-25 13:31:00,8,Charging Station 8,28.52150897038029,77.08526206184365,6,3,3,0.5,0,0.0,0.0,110.0,AC,residential
2025-12-26 09:11:00,8,Charging Station 8,28.52150897038029,77.08526206184365,6,1,5,0.8333333333333334,0,0.0,0.0,24.0,AC,residential
2025-12-26 12:22:00,8,Charging Station 8,28.52150897038029,77.08526206184365,6,2,4,0.6666666666666667,0,0.0,0.0,46.0,AC,residential
2025-12-26 13:45:00,8,Charging Station 8,28.52150897038029,77.08526206184365,6,2,4,0.6666666666666667,0,0.0,0.0,27.0,AC,residential
2025-12-27 14:27:00,8,Charging Station 8,28.52150897038029,77.08526206184365,6,3,3,0.5,0,0.0,0.0,117.0,AC,residential
2025-12-27 17:37:00,8,Charging Station 8,28.52150897038029,77.08526206184365,6,2,4,0.6666666666666667,0,0.0,0.0,40.0,AC,residential
2025-01-01 20:11:00,9,Charging Station 9,28.512657643569106,77.19270825126996,6,2,4,0.6666666666666667,1,53.68646224826912,13.42161556206728,28.0,AC,parking
2025-01-05 16:55:00,9,Charging Station 9,28.512657643569106,77.19270825126996,6,3,3,0.5,1,120.80378321054602,30.200945802636504,221.0,AC,parking
2025-01-10 00:06:00,9,Charging Station 9,28.512657643569106,77.19270825126996,6,5,1,0.16666666666666663,0,0.0,0.0,18.0,AC,parking
2025-01-14 20:58:00,9,Charging Station 9,28.512657643569106,77.19270825126996,6,2,4,0.6666666666666667,1,249.97589417499532,62.49397354374883,77.0,AC,parking
2025-01-15 00:31:00,9,Charging Station 9,28.512657643569106,77.19270825126996,6,6,0,0.0,0,0.0,0.0,100.0,AC,parking
2025-01-15 11:20:00,9,Charging Station 9,28.512657643569106,77.19270825126996,6,2,4,0.6666666666666667,0,0.0,0.0,91.0,AC,parking
2025-01-16 15:33:00,9,Charging Station 9,28.512657643569106,77.19270825126996,6,2,4,0.6666666666666667,1,33.63778723378978,8.409446808447445,68.0,AC,parking
2025-01-16 17:23:00,9,Charging Station 9,28.512657643569106,77.19270825126996,6,1,5,0.8333333333333334,0,0.0,0.0,66.0,AC,parking
2025-01-19 08:20:00,9,Charging Station 9,28.512657643569106,77.19270825126996,6,4,2,0.33333333333333337,0,0.0,0.0,21.0,AC,parking
2025-01-19 12:23:00,9,Charging Station 9,28.512657643569106,77.19270825126996,6,4,2,0.33333333333333337,1,81.80056290305862,20.450140725764655,27.0,AC,parking
2025-01-22 05:30:00,9,Charging Station 9,28.512657643569106,77.19270825126996,6,5,1,0.16666666666666663,0,0.0,0.0,72.0,AC,parking
2025-01-22 13:30:00,9,Charging Station 9,28.512657643569106,77.19270825126996,6,2,4,0.6666666666666667,0,0.0,0.0,98.0,AC,parking
2025-01-23 06:55:00,9,Charging Station 9,28.512657643569106,77.19270825126996,6,5,1,0.16666666666666663,2,131.9647373099384,32.9911843274846,114.0,AC,parking
2025-01-28 11:02:00,9,Charging Station 9,28.512657643569106,77.19270825126996,6,1,5,0.8333333333333334,0,0.0,0.0,110.0,AC,parking
2025-01-29 10:27:00,9,Charging Station 9,28.512657643569106,77.19270825126996,6,1,5,0.8333333333333334,0,0.0,0.0,81.0,AC,parking
2025-02-02 00:50:00,9,Charging Station 9,28.512657643569106,77.19270825126996,6,5,1,0.16666666666666663,1,80.91585487678651,20.228963719196628,42.0,AC,parking
2025-02-03 10:00:00,9,Charging Station 9,28.512657643569106,77.19270825126996,6,1,5,0.8333333333333334,1,83.44339098520234,20.860847746300585,77.0,AC,parking
2025-02-03 17:21:00,9,Charging Station 9,28.512657643569106,77.19270825126996,6,1,5,0.8333333333333334,0,0.0,0.0,21.0,AC,parking
2025-02-04 10:43:00,9,Charging Station 9,28.512657643569106,77.19270825126996,6,1,5,0.8333333333333334,0,0.0,0.0,33.0,AC,parking
2025-02-04 22:19:00,9,Charging Station 9,28.512657643569106,77.19270825126996,6,3,3,0.5,2,162.9951517454677,40.748787936366924,97.0,AC,parking
2025-02-07 09:23:00,9,Charging Station 9,28.512657643569106,77.19270825126996,6,1,5,0.8333333333333334,0,0.0,0.0,79.0,AC,parking
2025-02-08 01:14:00,9,Charging Station 9,28.512657643569106,77.19270825126996,6,6,0,0.0,0,0.0,0.0,62.0,AC,parking
2025-02-08 18:03:00,9,Charging Station 9,28.512657643569106,77.19270825126996,6,2,4,0.6666666666666667,4,217.78718744627378,54.446796861568444,159.0,AC,parking
2025-02-11 20:39:00,9,Charging Station 9,28.512657643569106,77.19270825126996,6,1,5,0.8333333333333334,2,82.3002051263779,20.575051281594476,92.5,AC,parking
2025-02-12 21:17:00,9,Charging Station 9,28.512657643569106,77.19270825126996,6,2,4,0.6666666666666667,2,28.180824114047155,7.045206028511789,84.5,AC,parking
2025-02-13 07:23:00,9,Charging Station 9,28.512657643569106,77.19270825126996,6,4,2,0.33333333333333337,0,0.0,0.0,61.0,AC,parking
2025-02-13 16:44:00,9,Charging Station 9,28.512657643569106,77.19270825126996,6,1,5,0.8333333333333334,0,0.0,0.0,113.0,AC,parking
2025-02-14 15:18:00,9,Charging Station 9,28.512657643569106,77.19270825126996,6,1,5,0.8333333333333334,0,0.0,0.0,81.0,AC,parking
2025-02-16 15:42:00,9,Charging Station 9,28.512657643569106,77.19270825126996,6,3,3,0.5,2,75.08626426354837,18.771566065887093,119.0,AC,parking
2025-02-18 00:40:00,9,Charging Station 9,28.512657643569106,77.19270825126996,6,5,1,0.16666666666666663,0,0.0,0.0,27.0,AC,parking
2025-02-18 01:10:00,9,Charging Station 9,28.512657643569106,77.19270825126996,6,6,0,0.0,0,0.0,0.0,63.0,AC,parking
2025-02-18 03:19:00,9,Charging Station 9,28.512657643569106,77.19270825126996,6,6,0,0.0,1,102.77977380088562,25.694943450221405,29.0,AC,parking
2025-02-18 20:13:00,9,Charging Station 9,28.512657643569106,77.19270825126996,6,2,4,0.6666666666666667,0,0.0,0.0,170.0,AC,parking
2025-02-19 06:08:00,9,Charging Station 9,28.512657643569106,77.19270825126996,6,5,1,0.16666666666666663,0,0.0,0.0,47.0,AC,parking
2025-02-23 15:34:00,9,Charging Station 9,28.512657643569106,77.19270825126996,6,3,3,0.5,0,0.0,0.0,25.0,AC,parking
2025-02-26 04:30:00,9,Charging Station 9,28.512657643569106,77.19270825126996,6,5,1,0.16666666666666663,0,0.0,0.0,76.0,AC,parking
2025-02-26 22:07:00,9,Charging Station 9,28.512657643569106,77.19270825126996,6,4,2,0.33333333333333337,0,0.0,0.0,218.0,AC,parking
2025-02-27 03:24:00,9,Charging Station 9,28.512657643569106,77.19270825126996,6,5,1,0.16666666666666663,0,0.0,0.0,20.0,AC,parking
2025-03-06 03:49:00,9,Charging Station 9,28.512657643569106,77.19270825126996,6,6,0,0.0,2,101.27648611054576,25.31912152763644,144.5,AC,parking
2025-03-07 11:21:00,9,Charging Station 9,28.512657643569106,77.19270825126996,6,2,4,0.6666666666666667,1,103.04809865406888,25.76202466351722,67.0,AC,parking
2025-03-09 16:42:00,9,Charging Station 9,28.512657643569106,77.19270825126996,6,2,4,0.6666666666666667,0,0.0,0.0,47.0,AC,parking
2025-03-11 15:23:00,9,Charging Station 9,28.512657643569106,77.19270825126996,6,2,4,0.6666666666666667,0,0.0,0.0,104.0,AC,parking
2025-03-12 07:49:00,9,Charging Station 9,28.512657643569106,77.19270825126996,6,3,3,0.5,0,0.0,0.0,102.0,AC,parking
2025-03-14 06:19:00,9,Charging Station 9,28.512657643569106,77.19270825126996,6,4,2,0.33333333333333337,1,95.66427853960926,23.916069634902314,48.0,AC,parking
2025-03-17 11:57:00,9,Charging Station 9,28.512657643569106,77.19270825126996,6,1,5,0.8333333333333334,1,102.53838700602833,25.634596751507083,46.0,AC,parking
2025-03-18 08:57:00,9,Charging Station 9,28.512657643569106,77.19270825126996,6,2,4,0.6666666666666667,1,61.3772123950654,15.34430309876635,28.0,AC,parking
2025-03-22 06:17:00,9,Charging Station 9,28.512657643569106,77.19270825126996,6,5,1,0.16666666666666663,1,107.54087142608086,26.885217856520214,163.0,AC,parking
2025-03-22 21:59:00,9,Charging Station 9,28.512657643569106,77.19270825126996,6,4,2,0.33333333333333337,2,36.66585018598195,9.166462546495488,79.5,AC,parking
2025-03-22 22:49:00,9,Charging Station 9,28.512657643569106,77.19270825126996,6,4,2,0.33333333333333337,0,0.0,0.0,22.0,AC,parking
2025-03-23 08:03:00,9,Charging Station 9,28.512657643569106,77.19270825126996,6,3,3,0.5,3,290.8625478711214,72.71563696778036,89.66666666666667,AC,parking
2025-03-23 08:48:00,9,Charging Station 9,28.512657643569106,77.19270825126996,6,3,3,0.5,0,0.0,0.0,110.0,AC,parking
2025-03-26 05:21:00,9,Charging Station 9,28.512657643569106,77.19270825126996,6,6,0,0.0,1,118.49172325792286,29.622930814480714,50.0,AC,parking
2025-03-29 21:56:00,9,Charging Station 9,28.512657643569106,77.19270825126996,6,3,3,0.5,0,0.0,0.0,88.0,AC,parking
2025-03-31 02:06:00,9,Charging Station 9,28.512657643569106,77.19270825126996,6,6,0,0.0,0,0.0,0.0,110.0,AC,parking
2025-04-04 22:19:00,9,Charging Station 9,28.512657643569106,77.19270825126996,6,4,2,0.33333333333333337,0,0.0,0.0,99.0,AC,parking
2025-04-05 16:40:00,9,Charging Station 9,28.512657643569106,77.19270825126996,6,2,4,0.6666666666666667,0,0.0,0.0,86.0,AC,parking
2025-04-06 08:41:00,9,Charging Station 9,28.512657643569106,77.19270825126996,6,3,3,0.5,0,0.0,0.0,117.0,AC,parking
2025-04-08 11:02:00,9,Charging Station 9,28.512657643569106,77.19270825126996,6,2,4,0.6666666666666667,0,0.0,0.0,24.0,AC,parking
2025-04-14 08:31:00,9,Charging Station 9,28.512657643569106,77.19270825126996,6,1,5,0.8333333333333334,1,123.70883146489267,30.927207866223167,111.0,AC,parking
2025-04-19 04:09:00,9,Charging Station 9,28.512657643569106,77.19270825126996,6,6,0,0.0,0,0.0,0.0,109.0,AC,parking
2025-04-22 03:17:00,9,Charging Station 9,28.512657643569106,77.19270825126996,6,6,0,0.0,0,0.0,0.0,17.0,AC,parking
2025-04-24 07:30:00,9,Charging Station 9,28.512657643569106,77.19270825126996,6,3,3,0.5,0,0.0,0.0,84.0,AC,parking
2025-04-25 06:51:00,9,Charging Station 9,28.512657643569106,77.19270825126996,6,5,1,0.16666666666666663,1,39.58716171006829,9.896790427517072,29.0,AC,parking
2025-05-02 20:14:00,9,Charging Station 9,28.512657643569106,77.19270825126996,6,2,4,0.6666666666666667,1,90.28204353823368,22.57051088455842,103.0,AC,parking
2025-05-10 13:54:00,9,Charging Station 9,28.512657643569106,77.19270825126996,6,3,3,0.5,1,92.58902311072414,23.147255777681035,89.0,AC,parking
2025-05-10 19:57:00,9,Charging Station 9,28.512657643569106,77.19270825126996,6,2,4,0.6666666666666667,0,0.0,0.0,81.0,AC,parking
2025-05-12 03:07:00,9,Charging Station 9,28.512657643569106,77.19270825126996,6,6,0,0.0,0,0.0,0.0,259.0,AC,parking
2025-05-13 10:11:00,9,Charging Station 9,28.512657643569106,77.19270825126996,6,1,5,0.8333333333333334,2,115.10412966861882,28.776032417154706,79.5,AC,parking
2025-05-13 13:04:00,9,Charging Station 9,28.512657643569106,77.19270825126996,6,3,3,0.5,0,0.0,0.0,90.0,AC,parking
2025-05-13 20:54:00,9,Charging Station 9,28.512657643569106,77.19270825126996,6,2,4,0.6666666666666667,1,22.11202693685276,5.52800673421319,89.0,AC,parking
2025-05-14 20:32:00,9,Charging Station 9,28.512657643569106,77.19270825126996,6,2,4,0.6666666666666667,2,62.36659335159428,15.59164833789857,64.5,AC,parking
2025-05-15 20:00:00,9,Charging Station 9,28.512657643569106,77.19270825126996,6,2,4,0.6666666666666667,0,0.0,0.0,76.0,AC,parking
2025-05-16 13:01:00,9,Charging Station 9,28.512657643569106,77.19270825126996,6,2,4,0.6666666666666667,0,0.0,0.0,18.0,AC,parking
2025-05-16 14:39:00,9,Charging Station 9,28.512657643569106,77.19270825126996,6,3,3,0.5,1,131.37145203749645,32.84286300937411,109.0,AC,parking
2025-05-18 10:19:00,9,Charging Station 9,28.512657643569106,77.19270825126996,6,2,4,0.6666666666666667,0,0.0,0.0,106.0,AC,parking
2025-05-18 17:22:00,9,Charging Station 9,28.512657643569106,77.19270825126996,6,3,3,0.5,0,0.0,0.0,110.0,AC,parking
2025-05-22 12:14:00,9,Charging Station 9,28.512657643569106,77.19270825126996,6,2,4,0.6666666666666667,3,99.79315917105154,24.948289792762885,49.333333333333336,AC,parking
2025-05-22 14:51:00,9,Charging Station 9,28.512657643569106,77.19270825126996,6,2,4,0.6666666666666667,0,0.0,0.0,124.0,AC,parking
2025-05-24 03:10:00,9,Charging Station 9,28.512657643569106,77.19270825126996,6,6,0,0.0,2,121.454619581204,30.363654895301,88.0,AC,parking
2025-05-26 02:17:00,9,Charging Station 9,28.512657643569106,77.19270825126996,6,6,0,0.0,1,6.427428085907126,1.6068570214767814,101.0,AC,parking
2025-05-26 14:00:00,9,Charging Station 9,28.512657643569106,77.19270825126996,6,2,4,0.6666666666666667,0,0.0,0.0,26.0,AC,parking
2025-06-03 20:07:00,9,Charging Station 9,28.512657643569106,77.19270825126996,6,1,5,0.8333333333333334,1,89.7256628475281,22.431415711882025,67.0,AC,parking
2025-06-07 10:58:00,9,Charging Station 9,28.512657643569106,77.19270825126996,6,3,3,0.5,0,0.0,0.0,197.0,AC,parking
2025-06-08 14:42:00,9,Charging Station 9,28.512657643569106,77.19270825126996,6,4,2,0.33333333333333337,0,0.0,0.0,17.0,AC,parking
2025-06-11 15:08:00,9,Charging Station 9,28.512657643569106,77.19270825126996,6,2,4,0.6666666666666667,1,38.44162501715547,9.610406254288867,23.0,AC,parking
2025-06-12 03:41:00,9,Charging Station 9,28.512657643569106,77.19270825126996,6,6,0,0.0,0,0.0,0.0,116.0,AC,parking
2025-06-16 09:25:00,9,Charging Station 9,28.512657643569106,77.19270825126996,6,1,5,0.8333333333333334,0,0.0,0.0,76.0,AC,parking
2025-06-22 07:21:00,9,Charging Station 9,28.512657643569106,77.19270825126996,6,4,2,0.33333333333333337,1,89.3752191241683,22.343804781042074,81.0,AC,parking
2025-06-25 14:37:00,9,Charging Station 9,28.512657643569106,77.19270825126996,6,2,4,0.6666666666666667,1,55.26041345378043,13.815103363445107,27.0,AC,parking
2025-06-28 09:45:00,9,Charging Station 9,28.512657643569106,77.19270825126996,6,3,3,0.5,0,0.0,0.0,57.0,AC,parking
2025-06-29 10:27:00,9,Charging Station 9,28.512657643569106,77.19270825126996,6,3,3,0.5,0,0.0,0.0,241.0,AC,parking
2025-06-29 14:33:00,9,Charging Station 9,28.512657643569106,77.19270825126996,6,4,2,0.33333333333333337,1,72.45899521673286,18.114748804183215,98.0,AC,parking
2025-07-03 22:17:00,9,Charging Station 9,28.512657643569106,77.19270825126996,6,4,2,0.33333333333333337,0,0.0,0.0,87.0,AC,parking
2025-07-06 06:42:00,9,Charging Station 9,28.512657643569106,77.19270825126996,6,6,0,0.0,1,82.34863795960918,20.587159489902294,36.0,AC,parking
2025-07-06 11:48:00,9,Charging Station 9,28.512657643569106,77.19270825126996,6,3,3,0.5,0,0.0,0.0,246.0,AC,parking
2025-07-09 14:19:00,9,Charging Station 9,28.512657643569106,77.19270825126996,6,2,4,0.6666666666666667,0,0.0,0.0,39.0,AC,parking
2025-07-09 17:24:00,9,Charging Station 9,28.512657643569106,77.19270825126996,6,0,6,1.0,1,63.97483813381421,15.993709533453552,92.0,AC,parking
2025-07-11 20:56:00,9,Charging Station 9,28.512657643569106,77.19270825126996,6,2,4,0.6666666666666667,0,0.0,0.0,47.0,AC,parking
2025-07-11 22:44:00,9,Charging Station 9,28.512657643569106,77.19270825126996,6,3,3,0.5,0,0.0,0.0,50.0,AC,parking
2025-07-16 23:15:00,9,Charging Station 9,28.512657643569106,77.19270825126996,6,5,1,0.16666666666666663,1,298.7405306500381,74.68513266250953,45.0,AC,parking
2025-07-17 22:24:00,9,Charging Station 9,28.512657643569106,77.19270825126996,6,4,2,0.33333333333333337,1,41.013525121355435,10.253381280338859,75.0,AC,parking
2025-07-18 10:32:00,9,Charging Station 9,28.512657643569106,77.19270825126996,6,1,5,0.8333333333333334,0,0.0,0.0,253.0,AC,parking
2025-07-19 09:16:00,9,Charging Station 9,28.512657643569106,77.19270825126996,6,3,3,0.5,0,0.0,0.0,44.0,AC,parking
2025-07-21 00:13:00,9,Charging Station 9,28.512657643569106,77.19270825126996,6,5,1,0.16666666666666663,1,96.56097217883408,24.14024304470852,155.0,AC,parking
2025-07-21 10:10:00,9,Charging Station 9,28.512657643569106,77.19270825126996,6,1,5,0.8333333333333334,0,0.0,0.0,31.0,AC,parking
2025-07-27 14:35:00,9,Charging Station 9,28.512657643569106,77.19270825126996,6,3,3,0.5,0,0.0,0.0,33.0,AC,parking
2025-07-31 01:15:00,9,Charging Station 9,28.512657643569106,77.19270825126996,6,5,1,0.16666666666666663,2,80.21166355191357,20.052915887978394,66.5,AC,parking
2025-08-07 22:27:00,9,Charging Station 9,28.512657643569106,77.19270825126996,6,4,2,0.33333333333333337,0,0.0,0.0,91.0,AC,parking
2025-08-09 06:11:00,9,Charging Station 9,28.512657643569106,77.19270825126996,6,6,0,0.0,0,0.0,0.0,97.0,AC,parking
2025-08-10 14:01:00,9,Charging Station 9,28.512657643569106,77.19270825126996,6,3,3,0.5,0,0.0,0.0,37.0,AC,parking
2025-08-13 06:49:00,9,Charging Station 9,28.512657643569106,77.19270825126996,6,4,2,0.33333333333333337,0,0.0,0.0,66.0,AC,parking
2025-08-16 17:27:00,9,Charging Station 9,28.512657643569106,77.19270825126996,6,3,3,0.5,0,0.0,0.0,51.0,AC,parking
2025-08-17 13:14:00,9,Charging Station 9,28.512657643569106,77.19270825126996,6,3,3,0.5,1,63.065557003516005,15.766389250879001,17.0,AC,parking
2025-08-17 14:07:00,9,Charging Station 9,28.512657643569106,77.19270825126996,6,3,3,0.5,0,0.0,0.0,15.0,AC,parking
2025-08-18 14:21:00,9,Charging Station 9,28.512657643569106,77.19270825126996,6,2,4,0.6666666666666667,1,38.478404136051196,9.619601034012799,71.0,AC,parking
2025-08-22 10:04:00,9,Charging Station 9,28.512657643569106,77.19270825126996,6,1,5,0.8333333333333334,0,0.0,0.0,76.0,AC,parking
2025-08-23 03:17:00,9,Charging Station 9,28.512657643569106,77.19270825126996,6,6,0,0.0,0,0.0,0.0,56.0,AC,parking
2025-08-24 20:54:00,9,Charging Station 9,28.512657643569106,77.19270825126996,6,3,3,0.5,2,73.71177610263531,18.427944025658828,72.5,AC,parking
2025-08-26 02:28:00,9,Charging Station 9,28.512657643569106,77.19270825126996,6,6,0,0.0,0,0.0,0.0,262.0,AC,parking
2025-09-03 09:42:00,9,Charging Station 9,28.512657643569106,77.19270825126996,6,1,5,0.8333333333333334,0,0.0,0.0,86.0,AC,parking
2025-09-07 23:22:00,9,Charging Station 9,28.512657643569106,77.19270825126996,6,5,1,0.16666666666666663,2,46.927613652284506,11.731903413071127,106.5,AC,parking
2025-09-08 18:24:00,9,Charging Station 9,28.512657643569106,77.19270825126996,6,1,5,0.8333333333333334,2,132.6911281890829,33.17278204727072,141.5,AC,parking
2025-09-11 18:54:00,9,Charging Station 9,28.512657643569106,77.19270825126996,6,1,5,0.8333333333333334,1,151.90366772470625,37.97591693117656,140.0,AC,parking
2025-09-12 22:13:00,9,Charging Station 9,28.512657643569106,77.19270825126996,6,4,2,0.33333333333333337,0,0.0,0.0,39.0,AC,parking
2025-09-13 04:35:00,9,Charging Station 9,28.512657643569106,77.19270825126996,6,6,0,0.0,1,77.89798545457296,19.47449636364324,25.0,AC,parking
2025-09-13 05:46:00,9,Charging Station 9,28.512657643569106,77.19270825126996,6,6,0,0.0,0,0.0,0.0,228.0,AC,parking
2025-09-13 07:57:00,9,Charging Station 9,28.512657643569106,77.19270825126996,6,4,2,0.33333333333333337,0,0.0,0.0,243.0,AC,parking
2025-09-14 13:40:00,9,Charging Station 9,28.512657643569106,77.19270825126996,6,3,3,0.5,1,69.31802770604698,17.329506926511744,79.0,AC,parking
2025-09-16 16:34:00,9,Charging Station 9,28.512657643569106,77.19270825126996,6,1,5,0.8333333333333334,0,0.0,0.0,42.0,AC,parking
2025-09-16 21:19:00,9,Charging Station 9,28.512657643569106,77.19270825126996,6,2,4,0.6666666666666667,0,0.0,0.0,65.0,AC,parking
2025-09-16 21:39:00,9,Charging Station 9,28.512657643569106,77.19270825126996,6,2,4,0.6666666666666667,0,0.0,0.0,32.0,AC,parking
2025-09-17 10:58:00,9,Charging Station 9,28.512657643569106,77.19270825126996,6,1,5,0.8333333333333334,0,0.0,0.0,16.0,AC,parking
2025-09-23 17:34:00,9,Charging Station 9,28.512657643569106,77.19270825126996,6,1,5,0.8333333333333334,0,0.0,0.0,88.0,AC,parking
2025-09-24 17:37:00,9,Charging Station 9,28.512657643569106,77.19270825126996,6,1,5,0.8333333333333334,1,11.542940892137063,2.8857352230342657,60.0,AC,parking
2025-09-26 11:59:00,9,Charging Station 9,28.512657643569106,77.19270825126996,6,1,5,0.8333333333333334,0,0.0,0.0,208.0,AC,parking
2025-09-29 18:12:00,9,Charging Station 9,28.512657643569106,77.19270825126996,6,1,5,0.8333333333333334,1,214.4303269433597,53.60758173583992,59.0,AC,parking
2025-10-01 18:50:00,9,Charging Station 9,28.512657643569106,77.19270825126996,6,1,5,0.8333333333333334,2,249.25325977204523,62.31331494301131,40.0,AC,parking
2025-10-01 19:43:00,9,Charging Station 9,28.512657643569106,77.19270825126996,6,0,6,1.0,0,0.0,0.0,198.0,AC,parking
2025-10-02 13:06:00,9,Charging Station 9,28.512657643569106,77.19270825126996,6,2,4,0.6666666666666667,0,0.0,0.0,114.0,AC,parking
2025-10-02 23:35:00,9,Charging Station 9,28.512657643569106,77.19270825126996,6,5,1,0.16666666666666663,2,115.84717198126549,28.961792995316372,39.0,AC,parking
2025-10-08 04:49:00,9,Charging Station 9,28.512657643569106,77.19270825126996,6,6,0,0.0,0,0.0,0.0,190.0,AC,parking
2025-10-12 12:58:00,9,Charging Station 9,28.512657643569106,77.19270825126996,6,3,3,0.5,0,0.0,0.0,97.0,AC,parking
2025-10-13 00:01:00,9,Charging Station 9,28.512657643569106,77.19270825126996,6,5,1,0.16666666666666663,0,0.0,0.0,35.0,AC,parking
2025-10-13 22:35:00,9,Charging Station 9,28.512657643569106,77.19270825126996,6,4,2,0.33333333333333337,0,0.0,0.0,265.0,AC,parking
2025-10-14 10:57:00,9,Charging Station 9,28.512657643569106,77.19270825126996,6,1,5,0.8333333333333334,0,0.0,0.0,70.0,AC,parking
2025-10-17 05:35:00,9,Charging Station 9,28.512657643569106,77.19270825126996,6,6,0,0.0,0,0.0,0.0,95.0,AC,parking
2025-10-19 02:48:00,9,Charging Station 9,28.512657643569106,77.19270825126996,6,6,0,0.0,2,45.76366091761856,11.44091522940464,100.0,AC,parking
2025-10-19 06:28:00,9,Charging Station 9,28.512657643569106,77.19270825126996,6,5,1,0.16666666666666663,0,0.0,0.0,21.0,AC,parking
2025-10-20 19:05:00,9,Charging Station 9,28.512657643569106,77.19270825126996,6,1,5,0.8333333333333334,0,0.0,0.0,27.0,AC,parking
2025-10-22 04:18:00,9,Charging Station 9,28.512657643569106,77.19270825126996,6,6,0,0.0,0,0.0,0.0,109.0,AC,parking
2025-10-26 23:44:00,9,Charging Station 9,28.512657643569106,77.19270825126996,6,6,0,0.0,1,56.384032681303935,14.096008170325984,22.0,AC,parking
2025-10-27 18:21:00,9,Charging Station 9,28.512657643569106,77.19270825126996,6,1,5,0.8333333333333334,5,490.5499233367982,122.63748083419955,74.8,AC,parking
2025-10-27 22:15:00,9,Charging Station 9,28.512657643569106,77.19270825126996,6,4,2,0.33333333333333337,0,0.0,0.0,51.0,AC,parking
2025-10-28 03:09:00,9,Charging Station 9,28.512657643569106,77.19270825126996,6,6,0,0.0,0,0.0,0.0,106.0,AC,parking
2025-10-31 03:00:00,9,Charging Station 9,28.512657643569106,77.19270825126996,6,6,0,0.0,2,235.5238106069744,58.8809526517436,185.5,AC,parking
2025-11-07 23:48:00,9,Charging Station 9,28.512657643569106,77.19270825126996,6,5,1,0.16666666666666663,0,0.0,0.0,61.0,AC,parking
2025-11-09 20:53:00,9,Charging Station 9,28.512657643569106,77.19270825126996,6,3,3,0.5,0,0.0,0.0,28.0,AC,parking
2025-11-09 20:54:00,9,Charging Station 9,28.512657643569106,77.19270825126996,6,3,3,0.5,1,61.89296756251275,15.473241890628188,38.0,AC,parking
2025-11-11 01:34:00,9,Charging Station 9,28.512657643569106,77.19270825126996,6,6,0,0.0,0,0.0,0.0,81.0,AC,parking
2025-11-12 05:11:00,9,Charging Station 9,28.512657643569106,77.19270825126996,6,5,1,0.16666666666666663,2,275.19399923018665,68.79849980754666,62.0,AC,parking
2025-11-14 23:50:00,9,Charging Station 9,28.512657643569106,77.19270825126996,6,5,1,0.16666666666666663,0,0.0,0.0,30.0,AC,parking
2025-11-21 01:03:00,9,Charging Station 9,28.512657643569106,77.19270825126996,6,6,0,0.0,1,77.65691618141142,19.414229045352855,91.0,AC,parking
2025-11-21 02:41:00,9,Charging Station 9,28.512657643569106,77.19270825126996,6,6,0,0.0,1,26.827431516585627,6.706857879146407,78.0,AC,parking
2025-11-22 04:30:00,9,Charging Station 9,28.512657643569106,77.19270825126996,6,6,0,0.0,1,127.8024666868274,31.95061667170685,102.0,AC,parking
2025-11-22 10:58:00,9,Charging Station 9,28.512657643569106,77.19270825126996,6,2,4,0.6666666666666667,1,24.799006443973955,6.199751610993489,75.0,AC,parking
2025-11-25 16:36:00,9,Charging Station 9,28.512657643569106,77.19270825126996,6,2,4,0.6666666666666667,1,30.409084385838504,7.602271096459626,69.0,AC,parking
2025-11-27 01:40:00,9,Charging Station 9,28.512657643569106,77.19270825126996,6,5,1,0.16666666666666663,0,0.0,0.0,35.0,AC,parking
2025-11-27 05:25:00,9,Charging Station 9,28.512657643569106,77.19270825126996,6,5,1,0.16666666666666663,0,0.0,0.0,57.0,AC,parking
2025-12-06 20:21:00,9,Charging Station 9,28.512657643569106,77.19270825126996,6,2,4,0.6666666666666667,0,0.0,0.0,33.0,AC,parking
2025-12-07 02:43:00,9,Charging Station 9,28.512657643569106,77.19270825126996,6,6,0,0.0,0,0.0,0.0,46.0,AC,parking
2025-12-11 06:30:00,9,Charging Station 9,28.512657643569106,77.19270825126996,6,5,1,0.16666666666666663,0,0.0,0.0,61.0,AC,parking
2025-12-11 16:58:00,9,Charging Station 9,28.512657643569106,77.19270825126996,6,1,5,0.8333333333333334,1,18.964825071476454,4.741206267869114,34.0,AC,parking
2025-12-12 04:40:00,9,Charging Station 9,28.512657643569106,77.19270825126996,6,6,0,0.0,1,32.97299979333439,8.243249948333597,133.0,AC,parking
2025-12-12 11:18:00,9,Charging Station 9,28.512657643569106,77.19270825126996,6,2,4,0.6666666666666667,0,0.0,0.0,29.0,AC,parking
2025-12-12 22:13:00,9,Charging Station 9,28.512657643569106,77.19270825126996,6,3,3,0.5,0,0.0,0.0,16.0,AC,parking
2025-12-19 11:18:00,9,Charging Station 9,28.512657643569106,77.19270825126996,6,1,5,0.8333333333333334,0,0.0,0.0,196.0,AC,parking
2025-12-19 23:42:00,9,Charging Station 9,28.512657643569106,77.19270825126996,6,5,1,0.16666666666666663,0,0.0,0.0,230.0,AC,parking
2025-12-25 19:15:00,9,Charging Station 9,28.512657643569106,77.19270825126996,6,0,6,1.0,0,0.0,0.0,28.0,AC,parking
2025-12-28 02:13:00,9,Charging Station 9,28.512657643569106,77.19270825126996,6,6,0,0.0,0,0.0,0.0,72.0,AC,parking
2025-12-30 05:01:00,9,Charging Station 9,28.512657643569106,77.19270825126996,6,5,1,0.16666666666666663,0,0.0,0.0,109.0,AC,parking
2025-01-07 22:33:00,10,Charging Station 10,28.536846605302433,77.2200762468698,10,6,4,0.4,0,0.0,0.0,76.0,AC,highway
2025-01-08 00:55:00,10,Charging Station 10,28.536846605302433,77.2200762468698,10,9,1,0.09999999999999998,1,126.72105299692024,31.68026324923006,56.0,AC,highway
2025-01-09 12:22:00,10,Charging Station 10,28.536846605302433,77.2200762468698,10,3,7,0.7,0,0.0,0.0,102.0,AC,highway
2025-01-10 06:28:00,10,Charging Station 10,28.536846605302433,77.2200762468698,10,9,1,0.09999999999999998,0,0.0,0.0,123.0,AC,highway
2025-01-11 19:53:00,10,Charging Station 10,28.536846605302433,77.2200762468698,10,3,7,0.7,1,23.928493484678807,5.982123371169702,143.0,AC,highway
2025-01-13 02:04:00,10,Charging Station 10,28.536846605302433,77.2200762468698,10,10,0,0.0,1,140.6175378749201,35.15438446873002,73.0,AC,highway
2025-01-17 14:29:00,10,Charging Station 10,28.536846605302433,77.2200762468698,10,4,6,0.6,0,0.0,0.0,267.0,AC,highway
2025-01-19 14:01:00,10,Charging Station 10,28.536846605302433,77.2200762468698,10,5,5,0.5,0,0.0,0.0,89.0,AC,highway
2025-01-21 17:29:00,10,Charging Station 10,28.536846605302433,77.2200762468698,10,2,8,0.8,1,21.885294841849067,5.471323710462267,124.0,AC,highway
2025-01-23 08:09:00,10,Charging Station 10,28.536846605302433,77.2200762468698,10,3,7,0.7,2,122.88715262193318,30.721788155483296,93.0,AC,highway
2025-01-23 19:45:00,10,Charging Station 10,28.536846605302433,77.2200762468698,10,2,8,0.8,0,0.0,0.0,17.0,AC,highway
2025-01-29 23:45:00,10,Charging Station 10,28.536846605302433,77.2200762468698,10,8,2,0.19999999999999996,3,133.81928976301947,33.45482244075487,102.0,AC,highway
2025-01-30 02:58:00,10,Charging Station 10,28.536846605302433,77.2200762468698,10,10,0,0.0,1,14.034157748655286,3.5085394371638214,244.0,AC,highway
2025-02-04 10:45:00,10,Charging Station 10,28.536846605302433,77.2200762468698,10,1,9,0.9,0,0.0,0.0,17.0,AC,highway
2025-02-05 03:35:00,10,Charging Station 10,28.536846605302433,77.2200762468698,10,10,0,0.0,0,0.0,0.0,28.0,AC,highway
2025-02-05 14:21:00,10,Charging Station 10,28.536846605302433,77.2200762468698,10,4,6,0.6,0,0.0,0.0,48.0,AC,highway
2025-02-07 19:56:00,10,Charging Station 10,28.536846605302433,77.2200762468698,10,1,9,0.9,1,38.98564476397454,9.746411190993635,17.0,AC,highway
2025-02-11 22:28:00,10,Charging Station 10,28.536846605302433,77.2200762468698,10,7,3,0.30000000000000004,1,35.5716052884405,8.892901322110125,20.0,AC,highway
2025-02-13 21:41:00,10,Charging Station 10,28.536846605302433,77.2200762468698,10,4,6,0.6,0,0.0,0.0,96.0,AC,highway
2025-02-15 05:07:00,10,Charging Station 10,28.536846605302433,77.2200762468698,10,9,1,0.09999999999999998,1,9.110754018745116,2.277688504686279,257.0,AC,highway
2025-02-17 01:46:00,10,Charging Station 10,28.536846605302433,77.2200762468698,10,10,0,0.0,1,46.37164843659012,11.59291210914753,30.0,AC,highway
2025-02-17 05:37:00,10,Charging Station 10,28.536846605302433,77.2200762468698,10,9,1,0.09999999999999998,2,346.90817532703096,86.72704383175774,43.5,AC,highway
2025-02-18 02:35:00,10,Charging Station 10,28.536846605302433,77.2200762468698,10,9,1,0.09999999999999998,0,0.0,0.0,29.0,AC,highway
2025-02-19 12:25:00,10,Charging Station 10,28.536846605302433,77.2200762468698,10,3,7,0.7,0,0.0,0.0,55.0,AC,highway
2025-02-21 00:21:00,10,Charging Station 10,28.536846605302433,77.2200762468698,10,9,1,0.09999999999999998,1,74.42847187221165,18.60711796805291,93.0,AC,highway
2025-02-21 14:03:00,10,Charging Station 10,28.536846605302433,77.2200762468698,10,4,6,0.6,1,23.24717159782358,5.811792899455895,60.0,AC,highway
2025-02-21 22:26:00,10,Charging Station 10,28.536846605302433,77.2200762468698,10,6,4,0.4,0,0.0,0.0,77.0,AC,highway
2025-02-24 09:31:00,10,Charging Station 10,28.536846605302433,77.2200762468698,10,1,9,0.9,0,0.0,0.0,98.0,AC,highway
2025-02-25 20:02:00,10,Charging Station 10,28.536846605302433,77.2200762468698,10,3,7,0.7,0,0.0,0.0,52.0,AC,highway
2025-02-27 00:36:00,10,Charging Station 10,28.536846605302433,77.2200762468698,10,9,1,0.09999999999999998,0,0.0,0.0,88.0,AC,highway
2025-02-27 19:32:00,10,Charging Station 10,28.536846605302433,77.2200762468698,10,1,9,0.9,0,0.0,0.0,67.0,AC,highway
2025-03-04 03:19:00,10,Charging Station 10,28.536846605302433,77.2200762468698,10,10,0,0.0,3,78.92156861761772,19.73039215440443,67.33333333333333,AC,highway
2025-03-07 16:38:00,10,Charging Station 10,28.536846605302433,77.2200762468698,10,3,7,0.7,1,199.84217830167913,49.96054457541978,23.0,AC,highway
2025-03-09 13:36:00,10,Charging Station 10,28.536846605302433,77.2200762468698,10,6,4,0.4,0,0.0,0.0,79.0,AC,highway
2025-03-14 02:09:00,10,Charging Station 10,28.536846605302433,77.2200762468698,10,10,0,0.0,0,0.0,0.0,17.0,AC,highway
2025-03-14 07:18:00,10,Charging Station 10,28.536846605302433,77.2200762468698,10,6,4,0.4,0,0.0,0.0,60.0,AC,highway
2025-03-15 12:09:00,10,Charging Station 10,28.536846605302433,77.2200762468698,10,6,4,0.4,2,205.5650876231355,51.391271905783874,53.5,AC,highway
2025-03-15 16:35:00,10,Charging Station 10,28.536846605302433,77.2200762468698,10,4,6,0.6,0,0.0,0.0,60.0,AC,highway
2025-03-15 20:58:00,10,Charging Station 10,28.536846605302433,77.2200762468698,10,4,6,0.6,0,0.0,0.0,116.0,AC,highway
2025-03-16 21:05:00,10,Charging Station 10,28.536846605302433,77.2200762468698,10,6,4,0.4,1,256.59571389599114,64.14892847399778,20.0,AC,highway
2025-03-21 06:03:00,10,Charging Station 10,28.536846605302433,77.2200762468698,10,8,2,0.19999999999999996,0,0.0,0.0,60.0,AC,highway
2025-03-23 18:06:00,10,Charging Station 10,28.536846605302433,77.2200762468698,10,4,6,0.6,2,93.35674774921529,23.339186937303822,44.5,AC,highway
2025-03-23 18:30:00,10,Charging Station 10,28.536846605302433,77.2200762468698,10,4,6,0.6,2,279.73240616405826,69.93310154101457,53.5,AC,highway
2025-03-25 08:59:00,10,Charging Station 10,28.536846605302433,77.2200762468698,10,2,8,0.8,0,0.0,0.0,104.0,AC,highway
2025-03-25 09:07:00,10,Charging Station 10,28.536846605302433,77.2200762468698,10,2,8,0.8,0,0.0,0.0,216.0,AC,highway
2025-03-29 08:20:00,10,Charging Station 10,28.536846605302433,77.2200762468698,10,5,5,0.5,0,0.0,0.0,45.0,AC,highway
2025-03-30 11:34:00,10,Charging Station 10,28.536846605302433,77.2200762468698,10,5,5,0.5,0,0.0,0.0,158.0,AC,highway
2025-03-31 09:07:00,10,Charging Station 10,28.536846605302433,77.2200762468698,10,2,8,0.8,1,14.09502190093332,3.52375547523333,107.0,AC,highway
2025-04-01 16:28:00,10,Charging Station 10,28.536846605302433,77.2200762468698,10,3,7,0.7,0,0.0,0.0,62.0,AC,highway
2025-04-04 09:18:00,10,Charging Station 10,28.536846605302433,77.2200762468698,10,2,8,0.8,1,96.92300915532442,24.230752288831106,15.0,AC,highway
2025-04-04 22:53:00,10,Charging Station 10,28.536846605302433,77.2200762468698,10,6,4,0.4,0,0.0,0.0,36.0,AC,highway
2025-04-05 00:25:00,10,Charging Station 10,28.536846605302433,77.2200762468698,10,9,1,0.09999999999999998,0,0.0,0.0,18.0,AC,highway
2025-04-06 12:39:00,10,Charging Station 10,28.536846605302433,77.2200762468698,10,5,5,0.5,1,70.45131539565838,17.612828848914596,32.0,AC,highway
2025-04-06 19:37:00,10,Charging Station 10,28.536846605302433,77.2200762468698,10,5,5,0.5,0,0.0,0.0,266.0,AC,highway
2025-04-07 15:20:00,10,Charging Station 10,28.536846605302433,77.2200762468698,10,3,7,0.7,1,77.20916849534574,19.302292123836434,71.0,AC,highway
2025-04-09 05:45:00,10,Charging Station 10,28.536846605302433,77.2200762468698,10,9,1,0.09999999999999998,1,60.22723760966722,15.056809402416805,275.0,AC,highway
2025-04-14 18:03:00,10,Charging Station 10,28.536846605302433,77.2200762468698,10,1,9,0.9,2,97.45404409442924,24.36351102360731,90.0,AC,highway
2025-04-19 04:47:00,10,Charging Station 10,28.536846605302433,77.2200762468698,10,10,0,0.0,2,52.43226077728083,13.108065194320208,94.5,AC,highway
2025-04-22 02:24:00,10,Charging Station 10,28.536846605302433,77.2200762468698,10,10,0,0.0,1,28.152733150493038,7.0381832876232595,236.0,AC,highway
2025-04-22 16:59:00,10,Charging Station 10,28.536846605302433,77.2200762468698,10,2,8,0.8,1,32.36571666072694,8.091429165181735,23.0,AC,highway
2025-04-23 16:26:00,10,Charging Station 10,28.536846605302433,77.2200762468698,10,2,8,0.8,0,0.0,0.0,63.0,AC,highway
2025-05-02 00:03:00,10,Charging Station 10,28.536846605302433,77.2200762468698,10,9,1,0.09999999999999998,1,74.43216862533376,18.60804215633344,212.0,AC,highway
2025-05-02 02:42:00,10,Charging Station 10,28.536846605302433,77.2200762468698,10,10,0,0.0,0,0.0,0.0,296.0,AC,highway
2025-05-12 14:44:00,10,Charging Station 10,28.536846605302433,77.2200762468698,10,4,6,0.6,0,0.0,0.0,27.0,AC,highway
2025-05-15 15:26:00,10,Charging Station 10,28.536846605302433,77.2200762468698,10,3,7,0.7,0,0.0,0.0,201.0,AC,highway
2025-05-17 06:26:00,10,Charging Station 10,28.536846605302433,77.2200762468698,10,8,2,0.19999999999999996,0,0.0,0.0,16.0,AC,highway
2025-05-18 05:05:00,10,Charging Station 10,28.536846605302433,77.2200762468698,10,10,0,0.0,1,51.333635606358044,12.833408901589511,116.0,AC,highway
2025-05-19 22:45:00,10,Charging Station 10,28.536846605302433,77.2200762468698,10,6,4,0.4,0,0.0,0.0,98.0,AC,highway
2025-05-22 03:18:00,10,Charging Station 10,28.536846605302433,77.2200762468698,10,9,1,0.09999999999999998,0,0.0,0.0,92.0,AC,highway
2025-05-24 16:05:00,10,Charging Station 10,28.536846605302433,77.2200762468698,10,5,5,0.5,2,439.52073537080764,109.88018384270191,62.5,AC,highway
2025-05-31 03:24:00,10,Charging Station 10,28.536846605302433,77.2200762468698,10,9,1,0.09999999999999998,1,4.194447476970237,1.0486118692425592,31.0,AC,highway
2025-05-31 11:48:00,10,Charging Station 10,28.536846605302433,77.2200762468698,10,5,5,0.5,3,155.0057263664292,38.7514315916073,95.0,AC,highway
2025-05-31 22:11:00,10,Charging Station 10,28.536846605302433,77.2200762468698,10,7,3,0.30000000000000004,0,0.0,0.0,105.0,AC,highway
2025-06-03 15:50:00,10,Charging Station 10,28.536846605302433,77.2200762468698,10,3,7,0.7,0,0.0,0.0,68.0,AC,highway
2025-06-05 23:09:00,10,Charging Station 10,28.536846605302433,77.2200762468698,10,8,2,0.19999999999999996,0,0.0,0.0,104.0,AC,highway
2025-06-06 10:50:00,10,Charging Station 10,28.536846605302433,77.2200762468698,10,2,8,0.8,0,0.0,0.0,19.0,AC,highway
2025-06-07 08:05:00,10,Charging Station 10,28.536846605302433,77.2200762468698,10,5,5,0.5,1,63.16866221804797,15.792165554511993,49.0,AC,highway
2025-06-07 15:04:00,10,Charging Station 10,28.536846605302433,77.2200762468698,10,6,4,0.4,0,0.0,0.0,80.0,AC,highway
2025-06-15 02:31:00,10,Charging Station 10,28.536846605302433,77.2200762468698,10,10,0,0.0,1,54.07595946241804,13.51898986560451,88.0,AC,highway
2025-06-17 08:07:00,10,Charging Station 10,28.536846605302433,77.2200762468698,10,2,8,0.8,1,24.965723820194565,6.241430955048641,25.0,AC,highway
2025-06-17 18:43:00,10,Charging Station 10,28.536846605302433,77.2200762468698,10,1,9,0.9,2,114.03829463209337,28.509573658023342,254.0,AC,highway
2025-06-18 07:31:00,10,Charging Station 10,28.536846605302433,77.2200762468698,10,5,5,0.5,0,0.0,0.0,71.0,AC,highway
2025-06-19 17:34:00,10,Charging Station 10,28.536846605302433,77.2200762468698,10,2,8,0.8,0,0.0,0.0,60.0,AC,highway
2025-06-21 05:12:00,10,Charging Station 10,28.536846605302433,77.2200762468698,10,9,1,0.09999999999999998,0,0.0,0.0,34.0,AC,highway
2025-06-22 01:30:00,10,Charging Station 10,28.536846605302433,77.2200762468698,10,10,0,0.0,2,204.4647444053335,51.116186101333376,60.0,AC,highway
2025-06-23 00:08:00,10,Charging Station 10,28.536846605302433,77.2200762468698,10,9,1,0.09999999999999998,0,0.0,0.0,256.0,AC,highway
2025-06-23 16:30:00,10,Charging Station 10,28.536846605302433,77.2200762468698,10,3,7,0.7,1,15.878715806586563,3.9696789516466406,114.0,AC,highway
2025-06-25 10:07:00,10,Charging Station 10,28.536846605302433,77.2200762468698,10,2,8,0.8,0,0.0,0.0,191.0,AC,highway
2025-06-26 03:44:00,10,Charging Station 10,28.536846605302433,77.2200762468698,10,10,0,0.0,0,0.0,0.0,86.0,AC,highway
2025-06-29 18:38:00,10,Charging Station 10,28.536846605302433,77.2200762468698,10,4,6,0.6,1,82.6209646570125,20.655241164253123,66.0,AC,highway
2025-07-03 12:10:00,10,Charging Station 10,28.536846605302433,77.2200762468698,10,3,7,0.7,2,90.45762936518034,22.614407341295085,171.0,AC,highway
2025-07-03 16:59:00,10,Charging Station 10,28.536846605302433,77.2200762468698,10,2,8,0.8,0,0.0,0.0,26.0,AC,highway
2025-07-05 01:27:00,10,Charging Station 10,28.536846605302433,77.2200762468698,10,10,0,0.0,0,0.0,0.0,79.0,AC,highway
2025-07-11 17:22:00,10,Charging Station 10,28.536846605302433,77.2200762468698,10,1,9,0.9,0,0.0,0.0,96.0,AC,highway
2025-07-12 00:53:00,10,Charging Station 10,28.536846605302433,77.2200762468698,10,9,1,0.09999999999999998,0,0.0,0.0,227.0,AC,highway
2025-07-12 01:19:00,10,Charging Station 10,28.536846605302433,77.2200762468698,10,9,1,0.09999999999999998,0,0.0,0.0,16.0,AC,highway
2025-07-12 19:34:00,10,Charging Station 10,28.536846605302433,77.2200762468698,10,4,6,0.6,2,171.50557893783176,42.87639473445794,122.0,AC,highway
2025-07-13 00:37:00,10,Charging Station 10,28.536846605302433,77.2200762468698,10,9,1,0.09999999999999998,1,42.019427560656396,10.504856890164099,101.0,AC,highway
2025-07-13 06:40:00,10,Charging Station 10,28.536846605302433,77.2200762468698,10,9,1,0.09999999999999998,0,0.0,0.0,143.0,AC,highway
2025-07-18 02:28:00,10,Charging Station 10,28.536846605302433,77.2200762468698,10,9,1,0.09999999999999998,0,0.0,0.0,89.0,AC,highway
2025-07-18 23:57:00,10,Charging Station 10,28.536846605302433,77.2200762468698,10,8,2,0.19999999999999996,0,0.0,0.0,222.0,AC,highway
2025-07-20 05:04:00,10,Charging Station 10,28.536846605302433,77.2200762468698,10,10,0,0.0,0,0.0,0.0,94.0,AC,highway
2025-07-21 09:42:00,10,Charging Station 10,28.536846605302433,77.2200762468698,10,2,8,0.8,0,0.0,0.0,66.0,AC,highway
2025-07-25 04:49:00,10,Charging Station 10,28.536846605302433,77.2200762468698,10,10,0,0.0,0,0.0,0.0,79.0,AC,highway
2025-07-27 12:31:00,10,Charging Station 10,28.536846605302433,77.2200762468698,10,6,4,0.4,0,0.0,0.0,109.0,AC,highway
2025-07-27 16:30:00,10,Charging Station 10,28.536846605302433,77.2200762468698,10,5,5,0.5,2,135.14612995879872,33.78653248969968,66.0,AC,highway
2025-07-28 10:17:00,10,Charging Station 10,28.536846605302433,77.2200762468698,10,1,9,0.9,2,196.12491448623507,49.03122862155877,192.0,AC,highway
2025-07-29 09:34:00,10,Charging Station 10,28.536846605302433,77.2200762468698,10,2,8,0.8,1,117.35300389416689,29.338250973541722,32.0,AC,highway
2025-07-30 02:38:00,10,Charging Station 10,28.536846605302433,77.2200762468698,10,9,1,0.09999999999999998,0,0.0,0.0,79.0,AC,highway
2025-07-31 14:47:00,10,Charging Station 10,28.536846605302433,77.2200762468698,10,3,7,0.7,0,0.0,0.0,241.0,AC,highway
2025-08-01 01:12:00,10,Charging Station 10,28.536846605302433,77.2200762468698,10,10,0,0.0,2,36.79796821511401,9.199492053778503,177.5,AC,highway
2025-08-03 14:58:00,10,Charging Station 10,28.536846605302433,77.2200762468698,10,5,5,0.5,1,47.6638186385646,11.91595465964115,79.0,AC,highway
2025-08-09 06:19:00,10,Charging Station 10,28.536846605302433,77.2200762468698,10,8,2,0.19999999999999996,0,0.0,0.0,91.0,AC,highway
2025-08-10 08:37:00,10,Charging Station 10,28.536846605302433,77.2200762468698,10,6,4,0.4,1,23.129235661126938,5.782308915281734,31.0,AC,highway
2025-08-11 15:43:00,10,Charging Station 10,28.536846605302433,77.2200762468698,10,3,7,0.7,0,0.0,0.0,132.0,AC,highway
2025-08-13 15:30:00,10,Charging Station 10,28.536846605302433,77.2200762468698,10,2,8,0.8,0,0.0,0.0,37.0,AC,highway
2025-08-14 07:44:00,10,Charging Station 10,28.536846605302433,77.2200762468698,10,6,4,0.4,0,0.0,0.0,102.0,AC,highway
2025-08-15 05:40:00,10,Charging Station 10,28.536846605302433,77.2200762468698,10,8,2,0.19999999999999996,0,0.0,0.0,106.0,AC,highway
2025-08-15 16:59:00,10,Charging Station 10,28.536846605302433,77.2200762468698,10,3,7,0.7,0,0.0,0.0,21.0,AC,highway
2025-08-16 14:39:00,10,Charging Station 10,28.536846605302433,77.2200762468698,10,5,5,0.5,0,0.0,0.0,51.0,AC,highway
2025-08-18 06:09:00,10,Charging Station 10,28.536846605302433,77.2200762468698,10,7,3,0.30000000000000004,0,0.0,0.0,91.0,AC,highway
2025-08-19 03:27:00,10,Charging Station 10,28.536846605302433,77.2200762468698,10,10,0,0.0,3,424.5717185691458,106.14292964228645,146.0,AC,highway
2025-08-22 20:47:00,10,Charging Station 10,28.536846605302433,77.2200762468698,10,2,8,0.8,1,25.030545031767332,6.257636257941833,18.0,AC,highway
2025-08-23 21:56:00,10,Charging Station 10,28.536846605302433,77.2200762468698,10,5,5,0.5,1,19.751250414995226,4.937812603748807,43.0,AC,highway
2025-08-24 09:39:00,10,Charging Station 10,28.536846605302433,77.2200762468698,10,4,6,0.6,1,165.77396294066887,41.44349073516722,39.0,AC,highway
2025-08-25 04:14:00,10,Charging Station 10,28.536846605302433,77.2200762468698,10,9,1,0.09999999999999998,0,0.0,0.0,32.0,AC,highway
2025-08-27 02:26:00,10,Charging Station 10,28.536846605302433,77.2200762468698,10,10,0,0.0,0,0.0,0.0,40.0,AC,highway
2025-08-28 17:05:00,10,Charging Station 10,28.536846605302433,77.2200762468698,10,2,8,0.8,0,0.0,0.0,16.0,AC,highway
2025-08-30 14:54:00,10,Charging Station 10,28.536846605302433,77.2200762468698,10,4,6,0.6,0,0.0,0.0,41.0,AC,highway
2025-09-03 22:28:00,10,Charging Station 10,28.536846605302433,77.2200762468698,10,6,4,0.4,0,0.0,0.0,27.0,AC,highway
2025-09-09 22:58:00,10,Charging Station 10,28.536846605302433,77.2200762468698,10,7,3,0.30000000000000004,0,0.0,0.0,95.0,AC,highway
2025-09-11 20:53:00,10,Charging Station 10,28.536846605302433,77.2200762468698,10,3,7,0.7,1,59.58142268131988,14.89535567032997,67.0,AC,highway
2025-09-12 14:21:00,10,Charging Station 10,28.536846605302433,77.2200762468698,10,4,6,0.6,0,0.0,0.0,58.0,AC,highway
2025-09-13 21:59:00,10,Charging Station 10,28.536846605302433,77.2200762468698,10,6,4,0.4,1,116.65069959843136,29.16267489960784,44.0,AC,highway
2025-09-14 03:50:00,10,Charging Station 10,28.536846605302433,77.2200762468698,10,10,0,0.0,0,0.0,0.0,81.0,AC,highway
2025-09-14 12:35:00,10,Charging Station 10,28.536846605302433,77.2200762468698,10,5,5,0.5,0,0.0,0.0,283.0,AC,highway
2025-09-16 17:36:00,10,Charging Station 10,28.536846605302433,77.2200762468698,10,3,7,0.7,0,0.0,0.0,78.0,AC,highway
2025-09-19 15:19:00,10,Charging Station 10,28.536846605302433,77.2200762468698,10,3,7,0.7,0,0.0,0.0,47.0,AC,highway
2025-09-21 12:22:00,10,Charging Station 10,28.536846605302433,77.2200762468698,10,5,5,0.5,1,50.40676241832666,12.601690604581664,285.0,AC,highway
2025-09-24 02:05:00,10,Charging Station 10,28.536846605302433,77.2200762468698,10,10,0,0.0,0,0.0,0.0,59.0,AC,highway
2025-09-24 23:49:00,10,Charging Station 10,28.536846605302433,77.2200762468698,10,8,2,0.19999999999999996,1,178.0145279630081,44.50363199075203,70.0,AC,highway
2025-09-25 11:15:00,10,Charging Station 10,28.536846605302433,77.2200762468698,10,3,7,0.7,0,0.0,0.0,109.0,AC,highway
2025-09-28 14:56:00,10,Charging Station 10,28.536846605302433,77.2200762468698,10,6,4,0.4,0,0.0,0.0,270.0,AC,highway
2025-09-28 20:56:00,10,Charging Station 10,28.536846605302433,77.2200762468698,10,5,5,0.5,1,296.6327242229755,74.15818105574388,103.0,AC,highway
2025-10-03 13:31:00,10,Charging Station 10,28.536846605302433,77.2200762468698,10,4,6,0.6,1,80.63285295567842,20.158213238919604,117.0,AC,highway
2025-10-05 11:37:00,10,Charging Station 10,28.536846605302433,77.2200762468698,10,5,5,0.5,0,0.0,0.0,84.0,AC,highway
2025-10-06 21:50:00,10,Charging Station 10,28.536846605302433,77.2200762468698,10,4,6,0.6,2,111.17592926763903,27.79398231690976,37.5,AC,highway
2025-10-09 02:35:00,10,Charging Station 10,28.536846605302433,77.2200762468698,10,9,1,0.09999999999999998,0,0.0,0.0,92.0,AC,highway
2025-10-09 07:37:00,10,Charging Station 10,28.536846605302433,77.2200762468698,10,6,4,0.4,3,62.94860771275263,15.737151928188158,151.0,AC,highway
2025-10-13 02:20:00,10,Charging Station 10,28.536846605302433,77.2200762468698,10,10,0,0.0,1,25.17144592925779,6.292861482314447,21.0,AC,highway
2025-10-14 00:11:00,10,Charging Station 10,28.536846605302433,77.2200762468698,10,9,1,0.09999999999999998,0,0.0,0.0,32.0,AC,highway
2025-10-20 21:48:00,10,Charging Station 10,28.536846605302433,77.2200762468698,10,3,7,0.7,0,0.0,0.0,91.0,AC,highway
2025-10-22 10:00:00,10,Charging Station 10,28.536846605302433,77.2200762468698,10,2,8,0.8,0,0.0,0.0,136.0,AC,highway
2025-11-01 15:41:00,10,Charging Station 10,28.536846605302433,77.2200762468698,10,5,5,0.5,0,0.0,0.0,109.0,AC,highway
2025-11-04 18:05:00,10,Charging Station 10,28.536846605302433,77.2200762468698,10,1,9,0.9,3,170.25945393425908,42.56486348356477,52.666666666666664,AC,highway
2025-11-06 05:40:00,10,Charging Station 10,28.536846605302433,77.2200762468698,10,9,1,0.09999999999999998,0,0.0,0.0,66.0,AC,highway
2025-11-07 10:13:00,10,Charging Station 10,28.536846605302433,77.2200762468698,10,1,9,0.9,0,0.0,0.0,108.0,AC,highway
2025-11-10 02:06:00,10,Charging Station 10,28.536846605302433,77.2200762468698,10,10,0,0.0,0,0.0,0.0,18.0,AC,highway
2025-11-12 08:34:00,10,Charging Station 10,28.536846605302433,77.2200762468698,10,3,7,0.7,2,293.2456863246954,73.31142158117385,62.5,AC,highway
2025-11-12 11:06:00,10,Charging Station 10,28.536846605302433,77.2200762468698,10,3,7,0.7,2,40.33162326614766,10.082905816536915,72.5,AC,highway
2025-11-16 23:02:00,10,Charging Station 10,28.536846605302433,77.2200762468698,10,8,2,0.19999999999999996,0,0.0,0.0,72.0,AC,highway
2025-11-20 08:04:00,10,Charging Station 10,28.536846605302433,77.2200762468698,10,4,6,0.6,4,77.09238761851832,19.27309690462958,88.0,AC,highway
2025-11-21 05:24:00,10,Charging Station 10,28.536846605302433,77.2200762468698,10,9,1,0.09999999999999998,0,0.0,0.0,63.0,AC,highway
2025-11-24 14:16:00,10,Charging Station 10,28.536846605302433,77.2200762468698,10,4,6,0.6,0,0.0,0.0,20.0,AC,highway
2025-11-25 15:38:00,10,Charging Station 10,28.536846605302433,77.2200762468698,10,4,6,0.6,1,90.44140546661137,22.610351366652843,109.0,AC,highway
2025-12-01 18:24:00,10,Charging Station 10,28.536846605302433,77.2200762468698,10,2,8,0.8,2,126.02217507748767,31.50554376937192,175.0,AC,highway
2025-12-04 08:46:00,10,Charging Station 10,28.536846605302433,77.2200762468698,10,4,6,0.6,1,9.923969831538306,2.4809924578845766,106.0,AC,highway
2025-12-04 09:03:00,10,Charging Station 10,28.536846605302433,77.2200762468698,10,2,8,0.8,2,156.86158030861725,39.21539507715431,66.5,AC,highway
2025-12-04 16:00:00,10,Charging Station 10,28.536846605302433,77.2200762468698,10,2,8,0.8,0,0.0,0.0,49.0,AC,highway
2025-12-05 23:40:00,10,Charging Station 10,28.536846605302433,77.2200762468698,10,8,2,0.19999999999999996,0,0.0,0.0,88.0,AC,highway
2025-12-06 04:57:00,10,Charging Station 10,28.536846605302433,77.2200762468698,10,10,0,0.0,0,0.0,0.0,83.0,AC,highway
2025-12-09 23:00:00,10,Charging Station 10,28.536846605302433,77.2200762468698,10,8,2,0.19999999999999996,0,0.0,0.0,15.0,AC,highway
2025-12-10 18:29:00,10,Charging Station 10,28.536846605302433,77.2200762468698,10,1,9,0.9,1,233.0464197135649,58.26160492839122,90.0,AC,highway
2025-12-13 21:01:00,10,Charging Station 10,28.536846605302433,77.2200762468698,10,6,4,0.4,0,0.0,0.0,114.0,AC,highway
2025-12-18 17:41:00,10,Charging Station 10,28.536846605302433,77.2200762468698,10,1,9,0.9,1,29.25390958296531,7.3134773957413275,47.0,AC,highway
2025-12-19 00:02:00,10,Charging Station 10,28.536846605302433,77.2200762468698,10,9,1,0.09999999999999998,1,256.4567670947059,64.11419177367648,95.0,AC,highway
2025-12-21 11:50:00,10,Charging Station 10,28.536846605302433,77.2200762468698,10,5,5,0.5,0,0.0,0.0,45.0,AC,highway
2025-12-23 09:26:00,10,Charging Station 10,28.536846605302433,77.2200762468698,10,2,8,0.8,0,0.0,0.0,15.0,AC,highway
2025-12-24 13:18:00,10,Charging Station 10,28.536846605302433,77.2200762468698,10,4,6,0.6,1,30.42472145929156,7.60618036482289,237.0,AC,highway
2025-12-25 17:37:00,10,Charging Station 10,28.536846605302433,77.2200762468698,10,3,7,0.7,1,47.65508727820451,11.913771819551128,84.0,AC,highway
2025-12-26 12:11:00,10,Charging Station 10,28.536846605302433,77.2200762468698,10,4,6,0.6,1,40.80500584548174,10.201251461370434,66.0,AC,highway
2025-12-26 13:04:00,10,Charging Station 10,28.536846605302433,77.2200762468698,10,5,5,0.5,0,0.0,0.0,260.0,AC,highway
2025-12-26 18:30:00,10,Charging Station 10,28.536846605302433,77.2200762468698,10,1,9,0.9,2,50.506096140283525,12.626524035070881,69.5,AC,highway
2025-12-27 03:02:00,10,Charging Station 10,28.536846605302433,77.2200762468698,10,9,1,0.09999999999999998,0,0.0,0.0,271.0,AC,highway
2025-01-02 00:46:00,11,Charging Station 11,28.58186408041576,77.12938999080001,10,9,1,0.09999999999999998,0,0.0,0.0,16.0,DC,parking
2025-01-02 14:12:00,11,Charging Station 11,28.58186408041576,77.12938999080001,10,4,6,0.6,1,19.334563595740224,4.833640898935056,74.0,DC,parking
2025-01-03 20:13:00,11,Charging Station 11,28.58186408041576,77.12938999080001,10,2,8,0.8,0,0.0,0.0,83.0,DC,parking
2025-01-04 14:52:00,11,Charging Station 11,28.58186408041576,77.12938999080001,10,5,5,0.5,0,0.0,0.0,258.0,DC,parking
2025-01-05 15:51:00,11,Charging Station 11,28.58186408041576,77.12938999080001,10,6,4,0.4,0,0.0,0.0,78.0,DC,parking
2025-01-06 17:40:00,11,Charging Station 11,28.58186408041576,77.12938999080001,10,2,8,0.8,1,74.62377875521054,18.655944688802634,102.0,DC,parking
2025-01-08 00:08:00,11,Charging Station 11,28.58186408041576,77.12938999080001,10,10,0,0.0,2,48.574251141991795,12.143562785497949,60.0,DC,parking
2025-01-08 23:19:00,11,Charging Station 11,28.58186408041576,77.12938999080001,10,9,1,0.09999999999999998,0,0.0,0.0,47.0,DC,parking
2025-01-13 12:16:00,11,Charging Station 11,28.58186408041576,77.12938999080001,10,3,7,0.7,3,150.40959643785646,37.602399109464116,33.0,DC,parking
2025-01-16 05:41:00,11,Charging Station 11,28.58186408041576,77.12938999080001,10,9,1,0.09999999999999998,0,0.0,0.0,26.0,DC,parking
2025-01-16 17:51:00,11,Charging Station 11,28.58186408041576,77.12938999080001,10,1,9,0.9,1,20.710584936974335,5.177646234243584,116.0,DC,parking
2025-01-17 08:32:00,11,Charging Station 11,28.58186408041576,77.12938999080001,10,4,6,0.6,3,165.45594359921313,41.36398589980328,64.66666666666667,DC,parking
2025-01-19 08:54:00,11,Charging Station 11,28.58186408041576,77.12938999080001,10,5,5,0.5,2,128.36419232909157,32.09104808227289,106.5,DC,parking
2025-01-21 04:23:00,11,Charging Station 11,28.58186408041576,77.12938999080001,10,9,1,0.09999999999999998,0,0.0,0.0,15.0,DC,parking
2025-01-22 14:20:00,11,Charging Station 11,28.58186408041576,77.12938999080001,10,3,7,0.7,0,0.0,0.0,205.0,DC,parking
2025-01-23 10:52:00,11,Charging Station 11,28.58186408041576,77.12938999080001,10,2,8,0.8,0,0.0,0.0,41.0,DC,parking
2025-01-24 18:10:00,11,Charging Station 11,28.58186408041576,77.12938999080001,10,1,9,0.9,2,359.52482940611105,89.88120735152776,85.5,DC,parking
2025-01-27 16:40:00,11,Charging Station 11,28.58186408041576,77.12938999080001,10,2,8,0.8,0,0.0,0.0,44.0,DC,parking
2025-01-29 06:15:00,11,Charging Station 11,28.58186408041576,77.12938999080001,10,9,1,0.09999999999999998,0,0.0,0.0,42.0,DC,parking
2025-01-30 11:17:00,11,Charging Station 11,28.58186408041576,77.12938999080001,10,2,8,0.8,0,0.0,0.0,79.0,DC,parking
2025-02-01 02:33:00,11,Charging Station 11,28.58186408041576,77.12938999080001,10,9,1,0.09999999999999998,2,121.1139109620793,30.278477740519826,103.5,DC,parking
2025-02-02 00:47:00,11,Charging Station 11,28.58186408041576,77.12938999080001,10,10,0,0.0,0,0.0,0.0,108.0,DC,parking
2025-02-06 23:26:00,11,Charging Station 11,28.58186408041576,77.12938999080001,10,8,2,0.19999999999999996,0,0.0,0.0,53.0,DC,parking
2025-02-07 00:43:00,11,Charging Station 11,28.58186408041576,77.12938999080001,10,9,1,0.09999999999999998,0,0.0,0.0,155.0,DC,parking
2025-02-09 04:03:00,11,Charging Station 11,28.58186408041576,77.12938999080001,10,10,0,0.0,0,0.0,0.0,21.0,DC,parking
2025-02-09 08:36:00,11,Charging Station 11,28.58186408041576,77.12938999080001,10,5,5,0.5,0,0.0,0.0,92.0,DC,parking
2025-02-09 11:45:00,11,Charging Station 11,28.58186408041576,77.12938999080001,10,4,6,0.6,0,0.0,0.0,91.0,DC,parking
2025-02-10 08:31:00,11,Charging Station 11,28.58186408041576,77.12938999080001,10,3,7,0.7,2,43.06228855274735,10.765572138186837,129.5,DC,parking
2025-02-11 04:31:00,11,Charging Station 11,28.58186408041576,77.12938999080001,10,9,1,0.09999999999999998,1,16.27494784125867,4.068736960314667,114.0,DC,parking
2025-02-11 17:45:00,11,Charging Station 11,28.58186408041576,77.12938999080001,10,2,8,0.8,1,56.97838870034762,14.244597175086906,102.0,DC,parking
2025-02-13 10:18:00,11,Charging Station 11,28.58186408041576,77.12938999080001,10,2,8,0.8,0,0.0,0.0,78.0,DC,parking
2025-02-13 13:21:00,11,Charging Station 11,28.58186408041576,77.12938999080001,10,4,6,0.6,1,46.235827732291405,11.558956933072851,47.0,DC,parking
2025-02-21 17:09:00,11,Charging Station 11,28.58186408041576,77.12938999080001,10,1,9,0.9,0,0.0,0.0,107.0,DC,parking
2025-02-21 20:47:00,11,Charging Station 11,28.58186408041576,77.12938999080001,10,3,7,0.7,1,4.0964934529232595,1.0241233632308149,70.0,DC,parking
2025-02-27 05:47:00,11,Charging Station 11,28.58186408041576,77.12938999080001,10,9,1,0.09999999999999998,1,75.35002748793573,18.837506871983933,80.0,DC,parking
2025-03-01 22:12:00,11,Charging Station 11,28.58186408041576,77.12938999080001,10,8,2,0.19999999999999996,1,57.774824730985976,14.443706182746494,68.0,DC,parking
2025-03-05 03:59:00,11,Charging Station 11,28.58186408041576,77.12938999080001,10,9,1,0.09999999999999998,0,0.0,0.0,69.0,DC,parking
2025-03-05 21:41:00,11,Charging Station 11,28.58186408041576,77.12938999080001,10,4,6,0.6,1,66.36809578891969,16.592023947229922,48.0,DC,parking
2025-03-06 06:48:00,11,Charging Station 11,28.58186408041576,77.12938999080001,10,7,3,0.30000000000000004,0,0.0,0.0,88.0,DC,parking
2025-03-12 04:55:00,11,Charging Station 11,28.58186408041576,77.12938999080001,10,10,0,0.0,2,132.0365046098529,33.009126152463224,123.5,DC,parking
2025-03-13 22:11:00,11,Charging Station 11,28.58186408041576,77.12938999080001,10,7,3,0.30000000000000004,0,0.0,0.0,77.0,DC,parking
2025-03-14 12:44:00,11,Charging Station 11,28.58186408041576,77.12938999080001,10,3,7,0.7,2,99.37181648499954,24.842954121249885,73.5,DC,parking
2025-03-15 06:17:00,11,Charging Station 11,28.58186408041576,77.12938999080001,10,8,2,0.19999999999999996,0,0.0,0.0,80.0,DC,parking
2025-03-17 04:51:00,11,Charging Station 11,28.58186408041576,77.12938999080001,10,9,1,0.09999999999999998,1,25.12899304290753,6.282248260726883,96.0,DC,parking
2025-03-18 19:02:00,11,Charging Station 11,28.58186408041576,77.12938999080001,10,2,8,0.8,0,0.0,0.0,111.0,DC,parking
2025-03-21 10:45:00,11,Charging Station 11,28.58186408041576,77.12938999080001,10,1,9,0.9,0,0.0,0.0,74.0,DC,parking
2025-03-23 01:20:00,11,Charging Station 11,28.58186408041576,77.12938999080001,10,10,0,0.0,2,221.7344913777466,55.43362284443665,52.0,DC,parking
2025-03-25 10:07:00,11,Charging Station 11,28.58186408041576,77.12938999080001,10,2,8,0.8,0,0.0,0.0,44.0,DC,parking
2025-03-27 07:28:00,11,Charging Station 11,28.58186408041576,77.12938999080001,10,7,3,0.30000000000000004,0,0.0,0.0,214.0,DC,parking
2025-03-28 19:31:00,11,Charging Station 11,28.58186408041576,77.12938999080001,10,2,8,0.8,0,0.0,0.0,242.0,DC,parking
2025-03-31 07:08:00,11,Charging Station 11,28.58186408041576,77.12938999080001,10,6,4,0.4,1,86.65462593415354,21.663656483538386,50.0,DC,parking
2025-03-31 10:45:00,11,Charging Station 11,28.58186408041576,77.12938999080001,10,2,8,0.8,1,224.7906068048991,56.19765170122478,179.0,DC,parking
2025-04-01 15:54:00,11,Charging Station 11,28.58186408041576,77.12938999080001,10,3,7,0.7,2,115.19147541831794,28.797868854579484,32.0,DC,parking
2025-04-02 12:06:00,11,Charging Station 11,28.58186408041576,77.12938999080001,10,3,7,0.7,0,0.0,0.0,31.0,DC,parking
2025-04-03 10:42:00,11,Charging Station 11,28.58186408041576,77.12938999080001,10,2,8,0.8,2,60.6935170931346,15.17337927328365,19.0,DC,parking
2025-04-03 18:24:00,11,Charging Station 11,28.58186408041576,77.12938999080001,10,1,9,0.9,2,63.176519713546604,15.794129928386651,57.5,DC,parking
2025-04-05 11:56:00,11,Charging Station 11,28.58186408041576,77.12938999080001,10,4,6,0.6,0,0.0,0.0,81.0,DC,parking
2025-04-06 17:25:00,11,Charging Station 11,28.58186408041576,77.12938999080001,10,4,6,0.6,0,0.0,0.0,78.0,DC,parking
2025-04-07 07:42:00,11,Charging Station 11,28.58186408041576,77.12938999080001,10,5,5,0.5,0,0.0,0.0,21.0,DC,parking
2025-04-07 11:02:00,11,Charging Station 11,28.58186408041576,77.12938999080001,10,2,8,0.8,0,0.0,0.0,61.0,DC,parking
2025-04-12 08:23:00,11,Charging Station 11,28.58186408041576,77.12938999080001,10,6,4,0.4,2,217.65983322745402,54.414958306863504,125.0,DC,parking
2025-04-17 06:53:00,11,Charging Station 11,28.58186408041576,77.12938999080001,10,8,2,0.19999999999999996,1,83.78513256686328,20.94628314171582,107.0,DC,parking
2025-04-17 07:32:00,11,Charging Station 11,28.58186408041576,77.12938999080001,10,5,5,0.5,0,0.0,0.0,85.0,DC,parking
2025-04-19 17:35:00,11,Charging Station 11,28.58186408041576,77.12938999080001,10,4,6,0.6,0,0.0,0.0,88.0,DC,parking
2025-04-20 08:49:00,11,Charging Station 11,28.58186408041576,77.12938999080001,10,6,4,0.4,3,135.28115144327174,33.820287860817935,90.0,DC,parking
2025-04-20 09:54:00,11,Charging Station 11,28.58186408041576,77.12938999080001,10,4,6,0.6,1,33.259073862372865,8.314768465593216,119.0,DC,parking
2025-04-21 14:34:00,11,Charging Station 11,28.58186408041576,77.12938999080001,10,4,6,0.6,0,0.0,0.0,100.0,DC,parking
2025-04-21 17:56:00,11,Charging Station 11,28.58186408041576,77.12938999080001,10,1,9,0.9,2,193.82445565536514,48.456113913841286,65.0,DC,parking
2025-04-25 05:08:00,11,Charging Station 11,28.58186408041576,77.12938999080001,10,9,1,0.09999999999999998,1,78.20905346537096,19.55226336634274,88.0,DC,parking
2025-04-25 10:32:00,11,Charging Station 11,28.58186408041576,77.12938999080001,10,2,8,0.8,1,73.5413822776183,18.385345569404574,59.0,DC,parking
2025-04-26 04:06:00,11,Charging Station 11,28.58186408041576,77.12938999080001,10,10,0,0.0,0,0.0,0.0,63.0,DC,parking
2025-04-27 03:45:00,11,Charging Station 11,28.58186408041576,77.12938999080001,10,9,1,0.09999999999999998,1,84.6960048633623,21.174001215840576,28.0,DC,parking
2025-04-27 13:08:00,11,Charging Station 11,28.58186408041576,77.12938999080001,10,5,5,0.5,0,0.0,0.0,170.0,DC,parking
2025-04-29 01:39:00,11,Charging Station 11,28.58186408041576,77.12938999080001,10,9,1,0.09999999999999998,1,111.24720026874981,27.811800067187452,88.0,DC,parking
2025-05-11 00:30:00,11,Charging Station 11,28.58186408041576,77.12938999080001,10,9,1,0.09999999999999998,0,0.0,0.0,28.0,DC,parking
2025-05-16 08:44:00,11,Charging Station 11,28.58186408041576,77.12938999080001,10,3,7,0.7,3,171.68625113322133,42.92156278330533,93.33333333333333,DC,parking
2025-05-26 13:49:00,11,Charging Station 11,28.58186408041576,77.12938999080001,10,3,7,0.7,1,141.45463992208528,35.36365998052132,20.0,DC,parking
2025-06-03 21:01:00,11,Charging Station 11,28.58186408041576,77.12938999080001,10,4,6,0.6,0,0.0,0.0,95.0,DC,parking
2025-06-04 05:04:00,11,Charging Station 11,28.58186408041576,77.12938999080001,10,9,1,0.09999999999999998,0,0.0,0.0,16.0,DC,parking
2025-06-04 13:13:00,11,Charging Station 11,28.58186408041576,77.12938999080001,10,4,6,0.6,0,0.0,0.0,41.0,DC,parking
2025-06-07 17:03:00,11,Charging Station 11,28.58186408041576,77.12938999080001,10,4,6,0.6,1,94.1075046360773,23.526876159019324,117.0,DC,parking
2025-06-08 16:06:00,11,Charging Station 11,28.58186408041576,77.12938999080001,10,5,5,0.5,1,87.5253631584521,21.881340789613024,103.0,DC,parking
2025-06-09 01:31:00,11,Charging Station 11,28.58186408041576,77.12938999080001,10,9,1,0.09999999999999998,0,0.0,0.0,206.0,DC,parking
2025-06-12 05:10:00,11,Charging Station 11,28.58186408041576,77.12938999080001,10,9,1,0.09999999999999998,0,0.0,0.0,235.0,DC,parking
2025-06-12 16:56:00,11,Charging Station 11,28.58186408041576,77.12938999080001,10,2,8,0.8,2,116.22546459948519,29.056366149871298,87.5,DC,parking
2025-06-12 19:18:00,11,Charging Station 11,28.58186408041576,77.12938999080001,10,3,7,0.7,0,0.0,0.0,28.0,DC,parking
2025-06-13 03:07:00,11,Charging Station 11,28.58186408041576,77.12938999080001,10,9,1,0.09999999999999998,1,35.75530206348674,8.938825515871685,89.0,DC,parking
2025-06-15 07:00:00,11,Charging Station 11,28.58186408041576,77.12938999080001,10,8,2,0.19999999999999996,0,0.0,0.0,18.0,DC,parking
2025-06-16 03:32:00,11,Charging Station 11,28.58186408041576,77.12938999080001,10,10,0,0.0,0,0.0,0.0,52.0,DC,parking
2025-06-19 06:05:00,11,Charging Station 11,28.58186408041576,77.12938999080001,10,8,2,0.19999999999999996,0,0.0,0.0,85.0,DC,parking
2025-06-19 10:07:00,11,Charging Station 11,28.58186408041576,77.12938999080001,10,1,9,0.9,0,0.0,0.0,95.0,DC,parking
2025-06-20 05:54:00,11,Charging Station 11,28.58186408041576,77.12938999080001,10,9,1,0.09999999999999998,1,13.272517495913817,3.3181293739784543,81.0,DC,parking
2025-06-22 19:55:00,11,Charging Station 11,28.58186408041576,77.12938999080001,10,4,6,0.6,1,110.97456708968095,27.743641772420236,87.0,DC,parking
2025-06-23 16:14:00,11,Charging Station 11,28.58186408041576,77.12938999080001,10,2,8,0.8,0,0.0,0.0,118.0,DC,parking
2025-06-23 18:46:00,11,Charging Station 11,28.58186408041576,77.12938999080001,10,1,9,0.9,2,257.84113598463284,64.46028399615821,147.5,DC,parking
2025-06-27 15:52:00,11,Charging Station 11,28.58186408041576,77.12938999080001,10,3,7,0.7,0,0.0,0.0,114.0,DC,parking
2025-06-28 01:43:00,11,Charging Station 11,28.58186408041576,77.12938999080001,10,10,0,0.0,1,20.915953962894413,5.228988490723603,103.0,DC,parking
2025-07-02 08:51:00,11,Charging Station 11,28.58186408041576,77.12938999080001,10,4,6,0.6,2,137.6164867456391,34.40412168640977,46.5,DC,parking
2025-07-05 22:03:00,11,Charging Station 11,28.58186408041576,77.12938999080001,10,7,3,0.30000000000000004,1,64.91555452974939,16.228888632437346,27.0,DC,parking
2025-07-06 20:39:00,11,Charging Station 11,28.58186408041576,77.12938999080001,10,4,6,0.6,0,0.0,0.0,19.0,DC,parking
2025-07-08 10:48:00,11,Charging Station 11,28.58186408041576,77.12938999080001,10,2,8,0.8,0,0.0,0.0,67.0,DC,parking
2025-07-08 15:22:00,11,Charging Station 11,28.58186408041576,77.12938999080001,10,1,9,0.9,0,0.0,0.0,40.0,DC,parking
2025-07-08 23:18:00,11,Charging Station 11,28.58186408041576,77.12938999080001,10,8,2,0.19999999999999996,1,43.996220005901435,10.999055001475359,113.0,DC,parking
2025-07-11 05:30:00,11,Charging Station 11,28.58186408041576,77.12938999080001,10,10,0,0.0,1,75.42552449471248,18.85638112367812,72.0,DC,parking
2025-07-14 20:13:00,11,Charging Station 11,28.58186408041576,77.12938999080001,10,3,7,0.7,1,20.260027809067985,5.065006952266996,284.0,DC,parking
2025-07-14 23:22:00,11,Charging Station 11,28.58186408041576,77.12938999080001,10,8,2,0.19999999999999996,1,116.33755072464812,29.08438768116203,50.0,DC,parking
2025-07-15 22:10:00,11,Charging Station 11,28.58186408041576,77.12938999080001,10,6,4,0.4,0,0.0,0.0,117.0,DC,parking
2025-07-18 03:11:00,11,Charging Station 11,28.58186408041576,77.12938999080001,10,10,0,0.0,0,0.0,0.0,113.0,DC,parking
2025-07-18 07:10:00,11,Charging Station 11,28.58186408041576,77.12938999080001,10,6,4,0.4,2,63.21793503109322,15.804483757773305,89.5,DC,parking
2025-07-19 14:28:00,11,Charging Station 11,28.58186408041576,77.12938999080001,10,5,5,0.5,0,0.0,0.0,62.0,DC,parking
2025-07-19 18:28:00,11,Charging Station 11,28.58186408041576,77.12938999080001,10,4,6,0.6,3,92.44608713189021,23.111521782972552,49.333333333333336,DC,parking
2025-07-19 22:21:00,11,Charging Station 11,28.58186408041576,77.12938999080001,10,7,3,0.30000000000000004,1,30.70627769474072,7.67656942368518,292.0,DC,parking
2025-07-28 01:09:00,11,Charging Station 11,28.58186408041576,77.12938999080001,10,10,0,0.0,1,50.22427628498934,12.556069071247334,113.0,DC,parking
2025-07-29 07:48:00,11,Charging Station 11,28.58186408041576,77.12938999080001,10,6,4,0.4,2,173.44790202980982,43.361975507452456,65.0,DC,parking
2025-08-01 07:08:00,11,Charging Station 11,28.58186408041576,77.12938999080001,10,6,4,0.4,0,0.0,0.0,119.0,DC,parking
2025-08-01 08:51:00,11,Charging Station 11,28.58186408041576,77.12938999080001,10,3,7,0.7,6,475.5538602116552,118.8884650529138,78.0,DC,parking
2025-08-01 09:11:00,11,Charging Station 11,28.58186408041576,77.12938999080001,10,3,7,0.7,0,0.0,0.0,16.0,DC,parking
2025-08-06 14:39:00,11,Charging Station 11,28.58186408041576,77.12938999080001,10,3,7,0.7,0,0.0,0.0,30.0,DC,parking
2025-08-08 06:34:00,11,Charging Station 11,28.58186408041576,77.12938999080001,10,8,2,0.19999999999999996,0,0.0,0.0,24.0,DC,parking
2025-08-09 21:23:00,11,Charging Station 11,28.58186408041576,77.12938999080001,10,6,4,0.4,1,35.18415260644851,8.796038151612127,78.0,DC,parking
2025-08-10 00:26:00,11,Charging Station 11,28.58186408041576,77.12938999080001,10,10,0,0.0,0,0.0,0.0,99.0,DC,parking
2025-08-14 13:03:00,11,Charging Station 11,28.58186408041576,77.12938999080001,10,4,6,0.6,0,0.0,0.0,74.0,DC,parking
2025-08-21 16:28:00,11,Charging Station 11,28.58186408041576,77.12938999080001,10,3,7,0.7,0,0.0,0.0,29.0,DC,parking
2025-08-22 06:34:00,11,Charging Station 11,28.58186408041576,77.12938999080001,10,6,4,0.4,0,0.0,0.0,35.0,DC,parking
2025-08-22 10:51:00,11,Charging Station 11,28.58186408041576,77.12938999080001,10,2,8,0.8,1,63.72850330433557,15.932125826083892,96.0,DC,parking
2025-08-23 02:12:00,11,Charging Station 11,28.58186408041576,77.12938999080001,10,10,0,0.0,1,70.02845153015144,17.50711288253786,28.0,DC,parking
2025-08-23 07:43:00,11,Charging Station 11,28.58186408041576,77.12938999080001,10,7,3,0.30000000000000004,1,55.366681842438915,13.841670460609729,54.0,DC,parking
2025-08-24 14:06:00,11,Charging Station 11,28.58186408041576,77.12938999080001,10,6,4,0.4,0,0.0,0.0,17.0,DC,parking
2025-08-25 15:53:00,11,Charging Station 11,28.58186408041576,77.12938999080001,10,3,7,0.7,0,0.0,0.0,21.0,DC,parking
2025-08-26 17:05:00,11,Charging Station 11,28.58186408041576,77.12938999080001,10,2,8,0.8,0,0.0,0.0,35.0,DC,parking
2025-08-27 04:13:00,11,Charging Station 11,28.58186408041576,77.12938999080001,10,8,2,0.19999999999999996,0,0.0,0.0,15.0,DC,parking
2025-08-29 02:39:00,11,Charging Station 11,28.58186408041576,77.12938999080001,10,10,0,0.0,0,0.0,0.0,90.0,DC,parking
2025-08-31 03:11:00,11,Charging Station 11,28.58186408041576,77.12938999080001,10,10,0,0.0,0,0.0,0.0,29.0,DC,parking
2025-08-31 04:30:00,11,Charging Station 11,28.58186408041576,77.12938999080001,10,10,0,0.0,1,7.1377238336638635,1.7844309584159659,137.0,DC,parking
2025-09-02 13:20:00,11,Charging Station 11,28.58186408041576,77.12938999080001,10,4,6,0.6,0,0.0,0.0,109.0,DC,parking
2025-09-02 18:08:00,11,Charging Station 11,28.58186408041576,77.12938999080001,10,2,8,0.8,4,294.1152019006935,73.52880047517337,96.5,DC,parking
2025-09-03 06:37:00,11,Charging Station 11,28.58186408041576,77.12938999080001,10,8,2,0.19999999999999996,0,0.0,0.0,94.0,DC,parking
2025-09-07 11:56:00,11,Charging Station 11,28.58186408041576,77.12938999080001,10,4,6,0.6,1,82.98702500798835,20.746756251997088,30.0,DC,parking
2025-09-08 14:26:00,11,Charging Station 11,28.58186408041576,77.12938999080001,10,4,6,0.6,0,0.0,0.0,74.0,DC,parking
2025-09-09 00:05:00,11,Charging Station 11,28.58186408041576,77.12938999080001,10,10,0,0.0,0,0.0,0.0,55.0,DC,parking
2025-09-09 06:29:00,11,Charging Station 11,28.58186408041576,77.12938999080001,10,8,2,0.19999999999999996,1,293.56117180773117,73.39029295193279,64.0,DC,parking
2025-09-10 18:54:00,11,Charging Station 11,28.58186408041576,77.12938999080001,10,1,9,0.9,3,145.25902868190593,36.31475717047648,72.0,DC,parking
2025-09-10 19:04:00,11,Charging Station 11,28.58186408041576,77.12938999080001,10,1,9,0.9,1,63.035365428861276,15.758841357215319,101.0,DC,parking
2025-09-12 16:20:00,11,Charging Station 11,28.58186408041576,77.12938999080001,10,2,8,0.8,1,74.7830078272157,18.695751956803925,18.0,DC,parking
2025-09-13 15:25:00,11,Charging Station 11,28.58186408041576,77.12938999080001,10,4,6,0.6,2,49.618049853931865,12.404512463482966,26.5,DC,parking
2025-09-13 18:08:00,11,Charging Station 11,28.58186408041576,77.12938999080001,10,3,7,0.7,1,30.155872665078295,7.538968166269574,104.0,DC,parking
2025-09-14 08:21:00,11,Charging Station 11,28.58186408041576,77.12938999080001,10,4,6,0.6,1,13.672234503839585,3.418058625959896,49.0,DC,parking
2025-09-14 22:31:00,11,Charging Station 11,28.58186408041576,77.12938999080001,10,7,3,0.30000000000000004,2,95.82022004068858,23.955055010172146,42.5,DC,parking
2025-09-16 03:32:00,11,Charging Station 11,28.58186408041576,77.12938999080001,10,10,0,0.0,0,0.0,0.0,38.0,DC,parking
2025-09-16 10:28:00,11,Charging Station 11,28.58186408041576,77.12938999080001,10,1,9,0.9,0,0.0,0.0,94.0,DC,parking
2025-09-17 15:56:00,11,Charging Station 11,28.58186408041576,77.12938999080001,10,3,7,0.7,0,0.0,0.0,217.0,DC,parking
2025-09-20 16:15:00,11,Charging Station 11,28.58186408041576,77.12938999080001,10,4,6,0.6,0,0.0,0.0,55.0,DC,parking
2025-09-22 21:04:00,11,Charging Station 11,28.58186408041576,77.12938999080001,10,5,5,0.5,1,97.02023919459558,24.255059798648894,101.0,DC,parking
2025-09-23 21:19:00,11,Charging Station 11,28.58186408041576,77.12938999080001,10,5,5,0.5,0,0.0,0.0,52.0,DC,parking
2025-09-24 19:51:00,11,Charging Station 11,28.58186408041576,77.12938999080001,10,2,8,0.8,0,0.0,0.0,32.0,DC,parking
2025-09-24 20:41:00,11,Charging Station 11,28.58186408041576,77.12938999080001,10,3,7,0.7,0,0.0,0.0,28.0,DC,parking
2025-09-25 12:53:00,11,Charging Station 11,28.58186408041576,77.12938999080001,10,3,7,0.7,0,0.0,0.0,87.0,DC,parking
2025-09-26 03:12:00,11,Charging Station 11,28.58186408041576,77.12938999080001,10,9,1,0.09999999999999998,1,8.827773975115047,2.2069434937787618,47.0,DC,parking
2025-09-26 22:44:00,11,Charging Station 11,28.58186408041576,77.12938999080001,10,6,4,0.4,0,0.0,0.0,77.0,DC,parking
2025-09-27 22:16:00,11,Charging Station 11,28.58186408041576,77.12938999080001,10,8,2,0.19999999999999996,0,0.0,0.0,39.0,DC,parking
2025-09-29 05:10:00,11,Charging Station 11,28.58186408041576,77.12938999080001,10,10,0,0.0,1,45.27096120653244,11.31774030163311,118.0,DC,parking
2025-09-29 10:30:00,11,Charging Station 11,28.58186408041576,77.12938999080001,10,2,8,0.8,1,104.44238865364065,26.110597163410162,44.0,DC,parking
2025-10-03 04:08:00,11,Charging Station 11,28.58186408041576,77.12938999080001,10,10,0,0.0,0,0.0,0.0,140.0,DC,parking
2025-10-03 14:47:00,11,Charging Station 11,28.58186408041576,77.12938999080001,10,4,6,0.6,2,70.2830514602622,17.57076286506555,67.5,DC,parking
2025-10-04 06:59:00,11,Charging Station 11,28.58186408041576,77.12938999080001,10,9,1,0.09999999999999998,2,49.56679347349084,12.39169836837271,27.0,DC,parking
2025-10-07 04:11:00,11,Charging Station 11,28.58186408041576,77.12938999080001,10,10,0,0.0,0,0.0,0.0,99.0,DC,parking
2025-10-10 11:42:00,11,Charging Station 11,28.58186408041576,77.12938999080001,10,3,7,0.7,1,22.895654487310754,5.7239136218276885,83.0,DC,parking
2025-10-12 15:44:00,11,Charging Station 11,28.58186408041576,77.12938999080001,10,4,6,0.6,1,103.60291382831426,25.900728457078564,103.0,DC,parking
2025-10-13 14:19:00,11,Charging Station 11,28.58186408041576,77.12938999080001,10,3,7,0.7,0,0.0,0.0,103.0,DC,parking
2025-10-16 12:38:00,11,Charging Station 11,28.58186408041576,77.12938999080001,10,4,6,0.6,0,0.0,0.0,144.0,DC,parking
2025-10-16 16:30:00,11,Charging Station 11,28.58186408041576,77.12938999080001,10,3,7,0.7,2,154.97283141247095,38.74320785311774,173.0,DC,parking
2025-10-17 11:57:00,11,Charging Station 11,28.58186408041576,77.12938999080001,10,3,7,0.7,0,0.0,0.0,89.0,DC,parking
2025-10-17 16:26:00,11,Charging Station 11,28.58186408041576,77.12938999080001,10,3,7,0.7,1,108.52435744410442,27.131089361026106,23.0,DC,parking
2025-10-18 19:11:00,11,Charging Station 11,28.58186408041576,77.12938999080001,10,4,6,0.6,0,0.0,0.0,80.0,DC,parking
2025-11-01 11:13:00,11,Charging Station 11,28.58186408041576,77.12938999080001,10,5,5,0.5,3,129.39820593035557,32.34955148258889,76.33333333333333,DC,parking
2025-11-02 23:30:00,11,Charging Station 11,28.58186408041576,77.12938999080001,10,9,1,0.09999999999999998,0,0.0,0.0,66.0,DC,parking
2025-11-03 00:21:00,11,Charging Station 11,28.58186408041576,77.12938999080001,10,8,2,0.19999999999999996,0,0.0,0.0,81.0,DC,parking
2025-11-06 08:46:00,11,Charging Station 11,28.58186408041576,77.12938999080001,10,3,7,0.7,3,121.71469841737876,30.42867460434469,72.66666666666667,DC,parking
2025-11-06 20:02:00,11,Charging Station 11,28.58186408041576,77.12938999080001,10,3,7,0.7,0,0.0,0.0,61.0,DC,parking
2025-11-08 02:31:00,11,Charging Station 11,28.58186408041576,77.12938999080001,10,10,0,0.0,1,60.156114448245056,15.039028612061264,86.0,DC,parking
2025-11-09 12:36:00,11,Charging Station 11,28.58186408041576,77.12938999080001,10,6,4,0.4,0,0.0,0.0,22.0,DC,parking
2025-11-10 00:39:00,11,Charging Station 11,28.58186408041576,77.12938999080001,10,9,1,0.09999999999999998,0,0.0,0.0,24.0,DC,parking
2025-11-16 01:50:00,11,Charging Station 11,28.58186408041576,77.12938999080001,10,10,0,0.0,1,58.44017394641522,14.610043486603805,18.0,DC,parking
2025-11-16 19:16:00,11,Charging Station 11,28.58186408041576,77.12938999080001,10,4,6,0.6,0,0.0,0.0,29.0,DC,parking
2025-11-18 13:46:00,11,Charging Station 11,28.58186408041576,77.12938999080001,10,4,6,0.6,0,0.0,0.0,26.0,DC,parking
2025-11-19 03:03:00,11,Charging Station 11,28.58186408041576,77.12938999080001,10,9,1,0.09999999999999998,1,28.585733433760918,7.1464333584402295,242.0,DC,parking
2025-11-19 06:20:00,11,Charging Station 11,28.58186408041576,77.12938999080001,10,8,2,0.19999999999999996,1,29.283176739227645,7.320794184806911,56.0,DC,parking
2025-11-25 01:08:00,11,Charging Station 11,28.58186408041576,77.12938999080001,10,9,1,0.09999999999999998,2,109.63914424370685,27.409786060926713,97.5,DC,parking
2025-11-26 15:14:00,11,Charging Station 11,28.58186408041576,77.12938999080001,10,4,6,0.6,3,70.60600152941882,17.651500382354705,97.0,DC,parking
2025-11-27 14:09:00,11,Charging Station 11,28.58186408041576,77.12938999080001,10,3,7,0.7,1,46.81453495325764,11.70363373831441,115.0,DC,parking
2025-11-29 02:12:00,11,Charging Station 11,28.58186408041576,77.12938999080001,10,10,0,0.0,0,0.0,0.0,74.0,DC,parking
2025-12-02 01:15:00,11,Charging Station 11,28.58186408041576,77.12938999080001,10,10,0,0.0,0,0.0,0.0,42.0,DC,parking
2025-12-03 06:08:00,11,Charging Station 11,28.58186408041576,77.12938999080001,10,9,1,0.09999999999999998,0,0.0,0.0,57.0,DC,parking
2025-12-04 10:24:00,11,Charging Station 11,28.58186408041576,77.12938999080001,10,2,8,0.8,0,0.0,0.0,95.0,DC,parking
2025-12-11 04:15:00,11,Charging Station 11,28.58186408041576,77.12938999080001,10,10,0,0.0,1,39.19466853726513,9.798667134316283,104.0,DC,parking
2025-12-11 08:19:00,11,Charging Station 11,28.58186408041576,77.12938999080001,10,3,7,0.7,3,254.6610108470444,63.6652527117611,135.66666666666666,DC,parking
2025-12-13 04:14:00,11,Charging Station 11,28.58186408041576,77.12938999080001,10,10,0,0.0,1,35.946940393799366,8.986735098449842,129.0,DC,parking
2025-12-15 19:09:00,11,Charging Station 11,28.58186408041576,77.12938999080001,10,1,9,0.9,0,0.0,0.0,28.0,DC,parking
2025-12-17 16:51:00,11,Charging Station 11,28.58186408041576,77.12938999080001,10,3,7,0.7,0,0.0,0.0,23.0,DC,parking
2025-12-24 13:36:00,11,Charging Station 11,28.58186408041576,77.12938999080001,10,5,5,0.5,0,0.0,0.0,111.0,DC,parking
2025-12-25 17:27:00,11,Charging Station 11,28.58186408041576,77.12938999080001,10,1,9,0.9,1,126.73955346449263,31.684888366123158,77.0,DC,parking
2025-12-26 01:38:00,11,Charging Station 11,28.58186408041576,77.12938999080001,10,10,0,0.0,0,0.0,0.0,114.0,DC,parking
2025-12-26 05:15:00,11,Charging Station 11,28.58186408041576,77.12938999080001,10,8,2,0.19999999999999996,1,66.66913749443665,16.667284373609164,17.0,DC,parking
2025-12-27 18:56:00,11,Charging Station 11,28.58186408041576,77.12938999080001,10,4,6,0.6,1,69.57518445156589,17.393796112891472,77.0,DC,parking
2025-12-27 21:48:00,11,Charging Station 11,28.58186408041576,77.12938999080001,10,5,5,0.5,1,70.10640710842556,17.52660177710639,97.0,DC,parking
2025-12-28 18:00:00,11,Charging Station 11,28.58186408041576,77.12938999080001,10,4,6,0.6,1,21.118603771128434,5.279650942782109,178.0,DC,parking
2025-12-29 20:27:00,11,Charging Station 11,28.58186408041576,77.12938999080001,10,2,8,0.8,1,24.64153887805136,6.16038471951284,30.0,DC,parking
2025-12-30 11:49:00,11,Charging Station 11,28.58186408041576,77.12938999080001,10,2,8,0.8,1,99.6681450216003,24.917036255400074,129.0,DC,parking
2025-01-01 22:41:00,12,Charging Station 12,28.513540065563998,77.01565664622778,6,4,2,0.33333333333333337,0,0.0,0.0,86.0,DC,residential
2025-01-02 16:44:00,12,Charging Station 12,28.513540065563998,77.01565664622778,6,1,5,0.8333333333333334,0,0.0,0.0,258.0,DC,residential
2025-01-02 20:03:00,12,Charging Station 12,28.513540065563998,77.01565664622778,6,1,5,0.8333333333333334,0,0.0,0.0,104.0,DC,residential
2025-01-04 15:01:00,12,Charging Station 12,28.513540065563998,77.01565664622778,6,3,3,0.5,0,0.0,0.0,18.0,DC,residential
2025-01-06 18:03:00,12,Charging Station 12,28.513540065563998,77.01565664622778,6,1,5,0.8333333333333334,3,113.99895665974017,28.499739164935043,38.333333333333336,DC,residential
2025-01-08 23:43:00,12,Charging Station 12,28.513540065563998,77.01565664622778,6,5,1,0.16666666666666663,2,121.98513794108153,30.496284485270383,42.0,DC,residential
2025-01-09 18:22:00,12,Charging Station 12,28.513540065563998,77.01565664622778,6,0,6,1.0,2,165.8517511726942,41.46293779317355,102.0,DC,residential
2025-01-12 06:24:00,12,Charging Station 12,28.513540065563998,77.01565664622778,6,5,1,0.16666666666666663,0,0.0,0.0,112.0,DC,residential
2025-01-12 13:56:00,12,Charging Station 12,28.513540065563998,77.01565664622778,6,3,3,0.5,1,29.127235539517347,7.281808884879337,29.0,DC,residential
2025-01-23 01:12:00,12,Charging Station 12,28.513540065563998,77.01565664622778,6,6,0,0.0,0,0.0,0.0,27.0,DC,residential
2025-01-24 20:35:00,12,Charging Station 12,28.513540065563998,77.01565664622778,6,2,4,0.6666666666666667,2,84.18908276117149,21.047270690292873,58.5,DC,residential
2025-01-27 16:25:00,12,Charging Station 12,28.513540065563998,77.01565664622778,6,1,5,0.8333333333333334,1,77.70330105523075,19.42582526380769,118.0,DC,residential
2025-01-28 15:41:00,12,Charging Station 12,28.513540065563998,77.01565664622778,6,2,4,0.6666666666666667,2,119.72293556829815,29.93073389207454,80.0,DC,residential
2025-02-04 13:25:00,12,Charging Station 12,28.513540065563998,77.01565664622778,6,2,4,0.6666666666666667,0,0.0,0.0,99.0,DC,residential
2025-02-07 10:50:00,12,Charging Station 12,28.513540065563998,77.01565664622778,6,1,5,0.8333333333333334,0,0.0,0.0,109.0,DC,residential
2025-02-07 16:39:00,12,Charging Station 12,28.513540065563998,77.01565664622778,6,1,5,0.8333333333333334,0,0.0,0.0,297.0,DC,residential
2025-02-12 13:47:00,12,Charging Station 12,28.513540065563998,77.01565664622778,6,2,4,0.6666666666666667,0,0.0,0.0,83.0,DC,residential
2025-02-15 19:39:00,12,Charging Station 12,28.513540065563998,77.01565664622778,6,2,4,0.6666666666666667,0,0.0,0.0,35.0,DC,residential
2025-02-17 17:11:00,12,Charging Station 12,28.513540065563998,77.01565664622778,6,1,5,0.8333333333333334,1,113.89857237470561,28.474643093676402,44.0,DC,residential
2025-02-19 13:08:00,12,Charging Station 12,28.513540065563998,77.01565664622778,6,2,4,0.6666666666666667,0,0.0,0.0,82.0,DC,residential
2025-02-23 14:14:00,12,Charging Station 12,28.513540065563998,77.01565664622778,6,3,3,0.5,0,0.0,0.0,76.0,DC,residential
2025-02-23 23:10:00,12,Charging Station 12,28.513540065563998,77.01565664622778,6,5,1,0.16666666666666663,1,33.43658373654601,8.359145934136503,58.0,DC,residential
2025-02-25 10:31:00,12,Charging Station 12,28.513540065563998,77.01565664622778,6,1,5,0.8333333333333334,0,0.0,0.0,187.0,DC,residential
2025-03-01 08:08:00,12,Charging Station 12,28.513540065563998,77.01565664622778,6,3,3,0.5,1,51.07234991013861,12.768087477534653,28.0,DC,residential
2025-03-02 15:47:00,12,Charging Station 12,28.513540065563998,77.01565664622778,6,3,3,0.5,1,80.99194140924908,20.24798535231227,23.0,DC,residential
2025-03-03 15:11:00,12,Charging Station 12,28.513540065563998,77.01565664622778,6,2,4,0.6666666666666667,0,0.0,0.0,33.0,DC,residential
2025-03-04 22:00:00,12,Charging Station 12,28.513540065563998,77.01565664622778,6,3,3,0.5,0,0.0,0.0,32.0,DC,residential
2025-03-05 01:17:00,12,Charging Station 12,28.513540065563998,77.01565664622778,6,6,0,0.0,1,31.209955192001892,7.802488798000473,71.0,DC,residential
2025-03-07 03:23:00,12,Charging Station 12,28.513540065563998,77.01565664622778,6,6,0,0.0,0,0.0,0.0,161.0,DC,residential
2025-03-07 13:31:00,12,Charging Station 12,28.513540065563998,77.01565664622778,6,2,4,0.6666666666666667,0,0.0,0.0,24.0,DC,residential
2025-03-08 16:54:00,12,Charging Station 12,28.513540065563998,77.01565664622778,6,3,3,0.5,2,63.24615490548572,15.81153872637143,92.5,DC,residential
2025-03-09 07:15:00,12,Charging Station 12,28.513540065563998,77.01565664622778,6,4,2,0.33333333333333337,0,0.0,0.0,23.0,DC,residential
2025-03-10 03:59:00,12,Charging Station 12,28.513540065563998,77.01565664622778,6,6,0,0.0,0,0.0,0.0,262.0,DC,residential
2025-03-11 13:53:00,12,Charging Station 12,28.513540065563998,77.01565664622778,6,2,4,0.6666666666666667,0,0.0,0.0,58.0,DC,residential
2025-03-13 09:36:00,12,Charging Station 12,28.513540065563998,77.01565664622778,6,1,5,0.8333333333333334,0,0.0,0.0,31.0,DC,residential
2025-03-16 05:17:00,12,Charging Station 12,28.513540065563998,77.01565664622778,6,5,1,0.16666666666666663,0,0.0,0.0,66.0,DC,residential
2025-03-18 14:55:00,12,Charging Station 12,28.513540065563998,77.01565664622778,6,2,4,0.6666666666666667,0,0.0,0.0,110.0,DC,residential
2025-03-21 16:09:00,12,Charging Station 12,28.513540065563998,77.01565664622778,6,1,5,0.8333333333333334,3,127.05832886806483,31.76458221701621,34.333333333333336,DC,residential
2025-03-21 23:42:00,12,Charging Station 12,28.513540065563998,77.01565664622778,6,4,2,0.33333333333333337,2,132.5570641355966,33.13926603389915,170.0,DC,residential
2025-03-24 19:32:00,12,Charging Station 12,28.513540065563998,77.01565664622778,6,1,5,0.8333333333333334,0,0.0,0.0,29.0,DC,residential
2025-03-26 00:40:00,12,Charging Station 12,28.513540065563998,77.01565664622778,6,5,1,0.16666666666666663,0,0.0,0.0,72.0,DC,residential
2025-03-26 15:29:00,12,Charging Station 12,28.513540065563998,77.01565664622778,6,2,4,0.6666666666666667,0,0.0,0.0,20.0,DC,residential
2025-03-27 01:52:00,12,Charging Station 12,28.513540065563998,77.01565664622778,6,5,1,0.16666666666666663,0,0.0,0.0,89.0,DC,residential
2025-03-27 05:01:00,12,Charging Station 12,28.513540065563998,77.01565664622778,6,5,1,0.16666666666666663,0,0.0,0.0,80.0,DC,residential
2025-03-27 20:52:00,12,Charging Station 12,28.513540065563998,77.01565664622778,6,1,5,0.8333333333333334,1,72.25591744585645,18.063979361464114,44.0,DC,residential
2025-03-29 17:42:00,12,Charging Station 12,28.513540065563998,77.01565664622778,6,3,3,0.5,0,0.0,0.0,58.0,DC,residential
2025-03-29 23:50:00,12,Charging Station 12,28.513540065563998,77.01565664622778,6,5,1,0.16666666666666663,0,0.0,0.0,29.0,DC,residential
2025-03-30 14:51:00,12,Charging Station 12,28.513540065563998,77.01565664622778,6,3,3,0.5,2,40.59481383585248,10.14870345896312,45.0,DC,residential
2025-03-31 07:22:00,12,Charging Station 12,28.513540065563998,77.01565664622778,6,3,3,0.5,1,30.87512769018303,7.718781922545758,47.0,DC,residential
2025-03-31 12:36:00,12,Charging Station 12,28.513540065563998,77.01565664622778,6,2,4,0.6666666666666667,1,5.813239397684335,1.4533098494210837,104.0,DC,residential
2025-04-02 03:02:00,12,Charging Station 12,28.513540065563998,77.01565664622778,6,6,0,0.0,1,26.575854421754258,6.6439636054385645,45.0,DC,residential
2025-04-03 08:17:00,12,Charging Station 12,28.513540065563998,77.01565664622778,6,2,4,0.6666666666666667,1,62.84300162810762,15.710750407026906,112.0,DC,residential
2025-04-05 18:08:00,12,Charging Station 12,28.513540065563998,77.01565664622778,6,2,4,0.6666666666666667,1,24.282621295257382,6.0706553238143455,23.0,DC,residential
2025-04-06 00:58:00,12,Charging Station 12,28.513540065563998,77.01565664622778,6,6,0,0.0,0,0.0,0.0,68.0,DC,residential
2025-04-08 16:24:00,12,Charging Station 12,28.513540065563998,77.01565664622778,6,2,4,0.6666666666666667,2,164.01392892886454,41.003482232216136,153.5,DC,residential
2025-04-09 14:55:00,12,Charging Station 12,28.513540065563998,77.01565664622778,6,3,3,0.5,0,0.0,0.0,20.0,DC,residential
2025-04-10 08:05:00,12,Charging Station 12,28.513540065563998,77.01565664622778,6,2,4,0.6666666666666667,2,120.27384731857366,30.068461829643415,55.0,DC,residential
2025-04-12 16:55:00,12,Charging Station 12,28.513540065563998,77.01565664622778,6,3,3,0.5,3,286.8864322781885,71.72160806954713,114.0,DC,residential
2025-04-13 08:41:00,12,Charging Station 12,28.513540065563998,77.01565664622778,6,4,2,0.33333333333333337,3,194.97785698473749,48.74446424618437,84.66666666666667,DC,residential
2025-04-13 09:19:00,12,Charging Station 12,28.513540065563998,77.01565664622778,6,3,3,0.5,0,0.0,0.0,43.0,DC,residential
2025-04-18 03:07:00,12,Charging Station 12,28.513540065563998,77.01565664622778,6,6,0,0.0,0,0.0,0.0,67.0,DC,residential
2025-04-21 15:06:00,12,Charging Station 12,28.513540065563998,77.01565664622778,6,2,4,0.6666666666666667,0,0.0,0.0,296.0,DC,residential
2025-04-25 02:13:00,12,Charging Station 12,28.513540065563998,77.01565664622778,6,6,0,0.0,1,33.34073539733709,8.335183849334273,114.0,DC,residential
2025-04-25 19:16:00,12,Charging Station 12,28.513540065563998,77.01565664622778,6,1,5,0.8333333333333334,0,0.0,0.0,90.0,DC,residential
2025-05-01 05:21:00,12,Charging Station 12,28.513540065563998,77.01565664622778,6,5,1,0.16666666666666663,0,0.0,0.0,64.0,DC,residential
2025-05-02 06:19:00,12,Charging Station 12,28.513540065563998,77.01565664622778,6,5,1,0.16666666666666663,1,59.15747993020989,14.789369982552472,32.0,DC,residential
2025-05-03 23:48:00,12,Charging Station 12,28.513540065563998,77.01565664622778,6,5,1,0.16666666666666663,0,0.0,0.0,34.0,DC,residential
2025-05-05 17:38:00,12,Charging Station 12,28.513540065563998,77.01565664622778,6,1,5,0.8333333333333334,1,16.153257316058514,4.038314329014629,86.0,DC,residential
2025-05-07 04:23:00,12,Charging Station 12,28.513540065563998,77.01565664622778,6,6,0,0.0,0,0.0,0.0,212.0,DC,residential
2025-05-10 05:52:00,12,Charging Station 12,28.513540065563998,77.01565664622778,6,6,0,0.0,1,17.772358795651456,4.443089698912864,19.0,DC,residential
2025-05-11 20:30:00,12,Charging Station 12,28.513540065563998,77.01565664622778,6,3,3,0.5,0,0.0,0.0,100.0,DC,residential
2025-05-19 15:07:00,12,Charging Station 12,28.513540065563998,77.01565664622778,6,2,4,0.6666666666666667,1,75.98117519960562,18.995293799901404,100.0,DC,residential
2025-05-20 02:49:00,12,Charging Station 12,28.513540065563998,77.01565664622778,6,6,0,0.0,0,0.0,0.0,74.0,DC,residential
2025-05-20 06:46:00,12,Charging Station 12,28.513540065563998,77.01565664622778,6,5,1,0.16666666666666663,0,0.0,0.0,104.0,DC,residential
2025-05-21 15:14:00,12,Charging Station 12,28.513540065563998,77.01565664622778,6,2,4,0.6666666666666667,0,0.0,0.0,59.0,DC,residential
2025-05-23 04:35:00,12,Charging Station 12,28.513540065563998,77.01565664622778,6,6,0,0.0,0,0.0,0.0,71.0,DC,residential
2025-05-24 15:26:00,12,Charging Station 12,28.513540065563998,77.01565664622778,6,2,4,0.6666666666666667,1,85.37914785565228,21.34478696391307,101.0,DC,residential
2025-05-25 17:35:00,12,Charging Station 12,28.513540065563998,77.01565664622778,6,2,4,0.6666666666666667,0,0.0,0.0,58.0,DC,residential
2025-05-26 08:51:00,12,Charging Station 12,28.513540065563998,77.01565664622778,6,2,4,0.6666666666666667,2,193.60647708266183,48.401619270665456,183.0,DC,residential
2025-05-29 20:40:00,12,Charging Station 12,28.513540065563998,77.01565664622778,6,1,5,0.8333333333333334,0,0.0,0.0,96.0,DC,residential
2025-06-03 20:56:00,12,Charging Station 12,28.513540065563998,77.01565664622778,6,2,4,0.6666666666666667,1,220.1754374973403,55.04385937433508,99.0,DC,residential
2025-06-04 13:07:00,12,Charging Station 12,28.513540065563998,77.01565664622778,6,2,4,0.6666666666666667,0,0.0,0.0,105.0,DC,residential
2025-06-05 11:05:00,12,Charging Station 12,28.513540065563998,77.01565664622778,6,2,4,0.6666666666666667,0,0.0,0.0,33.0,DC,residential
2025-06-06 09:33:00,12,Charging Station 12,28.513540065563998,77.01565664622778,6,1,5,0.8333333333333334,1,23.84148492298861,5.960371230747152,115.0,DC,residential
2025-06-07 19:41:00,12,Charging Station 12,28.513540065563998,77.01565664622778,6,3,3,0.5,1,94.58433728894836,23.64608432223709,31.0,DC,residential
2025-06-08 06:29:00,12,Charging Station 12,28.513540065563998,77.01565664622778,6,5,1,0.16666666666666663,0,0.0,0.0,29.0,DC,residential
2025-06-09 15:31:00,12,Charging Station 12,28.513540065563998,77.01565664622778,6,2,4,0.6666666666666667,0,0.0,0.0,47.0,DC,residential
2025-06-11 09:54:00,12,Charging Station 12,28.513540065563998,77.01565664622778,6,1,5,0.8333333333333334,1,56.557338355787365,14.139334588946841,43.0,DC,residential
2025-06-12 08:27:00,12,Charging Station 12,28.513540065563998,77.01565664622778,6,2,4,0.6666666666666667,4,91.40125502818206,22.850313757045516,58.0,DC,residential
2025-06-13 05:43:00,12,Charging Station 12,28.513540065563998,77.01565664622778,6,5,1,0.16666666666666663,2,86.65498860317732,21.66374715079433,49.5,DC,residential
2025-06-13 23:42:00,12,Charging Station 12,28.513540065563998,77.01565664622778,6,5,1,0.16666666666666663,0,0.0,0.0,42.0,DC,residential
2025-06-18 09:52:00,12,Charging Station 12,28.513540065563998,77.01565664622778,6,1,5,0.8333333333333334,0,0.0,0.0,284.0,DC,residential
2025-06-18 20:13:00,12,Charging Station 12,28.513540065563998,77.01565664622778,6,1,5,0.8333333333333334,2,75.28650905319336,18.82162726329834,103.0,DC,residential
2025-06-20 15:04:00,12,Charging Station 12,28.513540065563998,77.01565664622778,6,2,4,0.6666666666666667,0,0.0,0.0,29.0,DC,residential
2025-06-25 21:35:00,12,Charging Station 12,28.513540065563998,77.01565664622778,6,2,4,0.6666666666666667,0,0.0,0.0,144.0,DC,residential
2025-06-28 17:14:00,12,Charging Station 12,28.513540065563998,77.01565664622778,6,3,3,0.5,0,0.0,0.0,59.0,DC,residential
2025-07-01 17:02:00,12,Charging Station 12,28.513540065563998,77.01565664622778,6,0,6,1.0,1,146.4141886342297,36.603547158557426,113.0,DC,residential
2025-07-08 05:02:00,12,Charging Station 12,28.513540065563998,77.01565664622778,6,5,1,0.16666666666666663,0,0.0,0.0,93.0,DC,residential
2025-07-08 19:08:00,12,Charging Station 12,28.513540065563998,77.01565664622778,6,1,5,0.8333333333333334,1,37.780218624953065,9.445054656238266,47.0,DC,residential
2025-07-10 07:57:00,12,Charging Station 12,28.513540065563998,77.01565664622778,6,3,3,0.5,0,0.0,0.0,59.0,DC,residential
2025-07-10 11:07:00,12,Charging Station 12,28.513540065563998,77.01565664622778,6,2,4,0.6666666666666667,0,0.0,0.0,99.0,DC,residential
2025-07-12 17:07:00,12,Charging Station 12,28.513540065563998,77.01565664622778,6,2,4,0.6666666666666667,0,0.0,0.0,30.0,DC,residential
2025-07-13 20:35:00,12,Charging Station 12,28.513540065563998,77.01565664622778,6,3,3,0.5,0,0.0,0.0,29.0,DC,residential
2025-07-14 11:42:00,12,Charging Station 12,28.513540065563998,77.01565664622778,6,1,5,0.8333333333333334,0,0.0,0.0,88.0,DC,residential
2025-07-16 03:45:00,12,Charging Station 12,28.513540065563998,77.01565664622778,6,6,0,0.0,0,0.0,0.0,96.0,DC,residential
2025-07-17 13:13:00,12,Charging Station 12,28.513540065563998,77.01565664622778,6,2,4,0.6666666666666667,0,0.0,0.0,32.0,DC,residential
2025-07-22 11:16:00,12,Charging Station 12,28.513540065563998,77.01565664622778,6,2,4,0.6666666666666667,0,0.0,0.0,103.0,DC,residential
2025-07-24 08:07:00,12,Charging Station 12,28.513540065563998,77.01565664622778,6,2,4,0.6666666666666667,1,142.28559783263944,35.57139945815986,213.0,DC,residential
2025-07-29 23:02:00,12,Charging Station 12,28.513540065563998,77.01565664622778,6,5,1,0.16666666666666663,1,8.623357148369033,2.1558392870922582,98.0,DC,residential
2025-08-01 08:33:00,12,Charging Station 12,28.513540065563998,77.01565664622778,6,2,4,0.6666666666666667,1,20.171325711191123,5.042831427797781,113.0,DC,residential
2025-08-02 06:52:00,12,Charging Station 12,28.513540065563998,77.01565664622778,6,5,1,0.16666666666666663,1,122.27620698980535,30.569051747451336,55.0,DC,residential
2025-08-02 12:53:00,12,Charging Station 12,28.513540065563998,77.01565664622778,6,3,3,0.5,2,97.97660351463865,24.494150878659664,57.0,DC,residential
2025-08-03 07:50:00,12,Charging Station 12,28.513540065563998,77.01565664622778,6,4,2,0.33333333333333337,1,20.793283902370213,5.198320975592553,103.0,DC,residential
2025-08-06 13:43:00,12,Charging Station 12,28.513540065563998,77.01565664622778,6,2,4,0.6666666666666667,1,151.18962387123972,37.79740596780993,98.0,DC,residential
2025-08-06 21:11:00,12,Charging Station 12,28.513540065563998,77.01565664622778,6,2,4,0.6666666666666667,1,12.75259030827186,3.188147577067965,43.0,DC,residential
2025-08-07 16:31:00,12,Charging Station 12,28.513540065563998,77.01565664622778,6,2,4,0.6666666666666667,0,0.0,0.0,119.0,DC,residential
2025-08-09 04:09:00,12,Charging Station 12,28.513540065563998,77.01565664622778,6,6,0,0.0,0,0.0,0.0,115.0,DC,residential
2025-08-09 11:48:00,12,Charging Station 12,28.513540065563998,77.01565664622778,6,2,4,0.6666666666666667,0,0.0,0.0,47.0,DC,residential
2025-08-11 01:37:00,12,Charging Station 12,28.513540065563998,77.01565664622778,6,6,0,0.0,0,0.0,0.0,97.0,DC,residential
2025-08-11 05:01:00,12,Charging Station 12,28.513540065563998,77.01565664622778,6,6,0,0.0,0,0.0,0.0,104.0,DC,residential
2025-08-12 08:08:00,12,Charging Station 12,28.513540065563998,77.01565664622778,6,2,4,0.6666666666666667,1,79.59336589956342,19.898341474890856,57.0,DC,residential
2025-08-13 07:10:00,12,Charging Station 12,28.513540065563998,77.01565664622778,6,4,2,0.33333333333333337,0,0.0,0.0,86.0,DC,residential
2025-08-14 12:13:00,12,Charging Station 12,28.513540065563998,77.01565664622778,6,2,4,0.6666666666666667,0,0.0,0.0,28.0,DC,residential
2025-08-14 15:28:00,12,Charging Station 12,28.513540065563998,77.01565664622778,6,2,4,0.6666666666666667,0,0.0,0.0,53.0,DC,residential
2025-08-16 16:02:00,12,Charging Station 12,28.513540065563998,77.01565664622778,6,3,3,0.5,0,0.0,0.0,112.0,DC,residential
2025-08-24 00:25:00,12,Charging Station 12,28.513540065563998,77.01565664622778,6,6,0,0.0,1,6.1311093241180465,1.5327773310295116,66.0,DC,residential
2025-08-25 08:28:00,12,Charging Station 12,28.513540065563998,77.01565664622778,6,1,5,0.8333333333333334,2,306.9814529526102,76.74536323815255,65.5,DC,residential
2025-08-26 02:29:00,12,Charging Station 12,28.513540065563998,77.01565664622778,6,5,1,0.16666666666666663,0,0.0,0.0,156.0,DC,residential
2025-08-28 14:49:00,12,Charging Station 12,28.513540065563998,77.01565664622778,6,2,4,0.6666666666666667,1,30.813505805288678,7.703376451322169,94.0,DC,residential
2025-08-29 20:58:00,12,Charging Station 12,28.513540065563998,77.01565664622778,6,1,5,0.8333333333333334,0,0.0,0.0,112.0,DC,residential
2025-08-30 14:21:00,12,Charging Station 12,28.513540065563998,77.01565664622778,6,3,3,0.5,0,0.0,0.0,39.0,DC,residential
2025-09-03 08:05:00,12,Charging Station 12,28.513540065563998,77.01565664622778,6,2,4,0.6666666666666667,4,124.00518785969595,31.001296964923988,72.5,DC,residential
2025-09-05 12:18:00,12,Charging Station 12,28.513540065563998,77.01565664622778,6,2,4,0.6666666666666667,0,0.0,0.0,93.0,DC,residential
2025-09-05 18:38:00,12,Charging Station 12,28.513540065563998,77.01565664622778,6,1,5,0.8333333333333334,0,0.0,0.0,276.0,DC,residential
2025-09-06 11:03:00,12,Charging Station 12,28.513540065563998,77.01565664622778,6,3,3,0.5,0,0.0,0.0,106.0,DC,residential
2025-09-09 06:02:00,12,Charging Station 12,28.513540065563998,77.01565664622778,6,5,1,0.16666666666666663,1,79.1394303472066,19.78485758680165,211.0,DC,residential
2025-09-12 21:48:00,12,Charging Station 12,28.513540065563998,77.01565664622778,6,2,4,0.6666666666666667,1,99.64186435878693,24.910466089696733,112.0,DC,residential
2025-09-13 17:42:00,12,Charging Station 12,28.513540065563998,77.01565664622778,6,3,3,0.5,0,0.0,0.0,130.0,DC,residential
2025-09-16 20:58:00,12,Charging Station 12,28.513540065563998,77.01565664622778,6,1,5,0.8333333333333334,0,0.0,0.0,116.0,DC,residential
2025-09-19 00:22:00,12,Charging Station 12,28.513540065563998,77.01565664622778,6,5,1,0.16666666666666663,0,0.0,0.0,28.0,DC,residential
2025-09-20 14:31:00,12,Charging Station 12,28.513540065563998,77.01565664622778,6,3,3,0.5,0,0.0,0.0,90.0,DC,residential
2025-09-21 08:14:00,12,Charging Station 12,28.513540065563998,77.01565664622778,6,3,3,0.5,1,7.146505752849012,1.786626438212253,110.0,DC,residential
2025-09-22 05:28:00,12,Charging Station 12,28.513540065563998,77.01565664622778,6,5,1,0.16666666666666663,0,0.0,0.0,32.0,DC,residential
2025-09-29 07:37:00,12,Charging Station 12,28.513540065563998,77.01565664622778,6,3,3,0.5,0,0.0,0.0,119.0,DC,residential
2025-10-03 04:47:00,12,Charging Station 12,28.513540065563998,77.01565664622778,6,6,0,0.0,2,118.08153534793792,29.52038383698448,124.5,DC,residential
2025-10-08 20:23:00,12,Charging Station 12,28.513540065563998,77.01565664622778,6,1,5,0.8333333333333334,0,0.0,0.0,38.0,DC,residential
2025-10-14 09:02:00,12,Charging Station 12,28.513540065563998,77.01565664622778,6,1,5,0.8333333333333334,0,0.0,0.0,88.0,DC,residential
2025-10-17 09:39:00,12,Charging Station 12,28.513540065563998,77.01565664622778,6,1,5,0.8333333333333334,0,0.0,0.0,20.0,DC,residential
2025-10-18 06:23:00,12,Charging Station 12,28.513540065563998,77.01565664622778,6,5,1,0.16666666666666663,0,0.0,0.0,269.0,DC,residential
2025-10-21 23:30:00,12,Charging Station 12,28.513540065563998,77.01565664622778,6,5,1,0.16666666666666663,0,0.0,0.0,20.0,DC,residential
2025-10-23 07:04:00,12,Charging Station 12,28.513540065563998,77.01565664622778,6,4,2,0.33333333333333337,0,0.0,0.0,204.0,DC,residential
2025-10-25 16:29:00,12,Charging Station 12,28.513540065563998,77.01565664622778,6,3,3,0.5,0,0.0,0.0,25.0,DC,residential
2025-10-28 16:22:00,12,Charging Station 12,28.513540065563998,77.01565664622778,6,1,5,0.8333333333333334,1,79.14660069103303,19.786650172758257,50.0,DC,residential
2025-10-30 02:00:00,12,Charging Station 12,28.513540065563998,77.01565664622778,6,6,0,0.0,1,66.91773712393407,16.72943428098352,83.0,DC,residential
2025-10-31 09:34:00,12,Charging Station 12,28.513540065563998,77.01565664622778,6,1,5,0.8333333333333334,0,0.0,0.0,108.0,DC,residential
2025-11-02 16:46:00,12,Charging Station 12,28.513540065563998,77.01565664622778,6,3,3,0.5,0,0.0,0.0,59.0,DC,residential
2025-11-10 22:54:00,12,Charging Station 12,28.513540065563998,77.01565664622778,6,4,2,0.33333333333333337,0,0.0,0.0,90.0,DC,residential
2025-11-12 10:20:00,12,Charging Station 12,28.513540065563998,77.01565664622778,6,1,5,0.8333333333333334,0,0.0,0.0,199.0,DC,residential
2025-11-13 04:14:00,12,Charging Station 12,28.513540065563998,77.01565664622778,6,6,0,0.0,0,0.0,0.0,101.0,DC,residential
2025-11-14 00:10:00,12,Charging Station 12,28.513540065563998,77.01565664622778,6,5,1,0.16666666666666663,0,0.0,0.0,39.0,DC,residential
2025-11-15 21:21:00,12,Charging Station 12,28.513540065563998,77.01565664622778,6,3,3,0.5,0,0.0,0.0,86.0,DC,residential
2025-11-15 23:47:00,12,Charging Station 12,28.513540065563998,77.01565664622778,6,5,1,0.16666666666666663,0,0.0,0.0,293.0,DC,residential
2025-11-16 02:21:00,12,Charging Station 12,28.513540065563998,77.01565664622778,6,6,0,0.0,0,0.0,0.0,85.0,DC,residential
2025-11-17 07:37:00,12,Charging Station 12,28.513540065563998,77.01565664622778,6,3,3,0.5,0,0.0,0.0,29.0,DC,residential
2025-11-17 20:12:00,12,Charging Station 12,28.513540065563998,77.01565664622778,6,2,4,0.6666666666666667,0,0.0,0.0,87.0,DC,residential
2025-11-18 21:55:00,12,Charging Station 12,28.513540065563998,77.01565664622778,6,2,4,0.6666666666666667,1,61.60143502151895,15.400358755379738,167.0,DC,residential
2025-11-25 19:51:00,12,Charging Station 12,28.513540065563998,77.01565664622778,6,2,4,0.6666666666666667,0,0.0,0.0,84.0,DC,residential
2025-11-25 20:06:00,12,Charging Station 12,28.513540065563998,77.01565664622778,6,1,5,0.8333333333333334,1,42.910530625623686,10.727632656405921,94.0,DC,residential
2025-11-29 10:19:00,12,Charging Station 12,28.513540065563998,77.01565664622778,6,2,4,0.6666666666666667,1,56.38223898226922,14.095559745567305,65.0,DC,residential
2025-11-29 12:31:00,12,Charging Station 12,28.513540065563998,77.01565664622778,6,4,2,0.33333333333333337,1,145.45982350078364,36.36495587519591,18.0,DC,residential
2025-11-29 15:49:00,12,Charging Station 12,28.513540065563998,77.01565664622778,6,3,3,0.5,1,119.93811808695347,29.984529521738366,66.0,DC,residential
2025-12-01 02:51:00,12,Charging Station 12,28.513540065563998,77.01565664622778,6,6,0,0.0,1,74.90984082257489,18.727460205643723,123.0,DC,residential
2025-12-02 08:46:00,12,Charging Station 12,28.513540065563998,77.01565664622778,6,2,4,0.6666666666666667,1,40.74294762528795,10.185736906321987,117.0,DC,residential
2025-12-03 13:23:00,12,Charging Station 12,28.513540065563998,77.01565664622778,6,2,4,0.6666666666666667,0,0.0,0.0,57.0,DC,residential
2025-12-05 22:18:00,12,Charging Station 12,28.513540065563998,77.01565664622778,6,3,3,0.5,0,0.0,0.0,19.0,DC,residential
2025-12-07 20:08:00,12,Charging Station 12,28.513540065563998,77.01565664622778,6,3,3,0.5,0,0.0,0.0,123.0,DC,residential
2025-12-09 03:57:00,12,Charging Station 12,28.513540065563998,77.01565664622778,6,6,0,0.0,1,159.99831134810952,39.99957783702738,92.0,DC,residential
2025-12-12 17:36:00,12,Charging Station 12,28.513540065563998,77.01565664622778,6,1,5,0.8333333333333334,0,0.0,0.0,48.0,DC,residential
2025-12-13 03:29:00,12,Charging Station 12,28.513540065563998,77.01565664622778,6,6,0,0.0,1,85.44970354476534,21.362425886191335,75.0,DC,residential
2025-12-13 06:51:00,12,Charging Station 12,28.513540065563998,77.01565664622778,6,5,1,0.16666666666666663,1,53.2714669856106,13.31786674640265,47.0,DC,residential
2025-12-15 11:09:00,12,Charging Station 12,28.513540065563998,77.01565664622778,6,1,5,0.8333333333333334,1,16.413984053846313,4.103496013461578,65.0,DC,residential
2025-12-16 10:06:00,12,Charging Station 12,28.513540065563998,77.01565664622778,6,1,5,0.8333333333333334,0,0.0,0.0,22.0,DC,residential
2025-12-17 03:30:00,12,Charging Station 12,28.513540065563998,77.01565664622778,6,6,0,0.0,0,0.0,0.0,104.0,DC,residential
2025-12-18 07:18:00,12,Charging Station 12,28.513540065563998,77.01565664622778,6,4,2,0.33333333333333337,0,0.0,0.0,19.0,DC,residential
2025-12-20 20:15:00,12,Charging Station 12,28.513540065563998,77.01565664622778,6,2,4,0.6666666666666667,1,57.246450781434056,14.311612695358514,164.0,DC,residential
2025-12-21 13:09:00,12,Charging Station 12,28.513540065563998,77.01565664622778,6,3,3,0.5,0,0.0,0.0,20.0,DC,residential
2025-12-22 11:15:00,12,Charging Station 12,28.513540065563998,77.01565664622778,6,1,5,0.8333333333333334,0,0.0,0.0,67.0,DC,residential
2025-12-22 14:52:00,12,Charging Station 12,28.513540065563998,77.01565664622778,6,2,4,0.6666666666666667,0,0.0,0.0,88.0,DC,residential
2025-12-23 17:06:00,12,Charging Station 12,28.513540065563998,77.01565664622778,6,1,5,0.8333333333333334,0,0.0,0.0,22.0,DC,residential
2025-12-26 12:51:00,12,Charging Station 12,28.513540065563998,77.01565664622778,6,2,4,0.6666666666666667,2,146.9422528381429,36.73556320953573,55.5,DC,residential
2025-12-29 03:26:00,12,Charging Station 12,28.513540065563998,77.01565664622778,6,6,0,0.0,0,0.0,0.0,29.0,DC,residential
2025-01-01 14:36:00,13,Charging Station 13,28.58789978831284,77.44741367521382,16,6,10,0.625,1,32.347561931734084,8.086890482933521,212.0,Both,residential
2025-01-03 04:51:00,13,Charging Station 13,28.58789978831284,77.44741367521382,16,15,1,0.0625,1,82.7691829469194,20.69229573672985,103.0,Both,residential
2025-01-06 19:22:00,13,Charging Station 13,28.58789978831284,77.44741367521382,16,3,13,0.8125,1,21.845113878254544,5.461278469563636,94.0,Both,residential
2025-01-10 02:30:00,13,Charging Station 13,28.58789978831284,77.44741367521382,16,15,1,0.0625,1,211.84917591505828,52.96229397876457,48.0,Both,residential
2025-01-11 13:05:00,13,Charging Station 13,28.58789978831284,77.44741367521382,16,8,8,0.5,0,0.0,0.0,116.0,Both,residential
2025-01-11 14:09:00,13,Charging Station 13,28.58789978831284,77.44741367521382,16,8,8,0.5,1,251.0280146198411,62.75700365496027,95.0,Both,residential
2025-01-12 01:19:00,13,Charging Station 13,28.58789978831284,77.44741367521382,16,16,0,0.0,0,0.0,0.0,51.0,Both,residential
2025-01-12 05:34:00,13,Charging Station 13,28.58789978831284,77.44741367521382,16,16,0,0.0,0,0.0,0.0,66.0,Both,residential
2025-01-14 15:01:00,13,Charging Station 13,28.58789978831284,77.44741367521382,16,4,12,0.75,0,0.0,0.0,36.0,Both,residential
2025-01-17 19:55:00,13,Charging Station 13,28.58789978831284,77.44741367521382,16,2,14,0.875,0,0.0,0.0,21.0,Both,residential
2025-01-17 21:00:00,13,Charging Station 13,28.58789978831284,77.44741367521382,16,8,8,0.5,0,0.0,0.0,80.0,Both,residential
2025-01-22 04:44:00,13,Charging Station 13,28.58789978831284,77.44741367521382,16,15,1,0.0625,0,0.0,0.0,89.0,Both,residential
2025-01-22 05:56:00,13,Charging Station 13,28.58789978831284,77.44741367521382,16,16,0,0.0,0,0.0,0.0,54.0,Both,residential
2025-01-22 17:47:00,13,Charging Station 13,28.58789978831284,77.44741367521382,16,2,14,0.875,2,182.63402771628236,45.65850692907059,71.0,Both,residential
2025-01-23 05:14:00,13,Charging Station 13,28.58789978831284,77.44741367521382,16,14,2,0.125,1,94.7149195759419,23.678729893985476,116.0,Both,residential
2025-01-23 14:15:00,13,Charging Station 13,28.58789978831284,77.44741367521382,16,6,10,0.625,0,0.0,0.0,80.0,Both,residential
2025-01-29 21:56:00,13,Charging Station 13,28.58789978831284,77.44741367521382,16,7,9,0.5625,0,0.0,0.0,33.0,Both,residential
2025-01-31 03:48:00,13,Charging Station 13,28.58789978831284,77.44741367521382,16,15,1,0.0625,0,0.0,0.0,117.0,Both,residential
2025-02-02 01:15:00,13,Charging Station 13,28.58789978831284,77.44741367521382,16,14,2,0.125,0,0.0,0.0,75.0,Both,residential
2025-02-05 04:25:00,13,Charging Station 13,28.58789978831284,77.44741367521382,16,15,1,0.0625,1,139.33915705196367,34.83478926299092,51.0,Both,residential
2025-02-06 09:15:00,13,Charging Station 13,28.58789978831284,77.44741367521382,16,4,12,0.75,0,0.0,0.0,97.0,Both,residential
2025-02-06 15:12:00,13,Charging Station 13,28.58789978831284,77.44741367521382,16,5,11,0.6875,2,161.60616114197802,40.401540285494505,164.0,Both,residential
2025-02-07 13:33:00,13,Charging Station 13,28.58789978831284,77.44741367521382,16,6,10,0.625,0,0.0,0.0,138.0,Both,residential
2025-02-08 14:54:00,13,Charging Station 13,28.58789978831284,77.44741367521382,16,9,7,0.4375,2,95.51833398589973,23.879583496474933,127.5,Both,residential
2025-02-08 16:50:00,13,Charging Station 13,28.58789978831284,77.44741367521382,16,9,7,0.4375,1,27.75646957492859,6.939117393732148,50.0,Both,residential
2025-02-12 08:38:00,13,Charging Station 13,28.58789978831284,77.44741367521382,16,4,12,0.75,2,108.43026795132882,27.107566987832204,56.5,Both,residential
2025-02-15 17:06:00,13,Charging Station 13,28.58789978831284,77.44741367521382,16,6,10,0.625,1,140.3001274723602,35.07503186809005,105.0,Both,residential
2025-02-16 09:15:00,13,Charging Station 13,28.58789978831284,77.44741367521382,16,7,9,0.5625,1,110.29283494074969,27.57320873518742,36.0,Both,residential
2025-02-19 21:42:00,13,Charging Station 13,28.58789978831284,77.44741367521382,16,7,9,0.5625,2,127.09298487850573,31.773246219626433,50.5,Both,residential
2025-02-22 04:11:00,13,Charging Station 13,28.58789978831284,77.44741367521382,16,16,0,0.0,0,0.0,0.0,57.0,Both,residential
2025-02-25 02:55:00,13,Charging Station 13,28.58789978831284,77.44741367521382,16,15,1,0.0625,0,0.0,0.0,52.0,Both,residential
2025-02-26 11:33:00,13,Charging Station 13,28.58789978831284,77.44741367521382,16,3,13,0.8125,1,74.23626190109724,18.55906547527431,30.0,Both,residential
2025-02-27 18:03:00,13,Charging Station 13,28.58789978831284,77.44741367521382,16,2,14,0.875,1,74.24073874601292,18.56018468650323,81.0,Both,residential
2025-03-02 16:49:00,13,Charging Station 13,28.58789978831284,77.44741367521382,16,6,10,0.625,0,0.0,0.0,49.0,Both,residential
2025-03-07 19:32:00,13,Charging Station 13,28.58789978831284,77.44741367521382,16,2,14,0.875,1,108.96093226203233,27.240233065508082,30.0,Both,residential
2025-03-09 10:01:00,13,Charging Station 13,28.58789978831284,77.44741367521382,16,7,9,0.5625,1,54.550396847280304,13.637599211820076,77.0,Both,residential
2025-03-10 16:06:00,13,Charging Station 13,28.58789978831284,77.44741367521382,16,4,12,0.75,1,16.464810585133705,4.116202646283426,113.0,Both,residential
2025-03-11 20:10:00,13,Charging Station 13,28.58789978831284,77.44741367521382,16,4,12,0.75,0,0.0,0.0,75.0,Both,residential
2025-03-13 16:48:00,13,Charging Station 13,28.58789978831284,77.44741367521382,16,5,11,0.6875,1,36.84352769876051,9.210881924690128,72.0,Both,residential
2025-03-15 23:10:00,13,Charging Station 13,28.58789978831284,77.44741367521382,16,14,2,0.125,0,0.0,0.0,278.0,Both,residential
2025-03-19 02:19:00,13,Charging Station 13,28.58789978831284,77.44741367521382,16,16,0,0.0,0,0.0,0.0,237.0,Both,residential
2025-03-19 08:06:00,13,Charging Station 13,28.58789978831284,77.44741367521382,16,4,12,0.75,3,78.77241814896476,19.69310453724119,118.66666666666667,Both,residential
2025-03-21 12:26:00,13,Charging Station 13,28.58789978831284,77.44741367521382,16,6,10,0.625,0,0.0,0.0,26.0,Both,residential
2025-03-22 16:02:00,13,Charging Station 13,28.58789978831284,77.44741367521382,16,9,7,0.4375,1,53.04444524183333,13.261111310458332,26.0,Both,residential
2025-03-24 12:53:00,13,Charging Station 13,28.58789978831284,77.44741367521382,16,6,10,0.625,0,0.0,0.0,88.0,Both,residential
2025-03-25 16:02:00,13,Charging Station 13,28.58789978831284,77.44741367521382,16,5,11,0.6875,0,0.0,0.0,55.0,Both,residential
2025-03-29 10:39:00,13,Charging Station 13,28.58789978831284,77.44741367521382,16,6,10,0.625,1,27.256901447449515,6.814225361862379,226.0,Both,residential
2025-03-31 07:02:00,13,Charging Station 13,28.58789978831284,77.44741367521382,16,10,6,0.375,1,106.05915839414837,26.514789598537092,74.0,Both,residential
2025-04-01 13:48:00,13,Charging Station 13,28.58789978831284,77.44741367521382,16,7,9,0.5625,2,328.551365479859,82.13784136996475,104.5,Both,residential
2025-04-04 09:58:00,13,Charging Station 13,28.58789978831284,77.44741367521382,16,3,13,0.8125,0,0.0,0.0,113.0,Both,residential
2025-04-07 18:01:00,13,Charging Station 13,28.58789978831284,77.44741367521382,16,1,15,0.9375,1,5.2694015347515135,1.3173503836878784,112.0,Both,residential
2025-04-09 07:26:00,13,Charging Station 13,28.58789978831284,77.44741367521382,16,11,5,0.3125,2,390.20183714040235,97.55045928510059,63.5,Both,residential
2025-04-10 01:15:00,13,Charging Station 13,28.58789978831284,77.44741367521382,16,16,0,0.0,0,0.0,0.0,173.0,Both,residential
2025-04-10 10:09:00,13,Charging Station 13,28.58789978831284,77.44741367521382,16,3,13,0.8125,0,0.0,0.0,48.0,Both,residential
2025-04-12 17:00:00,13,Charging Station 13,28.58789978831284,77.44741367521382,16,7,9,0.5625,0,0.0,0.0,184.0,Both,residential
2025-04-14 06:26:00,13,Charging Station 13,28.58789978831284,77.44741367521382,16,12,4,0.25,1,92.48792301063425,23.121980752658562,34.0,Both,residential
2025-04-15 06:36:00,13,Charging Station 13,28.58789978831284,77.44741367521382,16,11,5,0.3125,2,250.82955941206865,62.70738985301716,38.0,Both,residential
2025-04-15 14:02:00,13,Charging Station 13,28.58789978831284,77.44741367521382,16,4,12,0.75,1,24.270425971811278,6.0676064929528195,53.0,Both,residential
2025-04-16 03:23:00,13,Charging Station 13,28.58789978831284,77.44741367521382,16,15,1,0.0625,1,63.22270621676239,15.805676554190597,214.0,Both,residential
2025-04-19 12:48:00,13,Charging Station 13,28.58789978831284,77.44741367521382,16,9,7,0.4375,1,117.90749761897166,29.476874404742915,77.0,Both,residential
2025-04-21 04:49:00,13,Charging Station 13,28.58789978831284,77.44741367521382,16,15,1,0.0625,1,120.93952961984132,30.23488240496033,77.0,Both,residential
2025-04-21 12:29:00,13,Charging Station 13,28.58789978831284,77.44741367521382,16,6,10,0.625,0,0.0,0.0,214.0,Both,residential
2025-04-24 16:48:00,13,Charging Station 13,28.58789978831284,77.44741367521382,16,3,13,0.8125,0,0.0,0.0,49.0,Both,residential
2025-04-24 23:09:00,13,Charging Station 13,28.58789978831284,77.44741367521382,16,13,3,0.1875,0,0.0,0.0,45.0,Both,residential
2025-04-26 03:33:00,13,Charging Station 13,28.58789978831284,77.44741367521382,16,14,2,0.125,0,0.0,0.0,205.0,Both,residential
2025-04-27 16:15:00,13,Charging Station 13,28.58789978831284,77.44741367521382,16,8,8,0.5,1,16.65738213112467,4.164345532781168,109.0,Both,residential
2025-04-27 21:40:00,13,Charging Station 13,28.58789978831284,77.44741367521382,16,10,6,0.375,0,0.0,0.0,80.0,Both,residential
2025-04-29 05:36:00,13,Charging Station 13,28.58789978831284,77.44741367521382,16,15,1,0.0625,1,86.29620074398211,21.574050185995528,62.0,Both,residential
2025-05-04 15:25:00,13,Charging Station 13,28.58789978831284,77.44741367521382,16,8,8,0.5,0,0.0,0.0,95.0,Both,residential
2025-05-06 12:13:00,13,Charging Station 13,28.58789978831284,77.44741367521382,16,5,11,0.6875,0,0.0,0.0,196.0,Both,residential
2025-05-08 08:06:00,13,Charging Station 13,28.58789978831284,77.44741367521382,16,5,11,0.6875,3,235.55047936949921,58.887619842374804,164.33333333333334,Both,residential
2025-05-11 06:33:00,13,Charging Station 13,28.58789978831284,77.44741367521382,16,13,3,0.1875,2,54.36745564578317,13.591863911445792,33.5,Both,residential
2025-05-12 00:09:00,13,Charging Station 13,28.58789978831284,77.44741367521382,16,16,0,0.0,0,0.0,0.0,56.0,Both,residential
2025-05-12 09:32:00,13,Charging Station 13,28.58789978831284,77.44741367521382,16,3,13,0.8125,0,0.0,0.0,58.0,Both,residential
2025-05-12 16:21:00,13,Charging Station 13,28.58789978831284,77.44741367521382,16,3,13,0.8125,2,111.17438117885244,27.79359529471311,81.5,Both,residential
2025-05-14 01:08:00,13,Charging Station 13,28.58789978831284,77.44741367521382,16,16,0,0.0,0,0.0,0.0,72.0,Both,residential
2025-05-16 06:35:00,13,Charging Station 13,28.58789978831284,77.44741367521382,16,12,4,0.25,0,0.0,0.0,108.0,Both,residential
2025-05-16 11:40:00,13,Charging Station 13,28.58789978831284,77.44741367521382,16,4,12,0.75,0,0.0,0.0,35.0,Both,residential
2025-05-21 06:47:00,13,Charging Station 13,28.58789978831284,77.44741367521382,16,12,4,0.25,0,0.0,0.0,23.0,Both,residential
2025-05-22 01:18:00,13,Charging Station 13,28.58789978831284,77.44741367521382,16,16,0,0.0,0,0.0,0.0,296.0,Both,residential
2025-05-22 18:07:00,13,Charging Station 13,28.58789978831284,77.44741367521382,16,1,15,0.9375,2,177.79689939023046,44.449224847557616,52.5,Both,residential
2025-05-23 15:36:00,13,Charging Station 13,28.58789978831284,77.44741367521382,16,3,13,0.8125,2,90.57377725697006,22.643444314242515,82.0,Both,residential
2025-05-23 18:58:00,13,Charging Station 13,28.58789978831284,77.44741367521382,16,1,15,0.9375,4,285.89027283420637,71.47256820855159,73.0,Both,residential
2025-06-01 10:28:00,13,Charging Station 13,28.58789978831284,77.44741367521382,16,8,8,0.5,1,67.71012908790739,16.927532271976848,85.0,Both,residential
2025-06-04 13:21:00,13,Charging Station 13,28.58789978831284,77.44741367521382,16,6,10,0.625,0,0.0,0.0,94.0,Both,residential
2025-06-12 15:36:00,13,Charging Station 13,28.58789978831284,77.44741367521382,16,4,12,0.75,0,0.0,0.0,115.0,Both,residential
2025-06-16 17:16:00,13,Charging Station 13,28.58789978831284,77.44741367521382,16,3,13,0.8125,1,23.511751243061326,5.8779378107653315,25.0,Both,residential
2025-06-18 10:21:00,13,Charging Station 13,28.58789978831284,77.44741367521382,16,1,15,0.9375,0,0.0,0.0,32.0,Both,residential
2025-06-26 10:01:00,13,Charging Station 13,28.58789978831284,77.44741367521382,16,1,15,0.9375,0,0.0,0.0,48.0,Both,residential
2025-06-29 22:19:00,13,Charging Station 13,28.58789978831284,77.44741367521382,16,11,5,0.3125,0,0.0,0.0,109.0,Both,residential
2025-07-01 12:19:00,13,Charging Station 13,28.58789978831284,77.44741367521382,16,5,11,0.6875,2,122.29373680173083,30.573434200432708,77.5,Both,residential
2025-07-05 18:18:00,13,Charging Station 13,28.58789978831284,77.44741367521382,16,6,10,0.625,1,40.95835949668104,10.23958987417026,25.0,Both,residential
2025-07-06 09:33:00,13,Charging Station 13,28.58789978831284,77.44741367521382,16,6,10,0.625,1,75.27920984760533,18.819802461901332,54.0,Both,residential
2025-07-07 14:06:00,13,Charging Station 13,28.58789978831284,77.44741367521382,16,5,11,0.6875,1,44.608268671690716,11.152067167922679,28.0,Both,residential
2025-07-09 17:56:00,13,Charging Station 13,28.58789978831284,77.44741367521382,16,3,13,0.8125,0,0.0,0.0,129.0,Both,residential
2025-07-09 22:08:00,13,Charging Station 13,28.58789978831284,77.44741367521382,16,8,8,0.5,1,166.07612082535564,41.51903020633891,116.0,Both,residential
2025-07-12 04:26:00,13,Charging Station 13,28.58789978831284,77.44741367521382,16,14,2,0.125,0,0.0,0.0,93.0,Both,residential
2025-07-12 06:46:00,13,Charging Station 13,28.58789978831284,77.44741367521382,16,13,3,0.1875,0,0.0,0.0,260.0,Both,residential
2025-07-12 21:02:00,13,Charging Station 13,28.58789978831284,77.44741367521382,16,8,8,0.5,1,49.938477661021494,12.484619415255374,34.0,Both,residential
2025-07-13 14:48:00,13,Charging Station 13,28.58789978831284,77.44741367521382,16,9,7,0.4375,1,6.930043756110463,1.7325109390276157,53.0,Both,residential
2025-07-13 18:23:00,13,Charging Station 13,28.58789978831284,77.44741367521382,16,5,11,0.6875,1,75.64051345025902,18.910128362564755,73.0,Both,residential
2025-07-15 23:28:00,13,Charging Station 13,28.58789978831284,77.44741367521382,16,13,3,0.1875,1,60.81197082139185,15.202992705347963,218.0,Both,residential
2025-07-15 23:49:00,13,Charging Station 13,28.58789978831284,77.44741367521382,16,13,3,0.1875,0,0.0,0.0,50.0,Both,residential
2025-07-16 01:59:00,13,Charging Station 13,28.58789978831284,77.44741367521382,16,16,0,0.0,0,0.0,0.0,107.0,Both,residential
2025-07-16 12:48:00,13,Charging Station 13,28.58789978831284,77.44741367521382,16,6,10,0.625,0,0.0,0.0,22.0,Both,residential
2025-07-16 13:43:00,13,Charging Station 13,28.58789978831284,77.44741367521382,16,6,10,0.625,3,418.303958726544,104.575989681636,50.666666666666664,Both,residential
2025-07-16 21:02:00,13,Charging Station 13,28.58789978831284,77.44741367521382,16,8,8,0.5,0,0.0,0.0,85.0,Both,residential
2025-07-16 23:57:00,13,Charging Station 13,28.58789978831284,77.44741367521382,16,15,1,0.0625,0,0.0,0.0,114.0,Both,residential
2025-07-21 01:23:00,13,Charging Station 13,28.58789978831284,77.44741367521382,16,14,2,0.125,0,0.0,0.0,45.0,Both,residential
2025-07-25 07:08:00,13,Charging Station 13,28.58789978831284,77.44741367521382,16,10,6,0.375,0,0.0,0.0,77.0,Both,residential
2025-07-26 11:42:00,13,Charging Station 13,28.58789978831284,77.44741367521382,16,8,8,0.5,1,46.58944770563521,11.647361926408802,200.0,Both,residential
2025-07-28 04:43:00,13,Charging Station 13,28.58789978831284,77.44741367521382,16,15,1,0.0625,0,0.0,0.0,65.0,Both,residential
2025-07-29 00:15:00,13,Charging Station 13,28.58789978831284,77.44741367521382,16,14,2,0.125,0,0.0,0.0,63.0,Both,residential
2025-07-29 13:22:00,13,Charging Station 13,28.58789978831284,77.44741367521382,16,6,10,0.625,0,0.0,0.0,66.0,Both,residential
2025-07-30 05:20:00,13,Charging Station 13,28.58789978831284,77.44741367521382,16,15,1,0.0625,0,0.0,0.0,43.0,Both,residential
2025-08-01 22:59:00,13,Charging Station 13,28.58789978831284,77.44741367521382,16,8,8,0.5,0,0.0,0.0,108.0,Both,residential
2025-08-04 08:18:00,13,Charging Station 13,28.58789978831284,77.44741367521382,16,5,11,0.6875,4,253.57078439437424,63.39269609859356,78.25,Both,residential
2025-08-06 01:13:00,13,Charging Station 13,28.58789978831284,77.44741367521382,16,14,2,0.125,0,0.0,0.0,64.0,Both,residential
2025-08-07 21:45:00,13,Charging Station 13,28.58789978831284,77.44741367521382,16,6,10,0.625,1,18.07309692206106,4.518274230515265,18.0,Both,residential
2025-08-08 04:11:00,13,Charging Station 13,28.58789978831284,77.44741367521382,16,16,0,0.0,0,0.0,0.0,297.0,Both,residential
2025-08-08 11:16:00,13,Charging Station 13,28.58789978831284,77.44741367521382,16,5,11,0.6875,0,0.0,0.0,106.0,Both,residential
2025-08-11 18:55:00,13,Charging Station 13,28.58789978831284,77.44741367521382,16,3,13,0.8125,4,139.97198712932388,34.99299678233097,59.75,Both,residential
2025-08-13 06:05:00,13,Charging Station 13,28.58789978831284,77.44741367521382,16,14,2,0.125,0,0.0,0.0,75.0,Both,residential
2025-08-14 09:41:00,13,Charging Station 13,28.58789978831284,77.44741367521382,16,4,12,0.75,0,0.0,0.0,108.0,Both,residential
2025-08-18 07:57:00,13,Charging Station 13,28.58789978831284,77.44741367521382,16,10,6,0.375,0,0.0,0.0,114.0,Both,residential
2025-08-26 19:25:00,13,Charging Station 13,28.58789978831284,77.44741367521382,16,2,14,0.875,2,181.96150855822395,45.49037713955599,62.0,Both,residential
2025-08-27 08:40:00,13,Charging Station 13,28.58789978831284,77.44741367521382,16,4,12,0.75,4,274.064510648062,68.5161276620155,65.25,Both,residential
2025-08-30 12:03:00,13,Charging Station 13,28.58789978831284,77.44741367521382,16,8,8,0.5,1,13.093017051081654,3.2732542627704135,115.0,Both,residential
2025-08-31 06:18:00,13,Charging Station 13,28.58789978831284,77.44741367521382,16,14,2,0.125,0,0.0,0.0,112.0,Both,residential
2025-09-03 15:48:00,13,Charging Station 13,28.58789978831284,77.44741367521382,16,5,11,0.6875,0,0.0,0.0,91.0,Both,residential
2025-09-06 12:44:00,13,Charging Station 13,28.58789978831284,77.44741367521382,16,9,7,0.4375,0,0.0,0.0,83.0,Both,residential
2025-09-06 22:24:00,13,Charging Station 13,28.58789978831284,77.44741367521382,16,13,3,0.1875,2,407.8654156571479,101.96635391428697,82.0,Both,residential
2025-09-08 14:06:00,13,Charging Station 13,28.58789978831284,77.44741367521382,16,6,10,0.625,1,24.489718393032337,6.122429598258084,110.0,Both,residential
2025-09-09 09:33:00,13,Charging Station 13,28.58789978831284,77.44741367521382,16,5,11,0.6875,1,19.230572208600634,4.8076430521501585,62.0,Both,residential
2025-09-10 14:31:00,13,Charging Station 13,28.58789978831284,77.44741367521382,16,4,12,0.75,0,0.0,0.0,33.0,Both,residential
2025-09-12 05:19:00,13,Charging Station 13,28.58789978831284,77.44741367521382,16,13,3,0.1875,1,101.69667118446158,25.424167796115395,80.0,Both,residential
2025-09-12 10:38:00,13,Charging Station 13,28.58789978831284,77.44741367521382,16,3,13,0.8125,0,0.0,0.0,65.0,Both,residential
2025-09-15 00:30:00,13,Charging Station 13,28.58789978831284,77.44741367521382,16,16,0,0.0,1,58.91265885967511,14.728164714918778,87.0,Both,residential
2025-09-15 20:13:00,13,Charging Station 13,28.58789978831284,77.44741367521382,16,4,12,0.75,0,0.0,0.0,64.0,Both,residential
2025-09-16 23:54:00,13,Charging Station 13,28.58789978831284,77.44741367521382,16,14,2,0.125,0,0.0,0.0,81.0,Both,residential
2025-09-17 05:05:00,13,Charging Station 13,28.58789978831284,77.44741367521382,16,16,0,0.0,0,0.0,0.0,181.0,Both,residential
2025-09-18 00:37:00,13,Charging Station 13,28.58789978831284,77.44741367521382,16,15,1,0.0625,2,143.840652212174,35.9601630530435,36.5,Both,residential
2025-09-18 07:27:00,13,Charging Station 13,28.58789978831284,77.44741367521382,16,10,6,0.375,0,0.0,0.0,23.0,Both,residential
2025-09-25 03:08:00,13,Charging Station 13,28.58789978831284,77.44741367521382,16,15,1,0.0625,0,0.0,0.0,106.0,Both,residential
2025-09-26 22:39:00,13,Charging Station 13,28.58789978831284,77.44741367521382,16,9,7,0.4375,1,12.050436146481278,3.0126090366203195,115.0,Both,residential
2025-09-29 14:14:00,13,Charging Station 13,28.58789978831284,77.44741367521382,16,6,10,0.625,0,0.0,0.0,99.0,Both,residential
2025-09-29 23:13:00,13,Charging Station 13,28.58789978831284,77.44741367521382,16,13,3,0.1875,0,0.0,0.0,87.0,Both,residential
2025-10-01 22:59:00,13,Charging Station 13,28.58789978831284,77.44741367521382,16,10,6,0.375,1,66.97889331937594,16.744723329843985,116.0,Both,residential
2025-10-02 02:11:00,13,Charging Station 13,28.58789978831284,77.44741367521382,16,15,1,0.0625,1,47.87350481711737,11.968376204279343,99.0,Both,residential
2025-10-02 06:38:00,13,Charging Station 13,28.58789978831284,77.44741367521382,16,14,2,0.125,1,10.06438934458128,2.51609733614532,17.0,Both,residential
2025-10-02 22:16:00,13,Charging Station 13,28.58789978831284,77.44741367521382,16,9,7,0.4375,1,63.244368895355244,15.811092223838811,71.0,Both,residential
2025-10-03 23:27:00,13,Charging Station 13,28.58789978831284,77.44741367521382,16,13,3,0.1875,0,0.0,0.0,48.0,Both,residential
2025-10-04 14:43:00,13,Charging Station 13,28.58789978831284,77.44741367521382,16,11,5,0.3125,1,31.80450719228228,7.95112679807057,28.0,Both,residential
2025-10-04 22:20:00,13,Charging Station 13,28.58789978831284,77.44741367521382,16,11,5,0.3125,0,0.0,0.0,24.0,Both,residential
2025-10-08 10:35:00,13,Charging Station 13,28.58789978831284,77.44741367521382,16,2,14,0.875,1,10.713935739882228,2.678483934970557,85.0,Both,residential
2025-10-09 23:45:00,13,Charging Station 13,28.58789978831284,77.44741367521382,16,13,3,0.1875,0,0.0,0.0,46.0,Both,residential
2025-10-12 14:06:00,13,Charging Station 13,28.58789978831284,77.44741367521382,16,8,8,0.5,1,17.016540568555612,4.254135142138903,131.0,Both,residential
2025-10-16 12:08:00,13,Charging Station 13,28.58789978831284,77.44741367521382,16,7,9,0.5625,0,0.0,0.0,99.0,Both,residential
2025-10-16 16:28:00,13,Charging Station 13,28.58789978831284,77.44741367521382,16,5,11,0.6875,0,0.0,0.0,42.0,Both,residential
2025-10-16 23:23:00,13,Charging Station 13,28.58789978831284,77.44741367521382,16,14,2,0.125,0,0.0,0.0,95.0,Both,residential
2025-10-17 09:28:00,13,Charging Station 13,28.58789978831284,77.44741367521382,16,4,12,0.75,0,0.0,0.0,81.0,Both,residential
2025-10-18 03:16:00,13,Charging Station 13,28.58789978831284,77.44741367521382,16,16,0,0.0,0,0.0,0.0,64.0,Both,residential
2025-10-22 12:12:00,13,Charging Station 13,28.58789978831284,77.44741367521382,16,7,9,0.5625,1,77.01224508359236,19.25306127089809,36.0,Both,residential
2025-10-23 09:50:00,13,Charging Station 13,28.58789978831284,77.44741367521382,16,4,12,0.75,0,0.0,0.0,67.0,Both,residential
2025-10-24 09:43:00,13,Charging Station 13,28.58789978831284,77.44741367521382,16,2,14,0.875,1,127.30916190289436,31.82729047572359,81.0,Both,residential
2025-10-26 16:08:00,13,Charging Station 13,28.58789978831284,77.44741367521382,16,8,8,0.5,0,0.0,0.0,228.0,Both,residential
2025-10-28 03:46:00,13,Charging Station 13,28.58789978831284,77.44741367521382,16,16,0,0.0,0,0.0,0.0,84.0,Both,residential
2025-10-30 10:19:00,13,Charging Station 13,28.58789978831284,77.44741367521382,16,2,14,0.875,0,0.0,0.0,78.0,Both,residential
2025-11-01 09:14:00,13,Charging Station 13,28.58789978831284,77.44741367521382,16,6,10,0.625,0,0.0,0.0,22.0,Both,residential
2025-11-02 16:41:00,13,Charging Station 13,28.58789978831284,77.44741367521382,16,8,8,0.5,2,140.41356564520297,35.10339141130074,164.5,Both,residential
2025-11-05 01:13:00,13,Charging Station 13,28.58789978831284,77.44741367521382,16,16,0,0.0,1,30.91973023950166,7.729932559875415,81.0,Both,residential
2025-11-09 20:25:00,13,Charging Station 13,28.58789978831284,77.44741367521382,16,7,9,0.5625,0,0.0,0.0,54.0,Both,residential
2025-11-10 18:06:00,13,Charging Station 13,28.58789978831284,77.44741367521382,16,2,14,0.875,2,17.128782190208135,4.282195547552034,75.0,Both,residential
2025-11-11 01:38:00,13,Charging Station 13,28.58789978831284,77.44741367521382,16,16,0,0.0,1,7.652306802975947,1.9130767007439868,272.0,Both,residential
2025-11-11 18:07:00,13,Charging Station 13,28.58789978831284,77.44741367521382,16,2,14,0.875,2,61.515022764539154,15.378755691134788,74.5,Both,residential
2025-11-13 11:08:00,13,Charging Station 13,28.58789978831284,77.44741367521382,16,5,11,0.6875,0,0.0,0.0,26.0,Both,residential
2025-11-13 22:05:00,13,Charging Station 13,28.58789978831284,77.44741367521382,16,10,6,0.375,1,107.20017720601045,26.800044301502613,72.0,Both,residential
2025-11-14 17:44:00,13,Charging Station 13,28.58789978831284,77.44741367521382,16,3,13,0.8125,0,0.0,0.0,59.0,Both,residential
2025-11-14 20:34:00,13,Charging Station 13,28.58789978831284,77.44741367521382,16,4,12,0.75,0,0.0,0.0,73.0,Both,residential
2025-11-15 16:35:00,13,Charging Station 13,28.58789978831284,77.44741367521382,16,7,9,0.5625,1,16.367615607321756,4.091903901830439,23.0,Both,residential
2025-11-16 14:43:00,13,Charging Station 13,28.58789978831284,77.44741367521382,16,8,8,0.5,1,19.623903972337228,4.905975993084307,95.0,Both,residential
2025-11-22 09:56:00,13,Charging Station 13,28.58789978831284,77.44741367521382,16,7,9,0.5625,0,0.0,0.0,103.0,Both,residential
2025-11-24 13:06:00,13,Charging Station 13,28.58789978831284,77.44741367521382,16,7,9,0.5625,1,104.51161036691501,26.127902591728752,47.0,Both,residential
2025-11-26 09:37:00,13,Charging Station 13,28.58789978831284,77.44741367521382,16,3,13,0.8125,0,0.0,0.0,202.0,Both,residential
2025-11-29 06:42:00,13,Charging Station 13,28.58789978831284,77.44741367521382,16,12,4,0.25,0,0.0,0.0,112.0,Both,residential
2025-12-08 11:23:00,13,Charging Station 13,28.58789978831284,77.44741367521382,16,5,11,0.6875,0,0.0,0.0,88.0,Both,residential
2025-12-11 22:04:00,13,Charging Station 13,28.58789978831284,77.44741367521382,16,9,7,0.4375,0,0.0,0.0,66.0,Both,residential
2025-12-13 00:31:00,13,Charging Station 13,28.58789978831284,77.44741367521382,16,15,1,0.0625,0,0.0,0.0,102.0,Both,residential
2025-12-13 00:59:00,13,Charging Station 13,28.58789978831284,77.44741367521382,16,15,1,0.0625,0,0.0,0.0,37.0,Both,residential
2025-12-13 16:47:00,13,Charging Station 13,28.58789978831284,77.44741367521382,16,8,8,0.5,1,76.61320487585576,19.15330121896394,143.0,Both,residential
2025-12-16 03:10:00,13,Charging Station 13,28.58789978831284,77.44741367521382,16,15,1,0.0625,1,82.13184743010459,20.532961857526146,80.0,Both,residential
2025-12-16 12:26:00,13,Charging Station 13,28.58789978831284,77.44741367521382,16,6,10,0.625,1,11.738437974722075,2.9346094936805187,24.0,Both,residential
2025-12-16 18:35:00,13,Charging Station 13,28.58789978831284,77.44741367521382,16,3,13,0.8125,0,0.0,0.0,234.0,Both,residential
2025-12-19 03:23:00,13,Charging Station 13,28.58789978831284,77.44741367521382,16,16,0,0.0,1,10.597143562328874,2.6492858905822185,112.0,Both,residential
2025-12-20 14:50:00,13,Charging Station 13,28.58789978831284,77.44741367521382,16,9,7,0.4375,0,0.0,0.0,101.0,Both,residential
2025-12-21 08:17:00,13,Charging Station 13,28.58789978831284,77.44741367521382,16,6,10,0.625,1,66.86580065973072,16.71645016493268,52.0,Both,residential
2025-12-22 12:50:00,13,Charging Station 13,28.58789978831284,77.44741367521382,16,5,11,0.6875,1,52.82300412686061,13.205751031715153,77.0,Both,residential
2025-12-27 15:42:00,13,Charging Station 13,28.58789978831284,77.44741367521382,16,9,7,0.4375,0,0.0,0.0,102.0,Both,residential
2025-12-28 03:05:00,13,Charging Station 13,28.58789978831284,77.44741367521382,16,16,0,0.0,0,0.0,0.0,86.0,Both,residential
2025-01-01 03:30:00,14,Charging Station 14,28.409045457782106,77.16266516538163,12,12,0,0.0,0,0.0,0.0,48.0,DC,commercial
2025-01-02 23:09:00,14,Charging Station 14,28.409045457782106,77.16266516538163,12,10,2,0.16666666666666663,0,0.0,0.0,49.0,DC,commercial
2025-01-04 16:02:00,14,Charging Station 14,28.409045457782106,77.16266516538163,12,5,7,0.5833333333333333,0,0.0,0.0,108.0,DC,commercial
2025-01-08 14:49:00,14,Charging Station 14,28.409045457782106,77.16266516538163,12,5,7,0.5833333333333333,2,91.08074857630683,22.770187144076708,61.0,DC,commercial
2025-01-08 19:51:00,14,Charging Station 14,28.409045457782106,77.16266516538163,12,2,10,0.8333333333333334,0,0.0,0.0,100.0,DC,commercial
2025-01-10 05:25:00,14,Charging Station 14,28.409045457782106,77.16266516538163,12,11,1,0.08333333333333337,0,0.0,0.0,203.0,DC,commercial
2025-01-10 21:34:00,14,Charging Station 14,28.409045457782106,77.16266516538163,12,5,7,0.5833333333333333,1,28.16401969252453,7.0410049231311325,274.0,DC,commercial
2025-01-12 06:25:00,14,Charging Station 14,28.409045457782106,77.16266516538163,12,10,2,0.16666666666666663,0,0.0,0.0,110.0,DC,commercial
2025-01-12 08:55:00,14,Charging Station 14,28.409045457782106,77.16266516538163,12,5,7,0.5833333333333333,2,127.70368862225905,31.925922155564763,136.5,DC,commercial
2025-01-12 21:29:00,14,Charging Station 14,28.409045457782106,77.16266516538163,12,7,5,0.41666666666666663,1,98.58743393079716,24.64685848269929,101.0,DC,commercial
2025-01-16 06:31:00,14,Charging Station 14,28.409045457782106,77.16266516538163,12,10,2,0.16666666666666663,0,0.0,0.0,99.0,DC,commercial
2025-01-19 08:46:00,14,Charging Station 14,28.409045457782106,77.16266516538163,12,6,6,0.5,0,0.0,0.0,87.0,DC,commercial
2025-01-22 01:34:00,14,Charging Station 14,28.409045457782106,77.16266516538163,12,12,0,0.0,0,0.0,0.0,258.0,DC,commercial
2025-01-23 22:41:00,14,Charging Station 14,28.409045457782106,77.16266516538163,12,8,4,0.33333333333333337,0,0.0,0.0,90.0,DC,commercial
2025-01-26 05:01:00,14,Charging Station 14,28.409045457782106,77.16266516538163,12,10,2,0.16666666666666663,1,22.522212785422322,5.630553196355581,16.0,DC,commercial
2025-01-29 20:05:00,14,Charging Station 14,28.409045457782106,77.16266516538163,12,3,9,0.75,1,66.54445667308761,16.636114168271902,109.0,DC,commercial
2025-02-02 21:14:00,14,Charging Station 14,28.409045457782106,77.16266516538163,12,6,6,0.5,0,0.0,0.0,93.0,DC,commercial
2025-02-04 05:15:00,14,Charging Station 14,28.409045457782106,77.16266516538163,12,9,3,0.25,3,166.88897975494885,41.72224493873721,74.66666666666667,DC,commercial
2025-02-04 22:00:00,14,Charging Station 14,28.409045457782106,77.16266516538163,12,7,5,0.41666666666666663,0,0.0,0.0,170.0,DC,commercial
2025-02-08 11:33:00,14,Charging Station 14,28.409045457782106,77.16266516538163,12,6,6,0.5,0,0.0,0.0,90.0,DC,commercial
2025-02-09 00:24:00,14,Charging Station 14,28.409045457782106,77.16266516538163,12,12,0,0.0,0,0.0,0.0,68.0,DC,commercial
2025-02-17 00:09:00,14,Charging Station 14,28.409045457782106,77.16266516538163,12,11,1,0.08333333333333337,2,151.45968511594515,37.86492127898629,101.5,DC,commercial
2025-02-17 04:24:00,14,Charging Station 14,28.409045457782106,77.16266516538163,12,12,0,0.0,1,121.96907055608162,30.492267639020405,28.0,DC,commercial
2025-02-18 00:41:00,14,Charging Station 14,28.409045457782106,77.16266516538163,12,12,0,0.0,0,0.0,0.0,61.0,DC,commercial
2025-02-19 09:23:00,14,Charging Station 14,28.409045457782106,77.16266516538163,12,2,10,0.8333333333333334,1,57.05012165866601,14.262530414666502,28.0,DC,commercial
2025-02-21 18:26:00,14,Charging Station 14,28.409045457782106,77.16266516538163,12,1,11,0.9166666666666666,3,231.2380101061871,57.80950252654677,49.333333333333336,DC,commercial
2025-02-22 06:30:00,14,Charging Station 14,28.409045457782106,77.16266516538163,12,10,2,0.16666666666666663,0,0.0,0.0,28.0,DC,commercial
2025-02-23 15:08:00,14,Charging Station 14,28.409045457782106,77.16266516538163,12,7,5,0.41666666666666663,0,0.0,0.0,26.0,DC,commercial
2025-02-26 07:25:00,14,Charging Station 14,28.409045457782106,77.16266516538163,12,8,4,0.33333333333333337,1,54.42583003404215,13.606457508510537,31.0,DC,commercial
2025-02-27 13:47:00,14,Charging Station 14,28.409045457782106,77.16266516538163,12,4,8,0.6666666666666667,0,0.0,0.0,79.0,DC,commercial
2025-03-05 21:17:00,14,Charging Station 14,28.409045457782106,77.16266516538163,12,5,7,0.5833333333333333,1,53.52953408755834,13.382383521889585,32.0,DC,commercial
2025-03-11 19:13:00,14,Charging Station 14,28.409045457782106,77.16266516538163,12,2,10,0.8333333333333334,2,240.89201698621292,60.22300424655323,231.0,DC,commercial
2025-03-13 06:04:00,14,Charging Station 14,28.409045457782106,77.16266516538163,12,10,2,0.16666666666666663,0,0.0,0.0,111.0,DC,commercial
2025-03-13 06:46:00,14,Charging Station 14,28.409045457782106,77.16266516538163,12,10,2,0.16666666666666663,0,0.0,0.0,72.0,DC,commercial
2025-03-13 10:22:00,14,Charging Station 14,28.409045457782106,77.16266516538163,12,2,10,0.8333333333333334,0,0.0,0.0,49.0,DC,commercial
2025-03-14 03:28:00,14,Charging Station 14,28.409045457782106,77.16266516538163,12,11,1,0.08333333333333337,1,63.81087178170631,15.952717945426578,41.0,DC,commercial
2025-03-14 08:09:00,14,Charging Station 14,28.409045457782106,77.16266516538163,12,4,8,0.6666666666666667,3,487.86063377893674,121.96515844473419,44.666666666666664,DC,commercial
2025-03-15 02:23:00,14,Charging Station 14,28.409045457782106,77.16266516538163,12,12,0,0.0,1,40.336926348050376,10.084231587012594,20.0,DC,commercial
2025-03-19 05:10:00,14,Charging Station 14,28.409045457782106,77.16266516538163,12,11,1,0.08333333333333337,1,45.27207652611775,11.318019131529438,16.0,DC,commercial
2025-03-19 16:27:00,14,Charging Station 14,28.409045457782106,77.16266516538163,12,2,10,0.8333333333333334,0,0.0,0.0,77.0,DC,commercial
2025-03-19 16:29:00,14,Charging Station 14,28.409045457782106,77.16266516538163,12,4,8,0.6666666666666667,2,40.94267626318721,10.235669065796802,82.0,DC,commercial
2025-03-20 22:47:00,14,Charging Station 14,28.409045457782106,77.16266516538163,12,7,5,0.41666666666666663,1,72.21862329863109,18.05465582465777,32.0,DC,commercial
2025-03-23 11:07:00,14,Charging Station 14,28.409045457782106,77.16266516538163,12,7,5,0.41666666666666663,0,0.0,0.0,21.0,DC,commercial
2025-03-28 02:49:00,14,Charging Station 14,28.409045457782106,77.16266516538163,12,12,0,0.0,1,345.5782209812244,86.3945552453061,28.0,DC,commercial
2025-03-28 19:04:00,14,Charging Station 14,28.409045457782106,77.16266516538163,12,1,11,0.9166666666666666,2,84.2999656708904,21.0749914177226,46.0,DC,commercial
2025-03-30 00:23:00,14,Charging Station 14,28.409045457782106,77.16266516538163,12,11,1,0.08333333333333337,0,0.0,0.0,34.0,DC,commercial
2025-03-30 18:34:00,14,Charging Station 14,28.409045457782106,77.16266516538163,12,4,8,0.6666666666666667,1,5.409473759417478,1.3523684398543696,104.0,DC,commercial
2025-04-01 12:34:00,14,Charging Station 14,28.409045457782106,77.16266516538163,12,5,7,0.5833333333333333,1,6.578060925137896,1.644515231284474,51.0,DC,commercial
2025-04-01 17:31:00,14,Charging Station 14,28.409045457782106,77.16266516538163,12,1,11,0.9166666666666666,0,0.0,0.0,15.0,DC,commercial
2025-04-06 00:46:00,14,Charging Station 14,28.409045457782106,77.16266516538163,12,11,1,0.08333333333333337,0,0.0,0.0,89.0,DC,commercial
2025-04-09 11:14:00,14,Charging Station 14,28.409045457782106,77.16266516538163,12,2,10,0.8333333333333334,0,0.0,0.0,17.0,DC,commercial
2025-04-09 15:39:00,14,Charging Station 14,28.409045457782106,77.16266516538163,12,3,9,0.75,0,0.0,0.0,83.0,DC,commercial
2025-04-10 15:22:00,14,Charging Station 14,28.409045457782106,77.16266516538163,12,3,9,0.75,0,0.0,0.0,108.0,DC,commercial
2025-04-10 20:17:00,14,Charging Station 14,28.409045457782106,77.16266516538163,12,3,9,0.75,1,12.48053390463341,3.1201334761583523,100.0,DC,commercial
2025-04-14 18:20:00,14,Charging Station 14,28.409045457782106,77.16266516538163,12,2,10,0.8333333333333334,2,272.62184271085323,68.15546067771331,79.5,DC,commercial
2025-04-15 15:40:00,14,Charging Station 14,28.409045457782106,77.16266516538163,12,4,8,0.6666666666666667,0,0.0,0.0,92.0,DC,commercial
2025-04-18 03:39:00,14,Charging Station 14,28.409045457782106,77.16266516538163,12,11,1,0.08333333333333337,2,70.03855596495603,17.509638991239008,45.0,DC,commercial
2025-04-19 11:46:00,14,Charging Station 14,28.409045457782106,77.16266516538163,12,6,6,0.5,0,0.0,0.0,16.0,DC,commercial
2025-04-23 05:40:00,14,Charging Station 14,28.409045457782106,77.16266516538163,12,11,1,0.08333333333333337,0,0.0,0.0,116.0,DC,commercial
2025-04-24 23:28:00,14,Charging Station 14,28.409045457782106,77.16266516538163,12,10,2,0.16666666666666663,1,20.680238996580762,5.1700597491451905,26.0,DC,commercial
2025-04-25 12:13:00,14,Charging Station 14,28.409045457782106,77.16266516538163,12,4,8,0.6666666666666667,1,95.69869887323313,23.92467471830828,72.0,DC,commercial
2025-04-25 21:04:00,14,Charging Station 14,28.409045457782106,77.16266516538163,12,4,8,0.6666666666666667,0,0.0,0.0,94.0,DC,commercial
2025-04-25 23:29:00,14,Charging Station 14,28.409045457782106,77.16266516538163,12,9,3,0.25,0,0.0,0.0,23.0,DC,commercial
2025-04-26 05:07:00,14,Charging Station 14,28.409045457782106,77.16266516538163,12,12,0,0.0,0,0.0,0.0,157.0,DC,commercial
2025-04-26 20:52:00,14,Charging Station 14,28.409045457782106,77.16266516538163,12,5,7,0.5833333333333333,0,0.0,0.0,75.0,DC,commercial
2025-04-29 21:47:00,14,Charging Station 14,28.409045457782106,77.16266516538163,12,5,7,0.5833333333333333,2,74.8231002307229,18.705775057680725,67.5,DC,commercial
2025-05-03 21:22:00,14,Charging Station 14,28.409045457782106,77.16266516538163,12,7,5,0.41666666666666663,0,0.0,0.0,58.0,DC,commercial
2025-05-07 13:36:00,14,Charging Station 14,28.409045457782106,77.16266516538163,12,4,8,0.6666666666666667,1,58.91280898575998,14.728202246439995,17.0,DC,commercial
2025-05-10 04:39:00,14,Charging Station 14,28.409045457782106,77.16266516538163,12,12,0,0.0,1,18.024093390371434,4.506023347592858,25.0,DC,commercial
2025-05-10 22:21:00,14,Charging Station 14,28.409045457782106,77.16266516538163,12,9,3,0.25,1,83.67231472346741,20.918078680866852,259.0,DC,commercial
2025-05-11 21:01:00,14,Charging Station 14,28.409045457782106,77.16266516538163,12,7,5,0.41666666666666663,0,0.0,0.0,36.0,DC,commercial
2025-05-12 06:20:00,14,Charging Station 14,28.409045457782106,77.16266516538163,12,10,2,0.16666666666666663,0,0.0,0.0,37.0,DC,commercial
2025-05-15 14:01:00,14,Charging Station 14,28.409045457782106,77.16266516538163,12,5,7,0.5833333333333333,0,0.0,0.0,69.0,DC,commercial
2025-05-17 03:25:00,14,Charging Station 14,28.409045457782106,77.16266516538163,12,12,0,0.0,1,36.81253829099718,9.203134572749295,220.0,DC,commercial
2025-05-17 09:41:00,14,Charging Station 14,28.409045457782106,77.16266516538163,12,6,6,0.5,1,30.631336802213948,7.657834200553487,61.0,DC,commercial
2025-05-19 04:24:00,14,Charging Station 14,28.409045457782106,77.16266516538163,12,11,1,0.08333333333333337,1,14.569912413103006,3.6424781032757516,58.0,DC,commercial
2025-05-20 22:37:00,14,Charging Station 14,28.409045457782106,77.16266516538163,12,7,5,0.41666666666666663,1,33.81993982798119,8.454984956995297,182.0,DC,commercial
2025-05-23 10:24:00,14,Charging Station 14,28.409045457782106,77.16266516538163,12,2,10,0.8333333333333334,2,263.23141881103766,65.80785470275941,68.0,DC,commercial
2025-05-26 10:01:00,14,Charging Station 14,28.409045457782106,77.16266516538163,12,2,10,0.8333333333333334,0,0.0,0.0,111.0,DC,commercial
2025-05-29 00:19:00,14,Charging Station 14,28.409045457782106,77.16266516538163,12,10,2,0.16666666666666663,0,0.0,0.0,32.0,DC,commercial
2025-05-30 07:45:00,14,Charging Station 14,28.409045457782106,77.16266516538163,12,7,5,0.41666666666666663,0,0.0,0.0,113.0,DC,commercial
2025-05-30 08:45:00,14,Charging Station 14,28.409045457782106,77.16266516538163,12,4,8,0.6666666666666667,3,451.02049508641693,112.75512377160423,73.33333333333333,DC,commercial
2025-05-30 13:50:00,14,Charging Station 14,28.409045457782106,77.16266516538163,12,5,7,0.5833333333333333,1,34.63282785746285,8.658206964365712,20.0,DC,commercial
2025-06-03 18:42:00,14,Charging Station 14,28.409045457782106,77.16266516538163,12,1,11,0.9166666666666666,0,0.0,0.0,65.0,DC,commercial
2025-06-04 21:03:00,14,Charging Station 14,28.409045457782106,77.16266516538163,12,5,7,0.5833333333333333,0,0.0,0.0,26.0,DC,commercial
2025-06-05 12:51:00,14,Charging Station 14,28.409045457782106,77.16266516538163,12,4,8,0.6666666666666667,1,66.89469320079994,16.723673300199984,36.0,DC,commercial
2025-06-06 16:35:00,14,Charging Station 14,28.409045457782106,77.16266516538163,12,3,9,0.75,0,0.0,0.0,42.0,DC,commercial
2025-06-06 18:17:00,14,Charging Station 14,28.409045457782106,77.16266516538163,12,1,11,0.9166666666666666,2,140.39390455323857,35.09847613830964,120.0,DC,commercial
2025-06-08 17:57:00,14,Charging Station 14,28.409045457782106,77.16266516538163,12,4,8,0.6666666666666667,0,0.0,0.0,77.0,DC,commercial
2025-06-09 01:16:00,14,Charging Station 14,28.409045457782106,77.16266516538163,12,12,0,0.0,0,0.0,0.0,21.0,DC,commercial
2025-06-10 03:58:00,14,Charging Station 14,28.409045457782106,77.16266516538163,12,12,0,0.0,0,0.0,0.0,193.0,DC,commercial
2025-06-11 00:44:00,14,Charging Station 14,28.409045457782106,77.16266516538163,12,11,1,0.08333333333333337,0,0.0,0.0,93.0,DC,commercial
2025-06-13 10:05:00,14,Charging Station 14,28.409045457782106,77.16266516538163,12,3,9,0.75,0,0.0,0.0,21.0,DC,commercial
2025-06-14 15:10:00,14,Charging Station 14,28.409045457782106,77.16266516538163,12,6,6,0.5,0,0.0,0.0,68.0,DC,commercial
2025-06-14 23:16:00,14,Charging Station 14,28.409045457782106,77.16266516538163,12,9,3,0.25,0,0.0,0.0,73.0,DC,commercial
2025-06-15 00:45:00,14,Charging Station 14,28.409045457782106,77.16266516538163,12,11,1,0.08333333333333337,0,0.0,0.0,60.0,DC,commercial
2025-06-20 16:40:00,14,Charging Station 14,28.409045457782106,77.16266516538163,12,2,10,0.8333333333333334,0,0.0,0.0,155.0,DC,commercial
2025-06-21 01:12:00,14,Charging Station 14,28.409045457782106,77.16266516538163,12,11,1,0.08333333333333337,1,12.487898289262901,3.1219745723157253,53.0,DC,commercial
2025-06-21 13:08:00,14,Charging Station 14,28.409045457782106,77.16266516538163,12,7,5,0.41666666666666663,0,0.0,0.0,73.0,DC,commercial
2025-06-24 18:15:00,14,Charging Station 14,28.409045457782106,77.16266516538163,12,1,11,0.9166666666666666,1,54.6297882066664,13.6574470516666,28.0,DC,commercial
2025-06-26 10:35:00,14,Charging Station 14,28.409045457782106,77.16266516538163,12,1,11,0.9166666666666666,2,64.62253530415629,16.15563382603907,107.0,DC,commercial
2025-06-28 23:57:00,14,Charging Station 14,28.409045457782106,77.16266516538163,12,11,1,0.08333333333333337,0,0.0,0.0,29.0,DC,commercial
2025-06-29 08:36:00,14,Charging Station 14,28.409045457782106,77.16266516538163,12,6,6,0.5,0,0.0,0.0,34.0,DC,commercial
2025-06-30 05:08:00,14,Charging Station 14,28.409045457782106,77.16266516538163,12,10,2,0.16666666666666663,0,0.0,0.0,73.0,DC,commercial
2025-06-30 12:53:00,14,Charging Station 14,28.409045457782106,77.16266516538163,12,3,9,0.75,0,0.0,0.0,19.0,DC,commercial
2025-07-02 06:03:00,14,Charging Station 14,28.409045457782106,77.16266516538163,12,10,2,0.16666666666666663,2,112.09379584398667,28.023448960996667,77.5,DC,commercial
2025-07-03 23:52:00,14,Charging Station 14,28.409045457782106,77.16266516538163,12,10,2,0.16666666666666663,1,18.589949713254306,4.6474874283135765,115.0,DC,commercial
2025-07-06 04:36:00,14,Charging Station 14,28.409045457782106,77.16266516538163,12,12,0,0.0,0,0.0,0.0,101.0,DC,commercial
2025-07-06 07:22:00,14,Charging Station 14,28.409045457782106,77.16266516538163,12,8,4,0.33333333333333337,0,0.0,0.0,112.0,DC,commercial
2025-07-09 19:11:00,14,Charging Station 14,28.409045457782106,77.16266516538163,12,2,10,0.8333333333333334,0,0.0,0.0,68.0,DC,commercial
2025-07-13 04:14:00,14,Charging Station 14,28.409045457782106,77.16266516538163,12,10,2,0.16666666666666663,1,24.502298279336387,6.125574569834097,118.0,DC,commercial
2025-07-17 06:18:00,14,Charging Station 14,28.409045457782106,77.16266516538163,12,10,2,0.16666666666666663,0,0.0,0.0,41.0,DC,commercial
2025-07-22 12:42:00,14,Charging Station 14,28.409045457782106,77.16266516538163,12,5,7,0.5833333333333333,0,0.0,0.0,111.0,DC,commercial
2025-07-25 12:00:00,14,Charging Station 14,28.409045457782106,77.16266516538163,12,4,8,0.6666666666666667,0,0.0,0.0,41.0,DC,commercial
2025-07-27 12:06:00,14,Charging Station 14,28.409045457782106,77.16266516538163,12,6,6,0.5,0,0.0,0.0,73.0,DC,commercial
2025-08-03 19:19:00,14,Charging Station 14,28.409045457782106,77.16266516538163,12,5,7,0.5833333333333333,0,0.0,0.0,117.0,DC,commercial
2025-08-04 06:20:00,14,Charging Station 14,28.409045457782106,77.16266516538163,12,10,2,0.16666666666666663,1,25.86804482783313,6.467011206958283,106.0,DC,commercial
2025-08-05 20:13:00,14,Charging Station 14,28.409045457782106,77.16266516538163,12,3,9,0.75,0,0.0,0.0,36.0,DC,commercial
2025-08-06 01:27:00,14,Charging Station 14,28.409045457782106,77.16266516538163,12,10,2,0.16666666666666663,0,0.0,0.0,16.0,DC,commercial
2025-08-06 10:00:00,14,Charging Station 14,28.409045457782106,77.16266516538163,12,1,11,0.9166666666666666,0,0.0,0.0,216.0,DC,commercial
2025-08-07 05:01:00,14,Charging Station 14,28.409045457782106,77.16266516538163,12,12,0,0.0,2,65.92630545567005,16.48157636391751,139.5,DC,commercial
2025-08-07 22:11:00,14,Charging Station 14,28.409045457782106,77.16266516538163,12,7,5,0.41666666666666663,1,28.947171372805574,7.2367928432013935,120.0,DC,commercial
2025-08-09 19:04:00,14,Charging Station 14,28.409045457782106,77.16266516538163,12,4,8,0.6666666666666667,0,0.0,0.0,167.0,DC,commercial
2025-08-12 21:24:00,14,Charging Station 14,28.409045457782106,77.16266516538163,12,4,8,0.6666666666666667,1,75.02988076154634,18.757470190386584,88.0,DC,commercial
2025-08-13 06:26:00,14,Charging Station 14,28.409045457782106,77.16266516538163,12,10,2,0.16666666666666663,0,0.0,0.0,106.0,DC,commercial
2025-08-13 14:17:00,14,Charging Station 14,28.409045457782106,77.16266516538163,12,4,8,0.6666666666666667,0,0.0,0.0,90.0,DC,commercial
2025-08-18 21:30:00,14,Charging Station 14,28.409045457782106,77.16266516538163,12,5,7,0.5833333333333333,1,20.60213390563484,5.15053347640871,77.0,DC,commercial
2025-08-21 01:44:00,14,Charging Station 14,28.409045457782106,77.16266516538163,12,12,0,0.0,2,143.1415771216646,35.78539428041615,86.5,DC,commercial
2025-08-24 13:57:00,14,Charging Station 14,28.409045457782106,77.16266516538163,12,7,5,0.41666666666666663,0,0.0,0.0,88.0,DC,commercial
2025-08-27 06:53:00,14,Charging Station 14,28.409045457782106,77.16266516538163,12,10,2,0.16666666666666663,1,67.73501949045315,16.93375487261329,61.0,DC,commercial
2025-08-30 04:11:00,14,Charging Station 14,28.409045457782106,77.16266516538163,12,12,0,0.0,1,113.6563107001813,28.414077675045323,114.0,DC,commercial
2025-08-30 15:42:00,14,Charging Station 14,28.409045457782106,77.16266516538163,12,6,6,0.5,0,0.0,0.0,39.0,DC,commercial
2025-09-01 08:39:00,14,Charging Station 14,28.409045457782106,77.16266516538163,12,3,9,0.75,6,321.5040349774465,80.37600874436163,101.33333333333333,DC,commercial
2025-09-02 18:38:00,14,Charging Station 14,28.409045457782106,77.16266516538163,12,1,11,0.9166666666666666,2,258.1856425249902,64.54641063124755,61.5,DC,commercial
2025-09-03 03:16:00,14,Charging Station 14,28.409045457782106,77.16266516538163,12,11,1,0.08333333333333337,1,17.019919297976603,4.254979824494151,41.0,DC,commercial
2025-09-06 10:08:00,14,Charging Station 14,28.409045457782106,77.16266516538163,12,5,7,0.5833333333333333,0,0.0,0.0,130.0,DC,commercial
2025-09-09 18:39:00,14,Charging Station 14,28.409045457782106,77.16266516538163,12,2,10,0.8333333333333334,2,167.33936321009355,41.83484080252339,42.0,DC,commercial
2025-09-10 22:07:00,14,Charging Station 14,28.409045457782106,77.16266516538163,12,7,5,0.41666666666666663,0,0.0,0.0,116.0,DC,commercial
2025-09-11 04:43:00,14,Charging Station 14,28.409045457782106,77.16266516538163,12,11,1,0.08333333333333337,0,0.0,0.0,59.0,DC,commercial
2025-09-12 21:45:00,14,Charging Station 14,28.409045457782106,77.16266516538163,12,3,9,0.75,1,50.36136864965283,12.590342162413208,154.0,DC,commercial
2025-09-13 21:07:00,14,Charging Station 14,28.409045457782106,77.16266516538163,12,7,5,0.41666666666666663,0,0.0,0.0,115.0,DC,commercial
2025-09-18 18:16:00,14,Charging Station 14,28.409045457782106,77.16266516538163,12,1,11,0.9166666666666666,3,129.657919571866,32.4144798929665,122.66666666666667,DC,commercial
2025-09-20 09:28:00,14,Charging Station 14,28.409045457782106,77.16266516538163,12,6,6,0.5,1,52.13586092923854,13.033965232309635,23.0,DC,commercial
2025-09-20 17:05:00,14,Charging Station 14,28.409045457782106,77.16266516538163,12,5,7,0.5833333333333333,0,0.0,0.0,111.0,DC,commercial
2025-09-21 04:01:00,14,Charging Station 14,28.409045457782106,77.16266516538163,12,11,1,0.08333333333333337,0,0.0,0.0,268.0,DC,commercial
2025-09-21 09:15:00,14,Charging Station 14,28.409045457782106,77.16266516538163,12,6,6,0.5,0,0.0,0.0,33.0,DC,commercial
2025-09-22 13:29:00,14,Charging Station 14,28.409045457782106,77.16266516538163,12,5,7,0.5833333333333333,0,0.0,0.0,16.0,DC,commercial
2025-09-22 16:39:00,14,Charging Station 14,28.409045457782106,77.16266516538163,12,3,9,0.75,0,0.0,0.0,291.0,DC,commercial
2025-09-24 08:41:00,14,Charging Station 14,28.409045457782106,77.16266516538163,12,5,7,0.5833333333333333,0,0.0,0.0,73.0,DC,commercial
2025-09-26 13:42:00,14,Charging Station 14,28.409045457782106,77.16266516538163,12,5,7,0.5833333333333333,0,0.0,0.0,110.0,DC,commercial
2025-09-27 09:49:00,14,Charging Station 14,28.409045457782106,77.16266516538163,12,7,5,0.41666666666666663,0,0.0,0.0,33.0,DC,commercial
2025-09-27 22:39:00,14,Charging Station 14,28.409045457782106,77.16266516538163,12,9,3,0.25,1,14.218393564788292,3.554598391197073,40.0,DC,commercial
2025-09-28 22:52:00,14,Charging Station 14,28.409045457782106,77.16266516538163,12,9,3,0.25,0,0.0,0.0,265.0,DC,commercial
2025-09-30 09:26:00,14,Charging Station 14,28.409045457782106,77.16266516538163,12,2,10,0.8333333333333334,0,0.0,0.0,46.0,DC,commercial
2025-09-30 21:34:00,14,Charging Station 14,28.409045457782106,77.16266516538163,12,5,7,0.5833333333333333,0,0.0,0.0,297.0,DC,commercial
2025-10-09 01:22:00,14,Charging Station 14,28.409045457782106,77.16266516538163,12,11,1,0.08333333333333337,0,0.0,0.0,245.0,DC,commercial
2025-10-10 06:48:00,14,Charging Station 14,28.409045457782106,77.16266516538163,12,9,3,0.25,0,0.0,0.0,155.0,DC,commercial
2025-10-13 22:45:00,14,Charging Station 14,28.409045457782106,77.16266516538163,12,7,5,0.41666666666666663,1,15.62753912408628,3.90688478102157,15.0,DC,commercial
2025-10-15 06:02:00,14,Charging Station 14,28.409045457782106,77.16266516538163,12,10,2,0.16666666666666663,1,65.45061872657125,16.362654681642812,16.0,DC,commercial
2025-10-16 14:18:00,14,Charging Station 14,28.409045457782106,77.16266516538163,12,5,7,0.5833333333333333,0,0.0,0.0,15.0,DC,commercial
2025-10-19 14:56:00,14,Charging Station 14,28.409045457782106,77.16266516538163,12,6,6,0.5,0,0.0,0.0,60.0,DC,commercial
2025-10-19 17:51:00,14,Charging Station 14,28.409045457782106,77.16266516538163,12,5,7,0.5833333333333333,0,0.0,0.0,107.0,DC,commercial
2025-10-20 16:34:00,14,Charging Station 14,28.409045457782106,77.16266516538163,12,2,10,0.8333333333333334,0,0.0,0.0,118.0,DC,commercial
2025-10-26 11:24:00,14,Charging Station 14,28.409045457782106,77.16266516538163,12,6,6,0.5,1,54.8112091112321,13.702802277808026,24.0,DC,commercial
2025-10-29 01:23:00,14,Charging Station 14,28.409045457782106,77.16266516538163,12,11,1,0.08333333333333337,0,0.0,0.0,45.0,DC,commercial
2025-10-30 04:22:00,14,Charging Station 14,28.409045457782106,77.16266516538163,12,11,1,0.08333333333333337,0,0.0,0.0,132.0,DC,commercial
2025-10-31 04:26:00,14,Charging Station 14,28.409045457782106,77.16266516538163,12,11,1,0.08333333333333337,0,0.0,0.0,80.0,DC,commercial
2025-11-02 08:04:00,14,Charging Station 14,28.409045457782106,77.16266516538163,12,7,5,0.41666666666666663,1,32.16718456913411,8.041796142283527,148.0,DC,commercial
2025-11-03 02:15:00,14,Charging Station 14,28.409045457782106,77.16266516538163,12,12,0,0.0,0,0.0,0.0,16.0,DC,commercial
2025-11-06 22:26:00,14,Charging Station 14,28.409045457782106,77.16266516538163,12,7,5,0.41666666666666663,0,0.0,0.0,48.0,DC,commercial
2025-11-07 01:04:00,14,Charging Station 14,28.409045457782106,77.16266516538163,12,11,1,0.08333333333333337,1,68.69846750841634,17.174616877104086,20.0,DC,commercial
2025-11-07 18:28:00,14,Charging Station 14,28.409045457782106,77.16266516538163,12,2,10,0.8333333333333334,1,17.340316850460443,4.335079212615111,214.0,DC,commercial
2025-11-12 14:45:00,14,Charging Station 14,28.409045457782106,77.16266516538163,12,4,8,0.6666666666666667,1,119.77440405271821,29.943601013179553,126.0,DC,commercial
2025-11-15 13:04:00,14,Charging Station 14,28.409045457782106,77.16266516538163,12,7,5,0.41666666666666663,1,12.513836905716145,3.1284592264290363,69.0,DC,commercial
2025-11-17 06:25:00,14,Charging Station 14,28.409045457782106,77.16266516538163,12,10,2,0.16666666666666663,0,0.0,0.0,199.0,DC,commercial
2025-11-17 15:25:00,14,Charging Station 14,28.409045457782106,77.16266516538163,12,4,8,0.6666666666666667,1,53.64132844472009,13.410332111180022,228.0,DC,commercial
2025-11-23 16:06:00,14,Charging Station 14,28.409045457782106,77.16266516538163,12,7,5,0.41666666666666663,2,72.47780828373055,18.11945207093264,171.5,DC,commercial
2025-11-23 19:48:00,14,Charging Station 14,28.409045457782106,77.16266516538163,12,4,8,0.6666666666666667,0,0.0,0.0,66.0,DC,commercial
2025-11-25 05:39:00,14,Charging Station 14,28.409045457782106,77.16266516538163,12,12,0,0.0,0,0.0,0.0,87.0,DC,commercial
2025-11-25 06:40:00,14,Charging Station 14,28.409045457782106,77.16266516538163,12,10,2,0.16666666666666663,0,0.0,0.0,97.0,DC,commercial
2025-11-29 11:50:00,14,Charging Station 14,28.409045457782106,77.16266516538163,12,6,6,0.5,2,90.37429192615058,22.593572981537644,80.5,DC,commercial
2025-11-29 19:06:00,14,Charging Station 14,28.409045457782106,77.16266516538163,12,5,7,0.5833333333333333,0,0.0,0.0,94.0,DC,commercial
2025-11-30 04:07:00,14,Charging Station 14,28.409045457782106,77.16266516538163,12,11,1,0.08333333333333337,3,122.05759730806405,30.51439932701601,62.0,DC,commercial
2025-12-01 18:19:00,14,Charging Station 14,28.409045457782106,77.16266516538163,12,2,10,0.8333333333333334,1,72.99097380899337,18.247743452248343,194.0,DC,commercial
2025-12-03 21:04:00,14,Charging Station 14,28.409045457782106,77.16266516538163,12,4,8,0.6666666666666667,2,88.82690985075256,22.20672746268814,41.0,DC,commercial
2025-12-04 00:34:00,14,Charging Station 14,28.409045457782106,77.16266516538163,12,12,0,0.0,0,0.0,0.0,30.0,DC,commercial
2025-12-05 07:17:00,14,Charging Station 14,28.409045457782106,77.16266516538163,12,7,5,0.41666666666666663,0,0.0,0.0,111.0,DC,commercial
2025-12-06 05:19:00,14,Charging Station 14,28.409045457782106,77.16266516538163,12,12,0,0.0,0,0.0,0.0,41.0,DC,commercial
2025-12-07 16:10:00,14,Charging Station 14,28.409045457782106,77.16266516538163,12,6,6,0.5,0,0.0,0.0,45.0,DC,commercial
2025-12-16 09:45:00,14,Charging Station 14,28.409045457782106,77.16266516538163,12,3,9,0.75,1,41.04645027818515,10.261612569546287,42.0,DC,commercial
2025-12-18 19:29:00,14,Charging Station 14,28.409045457782106,77.16266516538163,12,2,10,0.8333333333333334,0,0.0,0.0,97.0,DC,commercial
2025-12-19 10:39:00,14,Charging Station 14,28.409045457782106,77.16266516538163,12,1,11,0.9166666666666666,1,19.305274434534205,4.826318608633551,71.0,DC,commercial
2025-12-20 06:10:00,14,Charging Station 14,28.409045457782106,77.16266516538163,12,10,2,0.16666666666666663,2,81.0932751384224,20.2733187846056,92.0,DC,commercial
2025-12-23 05:48:00,14,Charging Station 14,28.409045457782106,77.16266516538163,12,11,1,0.08333333333333337,0,0.0,0.0,65.0,DC,commercial
2025-12-23 11:12:00,14,Charging Station 14,28.409045457782106,77.16266516538163,12,3,9,0.75,0,0.0,0.0,94.0,DC,commercial
2025-12-23 21:57:00,14,Charging Station 14,28.409045457782106,77.16266516538163,12,5,7,0.5833333333333333,1,43.810333295455536,10.952583323863884,21.0,DC,commercial
2025-12-25 21:22:00,14,Charging Station 14,28.409045457782106,77.16266516538163,12,6,6,0.5,0,0.0,0.0,95.0,DC,commercial
2025-12-27 08:47:00,14,Charging Station 14,28.409045457782106,77.16266516538163,12,6,6,0.5,2,16.712284381778012,4.178071095444503,183.0,DC,commercial
2025-01-02 02:31:00,15,Charging Station 15,28.51735023313277,77.48262765363206,10,10,0,0.0,0,0.0,0.0,116.0,AC,mall
2025-01-02 18:37:00,15,Charging Station 15,28.51735023313277,77.48262765363206,10,1,9,0.9,2,160.15333011016838,40.038332527542096,18.0,AC,mall
2025-01-04 18:39:00,15,Charging Station 15,28.51735023313277,77.48262765363206,10,4,6,0.6,3,97.12031400654853,24.28007850163713,58.333333333333336,AC,mall
2025-01-07 21:29:00,15,Charging Station 15,28.51735023313277,77.48262765363206,10,4,6,0.6,1,82.15881732095296,20.53970433023824,52.0,AC,mall
2025-01-11 03:34:00,15,Charging Station 15,28.51735023313277,77.48262765363206,10,10,0,0.0,1,11.972829940888815,2.9932074852222037,49.0,AC,mall
2025-01-15 20:30:00,15,Charging Station 15,28.51735023313277,77.48262765363206,10,2,8,0.8,0,0.0,0.0,105.0,AC,mall
2025-01-16 18:09:00,15,Charging Station 15,28.51735023313277,77.48262765363206,10,2,8,0.8,2,86.22239008492338,21.555597521230844,39.5,AC,mall
2025-01-18 05:19:00,15,Charging Station 15,28.51735023313277,77.48262765363206,10,10,0,0.0,0,0.0,0.0,86.0,AC,mall
2025-01-23 10:24:00,15,Charging Station 15,28.51735023313277,77.48262765363206,10,1,9,0.9,1,52.66831901446952,13.16707975361738,97.0,AC,mall
2025-01-24 05:03:00,15,Charging Station 15,28.51735023313277,77.48262765363206,10,9,1,0.09999999999999998,0,0.0,0.0,77.0,AC,mall
2025-01-25 18:29:00,15,Charging Station 15,28.51735023313277,77.48262765363206,10,4,6,0.6,2,29.811578811925123,7.452894702981281,26.0,AC,mall
2025-01-26 14:30:00,15,Charging Station 15,28.51735023313277,77.48262765363206,10,5,5,0.5,3,270.4727369045613,67.61818422614033,83.0,AC,mall
2025-01-31 04:27:00,15,Charging Station 15,28.51735023313277,77.48262765363206,10,9,1,0.09999999999999998,0,0.0,0.0,80.0,AC,mall
2025-02-08 23:20:00,15,Charging Station 15,28.51735023313277,77.48262765363206,10,9,1,0.09999999999999998,1,103.33939261399786,25.834848153499465,26.0,AC,mall
2025-02-11 16:05:00,15,Charging Station 15,28.51735023313277,77.48262765363206,10,2,8,0.8,0,0.0,0.0,61.0,AC,mall
2025-02-14 23:26:00,15,Charging Station 15,28.51735023313277,77.48262765363206,10,8,2,0.19999999999999996,0,0.0,0.0,26.0,AC,mall
2025-02-14 23:40:00,15,Charging Station 15,28.51735023313277,77.48262765363206,10,9,1,0.09999999999999998,1,99.25631949399505,24.814079873498763,232.0,AC,mall
2025-02-15 00:48:00,15,Charging Station 15,28.51735023313277,77.48262765363206,10,10,0,0.0,0,0.0,0.0,85.0,AC,mall
2025-02-20 10:50:00,15,Charging Station 15,28.51735023313277,77.48262765363206,10,1,9,0.9,1,36.00316310745078,9.000790776862695,200.0,AC,mall
2025-02-21 20:50:00,15,Charging Station 15,28.51735023313277,77.48262765363206,10,2,8,0.8,1,82.8055132091902,20.70137830229755,70.0,AC,mall
2025-02-22 13:15:00,15,Charging Station 15,28.51735023313277,77.48262765363206,10,6,4,0.4,0,0.0,0.0,105.0,AC,mall
2025-02-24 15:03:00,15,Charging Station 15,28.51735023313277,77.48262765363206,10,3,7,0.7,4,296.56521358864916,74.14130339716229,52.5,AC,mall
2025-02-25 08:09:00,15,Charging Station 15,28.51735023313277,77.48262765363206,10,3,7,0.7,2,73.35086432493455,18.337716081233637,95.5,AC,mall
2025-02-25 15:46:00,15,Charging Station 15,28.51735023313277,77.48262765363206,10,4,6,0.6,3,210.12623743742193,52.531559359355484,44.333333333333336,AC,mall
2025-02-26 14:16:00,15,Charging Station 15,28.51735023313277,77.48262765363206,10,4,6,0.6,0,0.0,0.0,93.0,AC,mall
2025-02-27 17:20:00,15,Charging Station 15,28.51735023313277,77.48262765363206,10,2,8,0.8,0,0.0,0.0,169.0,AC,mall
2025-03-02 23:04:00,15,Charging Station 15,28.51735023313277,77.48262765363206,10,9,1,0.09999999999999998,1,78.68480583596354,19.671201458990886,87.0,AC,mall
2025-03-03 17:06:00,15,Charging Station 15,28.51735023313277,77.48262765363206,10,1,9,0.9,0,0.0,0.0,25.0,AC,mall
2025-03-04 02:29:00,15,Charging Station 15,28.51735023313277,77.48262765363206,10,9,1,0.09999999999999998,1,45.11530960159866,11.278827400399665,57.0,AC,mall
2025-03-04 21:37:00,15,Charging Station 15,28.51735023313277,77.48262765363206,10,4,6,0.6,1,72.36130321712646,18.090325804281616,95.0,AC,mall
2025-03-06 05:28:00,15,Charging Station 15,28.51735023313277,77.48262765363206,10,9,1,0.09999999999999998,0,0.0,0.0,65.0,AC,mall
2025-03-07 01:09:00,15,Charging Station 15,28.51735023313277,77.48262765363206,10,10,0,0.0,0,0.0,0.0,15.0,AC,mall
2025-03-09 03:29:00,15,Charging Station 15,28.51735023313277,77.48262765363206,10,10,0,0.0,2,126.39423099785914,31.598557749464785,60.0,AC,mall
2025-03-09 05:38:00,15,Charging Station 15,28.51735023313277,77.48262765363206,10,9,1,0.09999999999999998,0,0.0,0.0,107.0,AC,mall
2025-03-09 20:18:00,15,Charging Station 15,28.51735023313277,77.48262765363206,10,5,5,0.5,0,0.0,0.0,126.0,AC,mall
2025-03-13 08:53:00,15,Charging Station 15,28.51735023313277,77.48262765363206,10,3,7,0.7,4,142.71711972539578,35.679279931348944,67.5,AC,mall
2025-03-13 22:30:00,15,Charging Station 15,28.51735023313277,77.48262765363206,10,6,4,0.4,0,0.0,0.0,54.0,AC,mall
2025-03-15 03:36:00,15,Charging Station 15,28.51735023313277,77.48262765363206,10,9,1,0.09999999999999998,1,93.19176967087134,23.297942417717834,25.0,AC,mall
2025-03-15 21:01:00,15,Charging Station 15,28.51735023313277,77.48262765363206,10,6,4,0.4,1,26.834811617336232,6.708702904334058,24.0,AC,mall
2025-03-16 00:39:00,15,Charging Station 15,28.51735023313277,77.48262765363206,10,9,1,0.09999999999999998,0,0.0,0.0,64.0,AC,mall
2025-03-17 05:11:00,15,Charging Station 15,28.51735023313277,77.48262765363206,10,9,1,0.09999999999999998,2,149.66178396374102,37.415445990935254,63.0,AC,mall
2025-03-18 03:13:00,15,Charging Station 15,28.51735023313277,77.48262765363206,10,9,1,0.09999999999999998,1,40.32837602226172,10.08209400556543,58.0,AC,mall
2025-03-20 12:40:00,15,Charging Station 15,28.51735023313277,77.48262765363206,10,4,6,0.6,0,0.0,0.0,27.0,AC,mall
2025-03-21 18:13:00,15,Charging Station 15,28.51735023313277,77.48262765363206,10,2,8,0.8,4,152.21124277913253,38.05281069478313,69.25,AC,mall
2025-03-26 13:08:00,15,Charging Station 15,28.51735023313277,77.48262765363206,10,4,6,0.6,0,0.0,0.0,41.0,AC,mall
2025-03-28 09:22:00,15,Charging Station 15,28.51735023313277,77.48262765363206,10,2,8,0.8,2,171.27377948939244,42.81844487234811,25.5,AC,mall
2025-04-02 08:56:00,15,Charging Station 15,28.51735023313277,77.48262765363206,10,3,7,0.7,1,289.95844045772157,72.48961011443039,52.0,AC,mall
2025-04-02 15:49:00,15,Charging Station 15,28.51735023313277,77.48262765363206,10,3,7,0.7,1,42.57378704551725,10.643446761379312,84.0,AC,mall
2025-04-02 23:11:00,15,Charging Station 15,28.51735023313277,77.48262765363206,10,8,2,0.19999999999999996,0,0.0,0.0,16.0,AC,mall
2025-04-03 21:49:00,15,Charging Station 15,28.51735023313277,77.48262765363206,10,4,6,0.6,0,0.0,0.0,97.0,AC,mall
2025-04-08 13:20:00,15,Charging Station 15,28.51735023313277,77.48262765363206,10,4,6,0.6,1,66.35169283933594,16.587923209833985,26.0,AC,mall
2025-04-10 16:48:00,15,Charging Station 15,28.51735023313277,77.48262765363206,10,3,7,0.7,0,0.0,0.0,264.0,AC,mall
2025-04-12 06:21:00,15,Charging Station 15,28.51735023313277,77.48262765363206,10,9,1,0.09999999999999998,1,11.251246886791499,2.8128117216978747,114.0,AC,mall
2025-04-14 10:06:00,15,Charging Station 15,28.51735023313277,77.48262765363206,10,2,8,0.8,0,0.0,0.0,138.0,AC,mall
2025-04-14 14:50:00,15,Charging Station 15,28.51735023313277,77.48262765363206,10,3,7,0.7,3,265.82178645549374,66.45544661387343,65.0,AC,mall
2025-04-15 13:06:00,15,Charging Station 15,28.51735023313277,77.48262765363206,10,4,6,0.6,2,302.36628092416413,75.59157023104103,159.5,AC,mall
2025-04-16 19:24:00,15,Charging Station 15,28.51735023313277,77.48262765363206,10,1,9,0.9,0,0.0,0.0,129.0,AC,mall
2025-04-18 12:51:00,15,Charging Station 15,28.51735023313277,77.48262765363206,10,3,7,0.7,0,0.0,0.0,29.0,AC,mall
2025-04-19 12:18:00,15,Charging Station 15,28.51735023313277,77.48262765363206,10,6,4,0.4,0,0.0,0.0,29.0,AC,mall
2025-04-19 15:38:00,15,Charging Station 15,28.51735023313277,77.48262765363206,10,4,6,0.6,1,91.97816051474926,22.994540128687316,25.0,AC,mall
2025-04-20 16:15:00,15,Charging Station 15,28.51735023313277,77.48262765363206,10,4,6,0.6,0,0.0,0.0,178.0,AC,mall
2025-04-22 12:37:00,15,Charging Station 15,28.51735023313277,77.48262765363206,10,3,7,0.7,3,436.93597668384797,109.23399417096199,59.666666666666664,AC,mall
2025-04-25 00:16:00,15,Charging Station 15,28.51735023313277,77.48262765363206,10,9,1,0.09999999999999998,0,0.0,0.0,213.0,AC,mall
2025-04-25 01:46:00,15,Charging Station 15,28.51735023313277,77.48262765363206,10,10,0,0.0,1,10.863756360841625,2.7159390902104064,127.0,AC,mall
2025-04-26 12:40:00,15,Charging Station 15,28.51735023313277,77.48262765363206,10,6,4,0.4,0,0.0,0.0,80.0,AC,mall
2025-04-26 23:12:00,15,Charging Station 15,28.51735023313277,77.48262765363206,10,9,1,0.09999999999999998,0,0.0,0.0,112.0,AC,mall
2025-04-30 14:49:00,15,Charging Station 15,28.51735023313277,77.48262765363206,10,3,7,0.7,1,37.09172593276627,9.272931483191568,53.0,AC,mall
2025-05-01 11:51:00,15,Charging Station 15,28.51735023313277,77.48262765363206,10,3,7,0.7,1,61.248062846390816,15.312015711597704,20.0,AC,mall
2025-05-02 01:21:00,15,Charging Station 15,28.51735023313277,77.48262765363206,10,10,0,0.0,1,251.32710332865238,62.831775832163096,18.0,AC,mall
2025-05-03 13:09:00,15,Charging Station 15,28.51735023313277,77.48262765363206,10,5,5,0.5,0,0.0,0.0,50.0,AC,mall
2025-05-04 06:40:00,15,Charging Station 15,28.51735023313277,77.48262765363206,10,8,2,0.19999999999999996,0,0.0,0.0,33.0,AC,mall
2025-05-05 21:30:00,15,Charging Station 15,28.51735023313277,77.48262765363206,10,4,6,0.6,3,148.21331039024554,37.053327597561385,130.0,AC,mall
2025-05-07 12:41:00,15,Charging Station 15,28.51735023313277,77.48262765363206,10,3,7,0.7,1,32.72895417568128,8.18223854392032,20.0,AC,mall
2025-05-08 08:20:00,15,Charging Station 15,28.51735023313277,77.48262765363206,10,4,6,0.6,3,239.97321565868407,59.99330391467102,133.66666666666666,AC,mall
2025-05-13 14:25:00,15,Charging Station 15,28.51735023313277,77.48262765363206,10,4,6,0.6,0,0.0,0.0,221.0,AC,mall
2025-05-15 08:06:00,15,Charging Station 15,28.51735023313277,77.48262765363206,10,4,6,0.6,2,110.31758045607523,27.57939511401881,47.0,AC,mall
2025-05-17 06:35:00,15,Charging Station 15,28.51735023313277,77.48262765363206,10,9,1,0.09999999999999998,0,0.0,0.0,34.0,AC,mall
2025-05-17 16:18:00,15,Charging Station 15,28.51735023313277,77.48262765363206,10,4,6,0.6,0,0.0,0.0,32.0,AC,mall
2025-05-21 18:44:00,15,Charging Station 15,28.51735023313277,77.48262765363206,10,1,9,0.9,4,438.2633278189637,109.56583195474093,135.0,AC,mall
2025-05-22 02:23:00,15,Charging Station 15,28.51735023313277,77.48262765363206,10,9,1,0.09999999999999998,0,0.0,0.0,21.0,AC,mall
2025-05-27 01:21:00,15,Charging Station 15,28.51735023313277,77.48262765363206,10,10,0,0.0,0,0.0,0.0,46.0,AC,mall
2025-05-27 23:21:00,15,Charging Station 15,28.51735023313277,77.48262765363206,10,7,3,0.30000000000000004,2,103.3767757833755,25.844193945843877,57.5,AC,mall
2025-06-02 07:17:00,15,Charging Station 15,28.51735023313277,77.48262765363206,10,6,4,0.4,0,0.0,0.0,53.0,AC,mall
2025-06-05 22:43:00,15,Charging Station 15,28.51735023313277,77.48262765363206,10,6,4,0.4,0,0.0,0.0,148.0,AC,mall
2025-06-06 09:27:00,15,Charging Station 15,28.51735023313277,77.48262765363206,10,2,8,0.8,0,0.0,0.0,103.0,AC,mall
2025-06-07 13:11:00,15,Charging Station 15,28.51735023313277,77.48262765363206,10,6,4,0.4,2,233.30467970869955,58.32616992717489,86.0,AC,mall
2025-06-08 13:22:00,15,Charging Station 15,28.51735023313277,77.48262765363206,10,5,5,0.5,1,57.50967307585248,14.37741826896312,15.0,AC,mall
2025-06-09 23:10:00,15,Charging Station 15,28.51735023313277,77.48262765363206,10,8,2,0.19999999999999996,1,56.352263013774184,14.088065753443546,50.0,AC,mall
2025-06-12 02:48:00,15,Charging Station 15,28.51735023313277,77.48262765363206,10,10,0,0.0,0,0.0,0.0,46.0,AC,mall
2025-06-13 20:18:00,15,Charging Station 15,28.51735023313277,77.48262765363206,10,2,8,0.8,0,0.0,0.0,33.0,AC,mall
2025-06-16 23:59:00,15,Charging Station 15,28.51735023313277,77.48262765363206,10,7,3,0.30000000000000004,0,0.0,0.0,174.0,AC,mall
2025-06-17 11:47:00,15,Charging Station 15,28.51735023313277,77.48262765363206,10,3,7,0.7,0,0.0,0.0,72.0,AC,mall
2025-06-19 02:24:00,15,Charging Station 15,28.51735023313277,77.48262765363206,10,10,0,0.0,0,0.0,0.0,71.0,AC,mall
2025-06-19 22:55:00,15,Charging Station 15,28.51735023313277,77.48262765363206,10,7,3,0.30000000000000004,0,0.0,0.0,36.0,AC,mall
2025-06-20 17:26:00,15,Charging Station 15,28.51735023313277,77.48262765363206,10,2,8,0.8,0,0.0,0.0,41.0,AC,mall
2025-06-24 04:25:00,15,Charging Station 15,28.51735023313277,77.48262765363206,10,10,0,0.0,1,18.48904792707216,4.62226198176804,86.0,AC,mall
2025-06-27 05:01:00,15,Charging Station 15,28.51735023313277,77.48262765363206,10,9,1,0.09999999999999998,2,98.77460742890219,24.693651857225547,77.5,AC,mall
2025-06-29 16:55:00,15,Charging Station 15,28.51735023313277,77.48262765363206,10,5,5,0.5,1,4.890408330151048,1.222602082537762,291.0,AC,mall
2025-07-01 19:04:00,15,Charging Station 15,28.51735023313277,77.48262765363206,10,1,9,0.9,0,0.0,0.0,115.0,AC,mall
2025-07-02 12:32:00,15,Charging Station 15,28.51735023313277,77.48262765363206,10,3,7,0.7,4,302.651373705708,75.662843426427,104.5,AC,mall
2025-07-03 21:12:00,15,Charging Station 15,28.51735023313277,77.48262765363206,10,3,7,0.7,0,0.0,0.0,26.0,AC,mall
2025-07-06 01:48:00,15,Charging Station 15,28.51735023313277,77.48262765363206,10,9,1,0.09999999999999998,1,106.44754333202621,26.611885833006554,253.0,AC,mall
2025-07-06 16:34:00,15,Charging Station 15,28.51735023313277,77.48262765363206,10,5,5,0.5,1,115.49349612438236,28.87337403109559,29.0,AC,mall
2025-07-07 04:22:00,15,Charging Station 15,28.51735023313277,77.48262765363206,10,10,0,0.0,1,78.04666192989083,19.511665482472708,95.0,AC,mall
2025-07-10 20:51:00,15,Charging Station 15,28.51735023313277,77.48262765363206,10,2,8,0.8,0,0.0,0.0,79.0,AC,mall
2025-07-14 18:24:00,15,Charging Station 15,28.51735023313277,77.48262765363206,10,1,9,0.9,3,88.91128962450945,22.227822406127363,117.66666666666667,AC,mall
2025-07-15 23:22:00,15,Charging Station 15,28.51735023313277,77.48262765363206,10,8,2,0.19999999999999996,0,0.0,0.0,214.0,AC,mall
2025-07-17 22:49:00,15,Charging Station 15,28.51735023313277,77.48262765363206,10,6,4,0.4,0,0.0,0.0,34.0,AC,mall
2025-07-21 16:35:00,15,Charging Station 15,28.51735023313277,77.48262765363206,10,3,7,0.7,0,0.0,0.0,47.0,AC,mall
2025-07-22 14:14:00,15,Charging Station 15,28.51735023313277,77.48262765363206,10,4,6,0.6,0,0.0,0.0,53.0,AC,mall
2025-07-23 21:16:00,15,Charging Station 15,28.51735023313277,77.48262765363206,10,5,5,0.5,1,34.13625994614664,8.53406498653666,65.0,AC,mall
2025-07-24 00:53:00,15,Charging Station 15,28.51735023313277,77.48262765363206,10,9,1,0.09999999999999998,0,0.0,0.0,49.0,AC,mall
2025-08-01 08:57:00,15,Charging Station 15,28.51735023313277,77.48262765363206,10,3,7,0.7,4,196.23100067885272,49.05775016971318,90.75,AC,mall
2025-08-02 23:37:00,15,Charging Station 15,28.51735023313277,77.48262765363206,10,9,1,0.09999999999999998,0,0.0,0.0,40.0,AC,mall
2025-08-03 23:53:00,15,Charging Station 15,28.51735023313277,77.48262765363206,10,9,1,0.09999999999999998,2,52.320687830262095,13.080171957565524,95.5,AC,mall
2025-08-07 00:20:00,15,Charging Station 15,28.51735023313277,77.48262765363206,10,10,0,0.0,0,0.0,0.0,15.0,AC,mall
2025-08-11 02:42:00,15,Charging Station 15,28.51735023313277,77.48262765363206,10,10,0,0.0,0,0.0,0.0,31.0,AC,mall
2025-08-14 13:02:00,15,Charging Station 15,28.51735023313277,77.48262765363206,10,4,6,0.6,3,122.50601463917025,30.62650365979256,41.666666666666664,AC,mall
2025-08-15 09:33:00,15,Charging Station 15,28.51735023313277,77.48262765363206,10,2,8,0.8,1,86.87046336342443,21.71761584085611,91.0,AC,mall
2025-08-15 10:42:00,15,Charging Station 15,28.51735023313277,77.48262765363206,10,2,8,0.8,0,0.0,0.0,71.0,AC,mall
2025-08-16 12:03:00,15,Charging Station 15,28.51735023313277,77.48262765363206,10,5,5,0.5,0,0.0,0.0,69.0,AC,mall
2025-08-16 18:03:00,15,Charging Station 15,28.51735023313277,77.48262765363206,10,3,7,0.7,2,137.94641960175318,34.486604900438294,40.0,AC,mall
2025-08-18 22:55:00,15,Charging Station 15,28.51735023313277,77.48262765363206,10,5,5,0.5,0,0.0,0.0,28.0,AC,mall
2025-08-24 05:47:00,15,Charging Station 15,28.51735023313277,77.48262765363206,10,9,1,0.09999999999999998,0,0.0,0.0,25.0,AC,mall
2025-08-24 19:22:00,15,Charging Station 15,28.51735023313277,77.48262765363206,10,4,6,0.6,0,0.0,0.0,37.0,AC,mall
2025-08-25 03:21:00,15,Charging Station 15,28.51735023313277,77.48262765363206,10,10,0,0.0,0,0.0,0.0,119.0,AC,mall
2025-08-25 21:12:00,15,Charging Station 15,28.51735023313277,77.48262765363206,10,4,6,0.6,1,15.312188050096607,3.8280470125241517,92.0,AC,mall
2025-08-26 10:36:00,15,Charging Station 15,28.51735023313277,77.48262765363206,10,2,8,0.8,0,0.0,0.0,50.0,AC,mall
2025-08-27 14:26:00,15,Charging Station 15,28.51735023313277,77.48262765363206,10,3,7,0.7,0,0.0,0.0,29.0,AC,mall
2025-08-27 22:39:00,15,Charging Station 15,28.51735023313277,77.48262765363206,10,6,4,0.4,1,115.7580242114462,28.93950605286155,99.0,AC,mall
2025-08-29 15:45:00,15,Charging Station 15,28.51735023313277,77.48262765363206,10,3,7,0.7,0,0.0,0.0,20.0,AC,mall
2025-08-30 09:48:00,15,Charging Station 15,28.51735023313277,77.48262765363206,10,5,5,0.5,1,40.25088603687233,10.062721509218083,228.0,AC,mall
2025-08-30 21:36:00,15,Charging Station 15,28.51735023313277,77.48262765363206,10,6,4,0.4,1,72.64444099775997,18.161110249439993,70.0,AC,mall
2025-09-02 02:56:00,15,Charging Station 15,28.51735023313277,77.48262765363206,10,9,1,0.09999999999999998,0,0.0,0.0,25.0,AC,mall
2025-09-03 04:58:00,15,Charging Station 15,28.51735023313277,77.48262765363206,10,10,0,0.0,0,0.0,0.0,52.0,AC,mall
2025-09-03 16:53:00,15,Charging Station 15,28.51735023313277,77.48262765363206,10,2,8,0.8,1,98.6558188495915,24.663954712397874,81.0,AC,mall
2025-09-06 11:08:00,15,Charging Station 15,28.51735023313277,77.48262765363206,10,4,6,0.6,2,378.3569724417602,94.58924311044005,74.5,AC,mall
2025-09-07 07:59:00,15,Charging Station 15,28.51735023313277,77.48262765363206,10,7,3,0.30000000000000004,1,107.50266733509413,26.875666833773533,90.0,AC,mall
2025-09-09 18:34:00,15,Charging Station 15,28.51735023313277,77.48262765363206,10,0,10,1.0,2,123.18001920944175,30.795004802360438,80.5,AC,mall
2025-09-13 03:14:00,15,Charging Station 15,28.51735023313277,77.48262765363206,10,10,0,0.0,0,0.0,0.0,78.0,AC,mall
2025-09-18 05:02:00,15,Charging Station 15,28.51735023313277,77.48262765363206,10,9,1,0.09999999999999998,0,0.0,0.0,53.0,AC,mall
2025-09-19 01:37:00,15,Charging Station 15,28.51735023313277,77.48262765363206,10,9,1,0.09999999999999998,0,0.0,0.0,73.0,AC,mall
2025-09-23 00:27:00,15,Charging Station 15,28.51735023313277,77.48262765363206,10,9,1,0.09999999999999998,3,147.64272799861294,36.910681999653235,77.66666666666667,AC,mall
2025-09-23 15:27:00,15,Charging Station 15,28.51735023313277,77.48262765363206,10,3,7,0.7,1,95.75886068660128,23.93971517165032,19.0,AC,mall
2025-09-23 20:57:00,15,Charging Station 15,28.51735023313277,77.48262765363206,10,3,7,0.7,0,0.0,0.0,80.0,AC,mall
2025-09-24 13:17:00,15,Charging Station 15,28.51735023313277,77.48262765363206,10,4,6,0.6,0,0.0,0.0,26.0,AC,mall
2025-09-24 15:54:00,15,Charging Station 15,28.51735023313277,77.48262765363206,10,3,7,0.7,1,36.34823524994552,9.08705881248638,29.0,AC,mall
2025-09-24 17:16:00,15,Charging Station 15,28.51735023313277,77.48262765363206,10,2,8,0.8,0,0.0,0.0,178.0,AC,mall
2025-09-25 22:25:00,15,Charging Station 15,28.51735023313277,77.48262765363206,10,7,3,0.30000000000000004,0,0.0,0.0,22.0,AC,mall
2025-09-26 18:35:00,15,Charging Station 15,28.51735023313277,77.48262765363206,10,1,9,0.9,2,136.7576601101837,34.18941502754593,73.5,AC,mall
2025-09-26 22:48:00,15,Charging Station 15,28.51735023313277,77.48262765363206,10,6,4,0.4,1,30.889940225245013,7.722485056311253,87.0,AC,mall
2025-09-28 13:53:00,15,Charging Station 15,28.51735023313277,77.48262765363206,10,5,5,0.5,0,0.0,0.0,56.0,AC,mall
2025-09-28 22:30:00,15,Charging Station 15,28.51735023313277,77.48262765363206,10,7,3,0.30000000000000004,0,0.0,0.0,95.0,AC,mall
2025-09-29 10:05:00,15,Charging Station 15,28.51735023313277,77.48262765363206,10,2,8,0.8,0,0.0,0.0,260.0,AC,mall
2025-09-29 23:30:00,15,Charging Station 15,28.51735023313277,77.48262765363206,10,9,1,0.09999999999999998,0,0.0,0.0,161.0,AC,mall
2025-10-02 02:45:00,15,Charging Station 15,28.51735023313277,77.48262765363206,10,9,1,0.09999999999999998,1,92.77939290452527,23.194848226131317,100.0,AC,mall
2025-10-02 04:42:00,15,Charging Station 15,28.51735023313277,77.48262765363206,10,10,0,0.0,0,0.0,0.0,108.0,AC,mall
2025-10-04 14:02:00,15,Charging Station 15,28.51735023313277,77.48262765363206,10,6,4,0.4,0,0.0,0.0,51.0,AC,mall
2025-10-06 23:07:00,15,Charging Station 15,28.51735023313277,77.48262765363206,10,8,2,0.19999999999999996,0,0.0,0.0,86.0,AC,mall
2025-10-10 22:53:00,15,Charging Station 15,28.51735023313277,77.48262765363206,10,6,4,0.4,1,84.01369321419473,21.003423303548683,36.0,AC,mall
2025-10-13 02:31:00,15,Charging Station 15,28.51735023313277,77.48262765363206,10,10,0,0.0,2,103.45566158654866,25.863915396637164,67.0,AC,mall
2025-10-13 20:51:00,15,Charging Station 15,28.51735023313277,77.48262765363206,10,2,8,0.8,0,0.0,0.0,17.0,AC,mall
2025-10-15 18:35:00,15,Charging Station 15,28.51735023313277,77.48262765363206,10,1,9,0.9,3,45.487404299581584,11.371851074895396,76.33333333333333,AC,mall
2025-10-18 06:21:00,15,Charging Station 15,28.51735023313277,77.48262765363206,10,9,1,0.09999999999999998,0,0.0,0.0,29.0,AC,mall
2025-10-23 09:14:00,15,Charging Station 15,28.51735023313277,77.48262765363206,10,2,8,0.8,1,72.56111018096028,18.14027754524007,38.0,AC,mall
2025-10-23 19:48:00,15,Charging Station 15,28.51735023313277,77.48262765363206,10,3,7,0.7,0,0.0,0.0,105.0,AC,mall
2025-10-26 21:50:00,15,Charging Station 15,28.51735023313277,77.48262765363206,10,6,4,0.4,0,0.0,0.0,16.0,AC,mall
2025-10-27 07:03:00,15,Charging Station 15,28.51735023313277,77.48262765363206,10,5,5,0.5,1,18.512012816561647,4.628003204140412,46.0,AC,mall
2025-11-07 21:15:00,15,Charging Station 15,28.51735023313277,77.48262765363206,10,2,8,0.8,1,151.05354994003963,37.76338748500991,42.0,AC,mall
2025-11-08 05:00:00,15,Charging Station 15,28.51735023313277,77.48262765363206,10,8,2,0.19999999999999996,0,0.0,0.0,92.0,AC,mall
2025-11-09 12:05:00,15,Charging Station 15,28.51735023313277,77.48262765363206,10,5,5,0.5,0,0.0,0.0,17.0,AC,mall
2025-11-11 06:52:00,15,Charging Station 15,28.51735023313277,77.48262765363206,10,8,2,0.19999999999999996,1,30.610036035866834,7.6525090089667085,116.0,AC,mall
2025-11-11 09:00:00,15,Charging Station 15,28.51735023313277,77.48262765363206,10,2,8,0.8,0,0.0,0.0,116.0,AC,mall
2025-11-13 06:20:00,15,Charging Station 15,28.51735023313277,77.48262765363206,10,9,1,0.09999999999999998,0,0.0,0.0,127.0,AC,mall
2025-11-17 16:10:00,15,Charging Station 15,28.51735023313277,77.48262765363206,10,3,7,0.7,1,66.40111121544813,16.60027780386203,58.0,AC,mall
2025-11-19 17:47:00,15,Charging Station 15,28.51735023313277,77.48262765363206,10,2,8,0.8,0,0.0,0.0,86.0,AC,mall
2025-11-20 04:04:00,15,Charging Station 15,28.51735023313277,77.48262765363206,10,9,1,0.09999999999999998,0,0.0,0.0,57.0,AC,mall
2025-11-21 12:33:00,15,Charging Station 15,28.51735023313277,77.48262765363206,10,3,7,0.7,3,108.90024585855815,27.225061464639538,121.0,AC,mall
2025-11-26 10:33:00,15,Charging Station 15,28.51735023313277,77.48262765363206,10,2,8,0.8,3,228.4858593414653,57.121464835366325,97.66666666666667,AC,mall
2025-11-27 20:44:00,15,Charging Station 15,28.51735023313277,77.48262765363206,10,3,7,0.7,0,0.0,0.0,71.0,AC,mall
2025-11-28 22:56:00,15,Charging Station 15,28.51735023313277,77.48262765363206,10,6,4,0.4,0,0.0,0.0,16.0,AC,mall
2025-11-29 06:41:00,15,Charging Station 15,28.51735023313277,77.48262765363206,10,9,1,0.09999999999999998,0,0.0,0.0,25.0,AC,mall
2025-12-04 12:34:00,15,Charging Station 15,28.51735023313277,77.48262765363206,10,3,7,0.7,0,0.0,0.0,114.0,AC,mall
2025-12-06 04:18:00,15,Charging Station 15,28.51735023313277,77.48262765363206,10,9,1,0.09999999999999998,2,63.115441751873384,15.778860437968346,79.0,AC,mall
2025-12-11 23:13:00,15,Charging Station 15,28.51735023313277,77.48262765363206,10,8,2,0.19999999999999996,0,0.0,0.0,251.0,AC,mall
2025-12-12 02:58:00,15,Charging Station 15,28.51735023313277,77.48262765363206,10,10,0,0.0,0,0.0,0.0,38.0,AC,mall
2025-12-12 11:07:00,15,Charging Station 15,28.51735023313277,77.48262765363206,10,2,8,0.8,0,0.0,0.0,37.0,AC,mall
2025-12-14 10:58:00,15,Charging Station 15,28.51735023313277,77.48262765363206,10,4,6,0.6,1,96.88014196615262,24.220035491538155,188.0,AC,mall
2025-12-15 09:50:00,15,Charging Station 15,28.51735023313277,77.48262765363206,10,2,8,0.8,0,0.0,0.0,113.0,AC,mall
2025-12-17 10:16:00,15,Charging Station 15,28.51735023313277,77.48262765363206,10,1,9,0.9,0,0.0,0.0,19.0,AC,mall
2025-12-20 03:57:00,15,Charging Station 15,28.51735023313277,77.48262765363206,10,10,0,0.0,1,76.7175893086767,19.179397327169173,18.0,AC,mall
2025-12-21 21:25:00,15,Charging Station 15,28.51735023313277,77.48262765363206,10,6,4,0.4,1,170.98731348444164,42.74682837111041,92.0,AC,mall
2025-12-23 10:42:00,15,Charging Station 15,28.51735023313277,77.48262765363206,10,2,8,0.8,0,0.0,0.0,98.0,AC,mall
2025-12-27 21:48:00,15,Charging Station 15,28.51735023313277,77.48262765363206,10,5,5,0.5,1,15.858740160275303,3.964685040068826,44.0,AC,mall
2025-12-28 05:54:00,15,Charging Station 15,28.51735023313277,77.48262765363206,10,9,1,0.09999999999999998,2,81.45493477133535,20.363733692833836,222.0,AC,mall
2025-12-28 20:49:00,15,Charging Station 15,28.51735023313277,77.48262765363206,10,5,5,0.5,0,0.0,0.0,201.0,AC,mall
2025-12-29 23:30:00,15,Charging Station 15,28.51735023313277,77.48262765363206,10,8,2,0.19999999999999996,1,57.48709136119156,14.37177284029789,54.0,AC,mall
2025-01-01 13:48:00,16,Charging Station 16,28.459254701140814,77.0826334695315,4,2,2,0.5,0,0.0,0.0,276.0,Both,mall
2025-01-02 05:16:00,16,Charging Station 16,28.459254701140814,77.0826334695315,4,3,1,0.25,1,109.19173969083641,27.297934922709103,37.0,Both,mall
2025-01-02 07:29:00,16,Charging Station 16,28.459254701140814,77.0826334695315,4,3,1,0.25,0,0.0,0.0,32.0,Both,mall
2025-01-02 10:24:00,16,Charging Station 16,28.459254701140814,77.0826334695315,4,0,4,1.0,2,151.47383834236388,37.86845958559097,177.5,Both,mall
2025-01-02 11:46:00,16,Charging Station 16,28.459254701140814,77.0826334695315,4,1,3,0.75,1,38.30933531545162,9.577333828862905,93.0,Both,mall
2025-01-04 06:48:00,16,Charging Station 16,28.459254701140814,77.0826334695315,4,4,0,0.0,0,0.0,0.0,131.0,Both,mall
2025-01-08 03:50:00,16,Charging Station 16,28.459254701140814,77.0826334695315,4,4,0,0.0,0,0.0,0.0,96.0,Both,mall
2025-01-08 12:18:00,16,Charging Station 16,28.459254701140814,77.0826334695315,4,1,3,0.75,1,19.29230971921983,4.8230774298049575,37.0,Both,mall
2025-01-09 04:29:00,16,Charging Station 16,28.459254701140814,77.0826334695315,4,4,0,0.0,0,0.0,0.0,57.0,Both,mall
2025-01-10 17:30:00,16,Charging Station 16,28.459254701140814,77.0826334695315,4,1,3,0.75,1,56.36735910471637,14.091839776179093,71.0,Both,mall
2025-01-11 15:51:00,16,Charging Station 16,28.459254701140814,77.0826334695315,4,2,2,0.5,0,0.0,0.0,72.0,Both,mall
2025-01-14 02:37:00,16,Charging Station 16,28.459254701140814,77.0826334695315,4,4,0,0.0,0,0.0,0.0,50.0,Both,mall
2025-01-14 15:53:00,16,Charging Station 16,28.459254701140814,77.0826334695315,4,2,2,0.5,1,17.248764395390566,4.3121910988476415,204.0,Both,mall
2025-01-18 12:45:00,16,Charging Station 16,28.459254701140814,77.0826334695315,4,2,2,0.5,0,0.0,0.0,78.0,Both,mall
2025-01-19 01:11:00,16,Charging Station 16,28.459254701140814,77.0826334695315,4,4,0,0.0,1,35.943841620634316,8.985960405158579,41.0,Both,mall
2025-01-21 09:31:00,16,Charging Station 16,28.459254701140814,77.0826334695315,4,1,3,0.75,0,0.0,0.0,96.0,Both,mall
2025-01-25 05:22:00,16,Charging Station 16,28.459254701140814,77.0826334695315,4,4,0,0.0,1,100.30784451790934,25.076961129477336,65.0,Both,mall
2025-01-26 14:45:00,16,Charging Station 16,28.459254701140814,77.0826334695315,4,2,2,0.5,2,72.42714068366317,18.106785170915792,22.5,Both,mall
2025-01-27 15:22:00,16,Charging Station 16,28.459254701140814,77.0826334695315,4,1,3,0.75,0,0.0,0.0,99.0,Both,mall
2025-02-01 21:38:00,16,Charging Station 16,28.459254701140814,77.0826334695315,4,2,2,0.5,0,0.0,0.0,101.0,Both,mall
2025-02-03 15:25:00,16,Charging Station 16,28.459254701140814,77.0826334695315,4,1,3,0.75,0,0.0,0.0,204.0,Both,mall
2025-02-03 19:05:00,16,Charging Station 16,28.459254701140814,77.0826334695315,4,1,3,0.75,0,0.0,0.0,174.0,Both,mall
2025-02-08 20:48:00,16,Charging Station 16,28.459254701140814,77.0826334695315,4,2,2,0.5,1,89.8685019696416,22.4671254924104,45.0,Both,mall
2025-02-11 15:51:00,16,Charging Station 16,28.459254701140814,77.0826334695315,4,1,3,0.75,0,0.0,0.0,211.0,Both,mall
2025-02-12 13:09:00,16,Charging Station 16,28.459254701140814,77.0826334695315,4,2,2,0.5,0,0.0,0.0,179.0,Both,mall
2025-02-13 03:35:00,16,Charging Station 16,28.459254701140814,77.0826334695315,4,4,0,0.0,0,0.0,0.0,235.0,Both,mall
2025-02-13 15:56:00,16,Charging Station 16,28.459254701140814,77.0826334695315,4,1,3,0.75,0,0.0,0.0,64.0,Both,mall
2025-02-14 01:48:00,16,Charging Station 16,28.459254701140814,77.0826334695315,4,4,0,0.0,0,0.0,0.0,46.0,Both,mall
2025-02-15 22:57:00,16,Charging Station 16,28.459254701140814,77.0826334695315,4,3,1,0.25,1,35.89394817358082,8.973487043395204,41.0,Both,mall
2025-02-20 05:43:00,16,Charging Station 16,28.459254701140814,77.0826334695315,4,4,0,0.0,0,0.0,0.0,18.0,Both,mall
2025-02-20 20:46:00,16,Charging Station 16,28.459254701140814,77.0826334695315,4,1,3,0.75,0,0.0,0.0,88.0,Both,mall
2025-02-25 03:06:00,16,Charging Station 16,28.459254701140814,77.0826334695315,4,3,1,0.25,1,62.22238393928697,15.555595984821743,38.0,Both,mall
2025-02-25 09:47:00,16,Charging Station 16,28.459254701140814,77.0826334695315,4,1,3,0.75,0,0.0,0.0,88.0,Both,mall
2025-02-26 02:06:00,16,Charging Station 16,28.459254701140814,77.0826334695315,4,4,0,0.0,1,165.82849654799705,41.45712413699926,71.0,Both,mall
2025-02-28 12:01:00,16,Charging Station 16,28.459254701140814,77.0826334695315,4,1,3,0.75,0,0.0,0.0,93.0,Both,mall
2025-03-03 07:34:00,16,Charging Station 16,28.459254701140814,77.0826334695315,4,2,2,0.5,2,109.04949392307414,27.262373480768535,55.5,Both,mall
2025-03-03 22:01:00,16,Charging Station 16,28.459254701140814,77.0826334695315,4,2,2,0.5,1,133.13275293010574,33.283188232526435,42.0,Both,mall
2025-03-05 15:32:00,16,Charging Station 16,28.459254701140814,77.0826334695315,4,1,3,0.75,2,41.60973399827162,10.402433499567906,68.0,Both,mall
2025-03-11 12:20:00,16,Charging Station 16,28.459254701140814,77.0826334695315,4,1,3,0.75,0,0.0,0.0,29.0,Both,mall
2025-03-12 06:12:00,16,Charging Station 16,28.459254701140814,77.0826334695315,4,3,1,0.25,0,0.0,0.0,28.0,Both,mall
2025-03-13 07:10:00,16,Charging Station 16,28.459254701140814,77.0826334695315,4,2,2,0.5,1,19.799147835422403,4.949786958855601,100.0,Both,mall
2025-03-13 17:06:00,16,Charging Station 16,28.459254701140814,77.0826334695315,4,0,4,1.0,0,0.0,0.0,22.0,Both,mall
2025-03-15 07:24:00,16,Charging Station 16,28.459254701140814,77.0826334695315,4,3,1,0.25,0,0.0,0.0,221.0,Both,mall
2025-03-16 21:14:00,16,Charging Station 16,28.459254701140814,77.0826334695315,4,2,2,0.5,2,45.00405870830313,11.251014677075782,190.5,Both,mall
2025-03-16 22:16:00,16,Charging Station 16,28.459254701140814,77.0826334695315,4,3,1,0.25,0,0.0,0.0,112.0,Both,mall
2025-03-17 18:02:00,16,Charging Station 16,28.459254701140814,77.0826334695315,4,0,4,1.0,1,25.734393952356257,6.433598488089064,52.0,Both,mall
2025-03-18 18:23:00,16,Charging Station 16,28.459254701140814,77.0826334695315,4,0,4,1.0,2,39.41250755096075,9.853126887740187,105.5,Both,mall
2025-03-22 00:49:00,16,Charging Station 16,28.459254701140814,77.0826334695315,4,4,0,0.0,1,309.14883716613764,77.28720929153441,32.0,Both,mall
2025-03-23 02:00:00,16,Charging Station 16,28.459254701140814,77.0826334695315,4,4,0,0.0,0,0.0,0.0,88.0,Both,mall
2025-03-23 17:53:00,16,Charging Station 16,28.459254701140814,77.0826334695315,4,2,2,0.5,0,0.0,0.0,110.0,Both,mall
2025-03-27 14:54:00,16,Charging Station 16,28.459254701140814,77.0826334695315,4,1,3,0.75,0,0.0,0.0,32.0,Both,mall
2025-03-27 16:02:00,16,Charging Station 16,28.459254701140814,77.0826334695315,4,1,3,0.75,0,0.0,0.0,261.0,Both,mall
2025-03-28 02:28:00,16,Charging Station 16,28.459254701140814,77.0826334695315,4,4,0,0.0,0,0.0,0.0,81.0,Both,mall
2025-03-28 15:13:00,16,Charging Station 16,28.459254701140814,77.0826334695315,4,1,3,0.75,0,0.0,0.0,216.0,Both,mall
2025-03-29 16:25:00,16,Charging Station 16,28.459254701140814,77.0826334695315,4,2,2,0.5,0,0.0,0.0,70.0,Both,mall
2025-03-31 16:32:00,16,Charging Station 16,28.459254701140814,77.0826334695315,4,1,3,0.75,0,0.0,0.0,26.0,Both,mall
2025-04-03 13:09:00,16,Charging Station 16,28.459254701140814,77.0826334695315,4,2,2,0.5,1,76.69780423097681,19.174451057744204,41.0,Both,mall
2025-04-03 22:57:00,16,Charging Station 16,28.459254701140814,77.0826334695315,4,3,1,0.25,1,16.412750769436478,4.1031876923591195,84.0,Both,mall
2025-04-06 22:36:00,16,Charging Station 16,28.459254701140814,77.0826334695315,4,3,1,0.25,0,0.0,0.0,16.0,Both,mall
2025-04-07 23:35:00,16,Charging Station 16,28.459254701140814,77.0826334695315,4,3,1,0.25,0,0.0,0.0,51.0,Both,mall
2025-04-08 15:40:00,16,Charging Station 16,28.459254701140814,77.0826334695315,4,1,3,0.75,1,28.567966441345348,7.141991610336337,76.0,Both,mall
2025-04-09 07:28:00,16,Charging Station 16,28.459254701140814,77.0826334695315,4,2,2,0.5,1,61.6144514687661,15.403612867191525,117.0,Both,mall
2025-04-15 05:42:00,16,Charging Station 16,28.459254701140814,77.0826334695315,4,4,0,0.0,0,0.0,0.0,15.0,Both,mall
2025-04-19 22:40:00,16,Charging Station 16,28.459254701140814,77.0826334695315,4,3,1,0.25,2,98.33741772561498,24.584354431403746,73.0,Both,mall
2025-04-20 01:19:00,16,Charging Station 16,28.459254701140814,77.0826334695315,4,4,0,0.0,1,55.1866524828268,13.7966631207067,52.0,Both,mall
2025-04-21 00:28:00,16,Charging Station 16,28.459254701140814,77.0826334695315,4,3,1,0.25,1,27.759017967467486,6.939754491866871,23.0,Both,mall
2025-04-21 01:10:00,16,Charging Station 16,28.459254701140814,77.0826334695315,4,4,0,0.0,0,0.0,0.0,17.0,Both,mall
2025-04-22 06:31:00,16,Charging Station 16,28.459254701140814,77.0826334695315,4,4,0,0.0,0,0.0,0.0,24.0,Both,mall
2025-04-23 14:10:00,16,Charging Station 16,28.459254701140814,77.0826334695315,4,1,3,0.75,1,18.08394424553722,4.520986061384305,25.0,Both,mall
2025-04-26 01:02:00,16,Charging Station 16,28.459254701140814,77.0826334695315,4,4,0,0.0,0,0.0,0.0,86.0,Both,mall
2025-04-27 13:52:00,16,Charging Station 16,28.459254701140814,77.0826334695315,4,2,2,0.5,0,0.0,0.0,118.0,Both,mall
2025-04-30 07:26:00,16,Charging Station 16,28.459254701140814,77.0826334695315,4,2,2,0.5,1,131.9010353178768,32.9752588294692,91.0,Both,mall
2025-05-05 12:25:00,16,Charging Station 16,28.459254701140814,77.0826334695315,4,1,3,0.75,2,201.6193926545288,50.4048481636322,74.5,Both,mall
2025-05-05 23:47:00,16,Charging Station 16,28.459254701140814,77.0826334695315,4,3,1,0.25,0,0.0,0.0,69.0,Both,mall
2025-05-09 21:09:00,16,Charging Station 16,28.459254701140814,77.0826334695315,4,2,2,0.5,1,75.28757569985936,18.82189392496484,83.0,Both,mall
2025-05-10 04:30:00,16,Charging Station 16,28.459254701140814,77.0826334695315,4,4,0,0.0,1,14.473275903301074,3.6183189758252685,42.0,Both,mall
2025-05-10 21:16:00,16,Charging Station 16,28.459254701140814,77.0826334695315,4,2,2,0.5,0,0.0,0.0,119.0,Both,mall
2025-05-13 01:26:00,16,Charging Station 16,28.459254701140814,77.0826334695315,4,4,0,0.0,1,100.22169592519518,25.055423981298794,17.0,Both,mall
2025-05-13 15:25:00,16,Charging Station 16,28.459254701140814,77.0826334695315,4,1,3,0.75,0,0.0,0.0,112.0,Both,mall
2025-05-21 14:39:00,16,Charging Station 16,28.459254701140814,77.0826334695315,4,1,3,0.75,1,54.947153936438326,13.736788484109582,101.0,Both,mall
2025-05-23 17:08:00,16,Charging Station 16,28.459254701140814,77.0826334695315,4,0,4,1.0,1,143.2863189772476,35.8215797443119,202.0,Both,mall
2025-05-31 22:07:00,16,Charging Station 16,28.459254701140814,77.0826334695315,4,3,1,0.25,0,0.0,0.0,42.0,Both,mall
2025-05-31 22:20:00,16,Charging Station 16,28.459254701140814,77.0826334695315,4,3,1,0.25,1,21.35867996811279,5.339669992028197,35.0,Both,mall
2025-06-01 23:57:00,16,Charging Station 16,28.459254701140814,77.0826334695315,4,3,1,0.25,1,56.799556250684994,14.199889062671248,91.0,Both,mall
2025-06-02 21:46:00,16,Charging Station 16,28.459254701140814,77.0826334695315,4,2,2,0.5,1,253.2989596967927,63.32473992419818,17.0,Both,mall
2025-06-07 04:23:00,16,Charging Station 16,28.459254701140814,77.0826334695315,4,4,0,0.0,0,0.0,0.0,232.0,Both,mall
2025-06-08 20:54:00,16,Charging Station 16,28.459254701140814,77.0826334695315,4,2,2,0.5,2,54.435317660039274,13.608829415009819,39.5,Both,mall
2025-06-09 15:07:00,16,Charging Station 16,28.459254701140814,77.0826334695315,4,1,3,0.75,0,0.0,0.0,274.0,Both,mall
2025-06-10 05:30:00,16,Charging Station 16,28.459254701140814,77.0826334695315,4,4,0,0.0,0,0.0,0.0,41.0,Both,mall
2025-06-11 20:28:00,16,Charging Station 16,28.459254701140814,77.0826334695315,4,1,3,0.75,0,0.0,0.0,74.0,Both,mall
2025-06-14 15:24:00,16,Charging Station 16,28.459254701140814,77.0826334695315,4,2,2,0.5,1,21.52828689294748,5.38207172323687,53.0,Both,mall
2025-06-18 22:58:00,16,Charging Station 16,28.459254701140814,77.0826334695315,4,2,2,0.5,1,14.885673082692858,3.7214182706732144,106.0,Both,mall
2025-06-24 11:10:00,16,Charging Station 16,28.459254701140814,77.0826334695315,4,1,3,0.75,1,80.85399813361646,20.213499533404114,238.0,Both,mall
2025-06-25 15:14:00,16,Charging Station 16,28.459254701140814,77.0826334695315,4,1,3,0.75,1,47.82712372647809,11.956780931619523,172.0,Both,mall
2025-06-25 21:40:00,16,Charging Station 16,28.459254701140814,77.0826334695315,4,1,3,0.75,0,0.0,0.0,220.0,Both,mall
2025-06-30 07:19:00,16,Charging Station 16,28.459254701140814,77.0826334695315,4,2,2,0.5,0,0.0,0.0,60.0,Both,mall
2025-07-01 01:47:00,16,Charging Station 16,28.459254701140814,77.0826334695315,4,4,0,0.0,0,0.0,0.0,86.0,Both,mall
2025-07-06 07:07:00,16,Charging Station 16,28.459254701140814,77.0826334695315,4,3,1,0.25,1,48.882108484011226,12.220527121002807,69.0,Both,mall
2025-07-07 12:48:00,16,Charging Station 16,28.459254701140814,77.0826334695315,4,1,3,0.75,0,0.0,0.0,28.0,Both,mall
2025-07-08 00:27:00,16,Charging Station 16,28.459254701140814,77.0826334695315,4,4,0,0.0,0,0.0,0.0,51.0,Both,mall
2025-07-08 00:55:00,16,Charging Station 16,28.459254701140814,77.0826334695315,4,4,0,0.0,1,120.06933679269102,30.017334198172755,88.0,Both,mall
2025-07-10 20:49:00,16,Charging Station 16,28.459254701140814,77.0826334695315,4,1,3,0.75,2,150.71184122428383,37.67796030607096,87.0,Both,mall
2025-07-12 18:05:00,16,Charging Station 16,28.459254701140814,77.0826334695315,4,2,2,0.5,2,37.40607953737986,9.351519884344965,113.0,Both,mall
2025-07-14 00:39:00,16,Charging Station 16,28.459254701140814,77.0826334695315,4,3,1,0.25,0,0.0,0.0,168.0,Both,mall
2025-07-14 09:23:00,16,Charging Station 16,28.459254701140814,77.0826334695315,4,1,3,0.75,0,0.0,0.0,40.0,Both,mall
2025-07-14 22:41:00,16,Charging Station 16,28.459254701140814,77.0826334695315,4,2,2,0.5,2,348.1510667861376,87.0377666965344,67.0,Both,mall
2025-07-15 15:21:00,16,Charging Station 16,28.459254701140814,77.0826334695315,4,1,3,0.75,0,0.0,0.0,20.0,Both,mall
2025-07-19 08:08:00,16,Charging Station 16,28.459254701140814,77.0826334695315,4,2,2,0.5,1,33.61358868215768,8.40339717053942,60.0,Both,mall
2025-07-19 18:35:00,16,Charging Station 16,28.459254701140814,77.0826334695315,4,1,3,0.75,3,154.3470575008007,38.586764375200175,98.66666666666667,Both,mall
2025-07-21 14:14:00,16,Charging Station 16,28.459254701140814,77.0826334695315,4,1,3,0.75,0,0.0,0.0,93.0,Both,mall
2025-07-23 23:29:00,16,Charging Station 16,28.459254701140814,77.0826334695315,4,3,1,0.25,1,24.302345735145245,6.075586433786311,34.0,Both,mall
2025-07-26 00:32:00,16,Charging Station 16,28.459254701140814,77.0826334695315,4,4,0,0.0,0,0.0,0.0,33.0,Both,mall
2025-07-27 18:44:00,16,Charging Station 16,28.459254701140814,77.0826334695315,4,2,2,0.5,2,84.46937497215052,21.11734374303763,57.5,Both,mall
2025-07-29 21:28:00,16,Charging Station 16,28.459254701140814,77.0826334695315,4,2,2,0.5,1,68.75379322495698,17.188448306239245,19.0,Both,mall
2025-07-30 17:31:00,16,Charging Station 16,28.459254701140814,77.0826334695315,4,1,3,0.75,0,0.0,0.0,35.0,Both,mall
2025-08-03 15:10:00,16,Charging Station 16,28.459254701140814,77.0826334695315,4,2,2,0.5,0,0.0,0.0,200.0,Both,mall
2025-08-04 04:26:00,16,Charging Station 16,28.459254701140814,77.0826334695315,4,4,0,0.0,0,0.0,0.0,52.0,Both,mall
2025-08-04 08:42:00,16,Charging Station 16,28.459254701140814,77.0826334695315,4,1,3,0.75,1,40.70355014297055,10.175887535742637,223.0,Both,mall
2025-08-04 20:47:00,16,Charging Station 16,28.459254701140814,77.0826334695315,4,1,3,0.75,1,104.30033249805638,26.075083124514094,77.0,Both,mall
2025-08-05 11:48:00,16,Charging Station 16,28.459254701140814,77.0826334695315,4,1,3,0.75,0,0.0,0.0,56.0,Both,mall
2025-08-07 23:03:00,16,Charging Station 16,28.459254701140814,77.0826334695315,4,3,1,0.25,1,27.390467702933314,6.847616925733329,84.0,Both,mall
2025-08-18 08:57:00,16,Charging Station 16,28.459254701140814,77.0826334695315,4,2,2,0.5,1,35.74498487679027,8.936246219197567,221.0,Both,mall
2025-08-18 11:24:00,16,Charging Station 16,28.459254701140814,77.0826334695315,4,1,3,0.75,0,0.0,0.0,77.0,Both,mall
2025-08-19 06:15:00,16,Charging Station 16,28.459254701140814,77.0826334695315,4,3,1,0.25,1,31.06249811812213,7.765624529530532,79.0,Both,mall
2025-08-21 15:17:00,16,Charging Station 16,28.459254701140814,77.0826334695315,4,1,3,0.75,0,0.0,0.0,62.0,Both,mall
2025-08-21 22:54:00,16,Charging Station 16,28.459254701140814,77.0826334695315,4,2,2,0.5,1,94.93853060216831,23.73463265054208,18.0,Both,mall
2025-08-27 06:35:00,16,Charging Station 16,28.459254701140814,77.0826334695315,4,3,1,0.25,1,38.14984695483385,9.537461738708462,34.0,Both,mall
2025-08-30 06:36:00,16,Charging Station 16,28.459254701140814,77.0826334695315,4,4,0,0.0,0,0.0,0.0,232.0,Both,mall
2025-08-30 14:01:00,16,Charging Station 16,28.459254701140814,77.0826334695315,4,2,2,0.5,0,0.0,0.0,54.0,Both,mall
2025-08-31 15:31:00,16,Charging Station 16,28.459254701140814,77.0826334695315,4,2,2,0.5,0,0.0,0.0,52.0,Both,mall
2025-09-01 07:21:00,16,Charging Station 16,28.459254701140814,77.0826334695315,4,3,1,0.25,1,55.67764444152552,13.91941111038138,75.0,Both,mall
2025-09-02 23:08:00,16,Charging Station 16,28.459254701140814,77.0826334695315,4,3,1,0.25,0,0.0,0.0,15.0,Both,mall
2025-09-04 18:11:00,16,Charging Station 16,28.459254701140814,77.0826334695315,4,0,4,1.0,4,420.42444177488125,105.10611044372031,55.0,Both,mall
2025-09-04 19:21:00,16,Charging Station 16,28.459254701140814,77.0826334695315,4,0,4,1.0,0,0.0,0.0,19.0,Both,mall
2025-09-06 03:23:00,16,Charging Station 16,28.459254701140814,77.0826334695315,4,4,0,0.0,1,16.68551069871973,4.171377674679933,18.0,Both,mall
2025-09-08 19:39:00,16,Charging Station 16,28.459254701140814,77.0826334695315,4,1,3,0.75,1,119.98174819223586,29.995437048058964,72.0,Both,mall
2025-09-09 17:42:00,16,Charging Station 16,28.459254701140814,77.0826334695315,4,1,3,0.75,0,0.0,0.0,85.0,Both,mall
2025-09-09 20:40:00,16,Charging Station 16,28.459254701140814,77.0826334695315,4,1,3,0.75,1,23.08907247546832,5.77226811886708,20.0,Both,mall
2025-09-12 03:47:00,16,Charging Station 16,28.459254701140814,77.0826334695315,4,4,0,0.0,0,0.0,0.0,84.0,Both,mall
2025-09-14 15:22:00,16,Charging Station 16,28.459254701140814,77.0826334695315,4,2,2,0.5,0,0.0,0.0,20.0,Both,mall
2025-09-19 20:01:00,16,Charging Station 16,28.459254701140814,77.0826334695315,4,1,3,0.75,0,0.0,0.0,52.0,Both,mall
2025-09-20 21:57:00,16,Charging Station 16,28.459254701140814,77.0826334695315,4,2,2,0.5,1,39.56780487671732,9.89195121917933,65.0,Both,mall
2025-09-22 05:01:00,16,Charging Station 16,28.459254701140814,77.0826334695315,4,4,0,0.0,0,0.0,0.0,59.0,Both,mall
2025-09-22 07:23:00,16,Charging Station 16,28.459254701140814,77.0826334695315,4,2,2,0.5,0,0.0,0.0,29.0,Both,mall
2025-09-22 17:58:00,16,Charging Station 16,28.459254701140814,77.0826334695315,4,0,4,1.0,0,0.0,0.0,60.0,Both,mall
2025-09-25 22:17:00,16,Charging Station 16,28.459254701140814,77.0826334695315,4,3,1,0.25,2,57.257105254995494,14.314276313748874,93.0,Both,mall
2025-09-28 10:31:00,16,Charging Station 16,28.459254701140814,77.0826334695315,4,1,3,0.75,0,0.0,0.0,109.0,Both,mall
2025-09-30 06:48:00,16,Charging Station 16,28.459254701140814,77.0826334695315,4,3,1,0.25,0,0.0,0.0,57.0,Both,mall
2025-10-02 18:20:00,16,Charging Station 16,28.459254701140814,77.0826334695315,4,1,3,0.75,3,232.56318875042135,58.14079718760534,102.0,Both,mall
2025-10-03 04:50:00,16,Charging Station 16,28.459254701140814,77.0826334695315,4,4,0,0.0,0,0.0,0.0,265.0,Both,mall
2025-10-04 06:58:00,16,Charging Station 16,28.459254701140814,77.0826334695315,4,4,0,0.0,0,0.0,0.0,33.0,Both,mall
2025-10-04 21:35:00,16,Charging Station 16,28.459254701140814,77.0826334695315,4,2,2,0.5,0,0.0,0.0,46.0,Both,mall
2025-10-04 22:53:00,16,Charging Station 16,28.459254701140814,77.0826334695315,4,3,1,0.25,0,0.0,0.0,99.0,Both,mall
2025-10-06 10:23:00,16,Charging Station 16,28.459254701140814,77.0826334695315,4,1,3,0.75,2,192.88715685655123,48.22178921413781,67.5,Both,mall
2025-10-09 23:57:00,16,Charging Station 16,28.459254701140814,77.0826334695315,4,3,1,0.25,0,0.0,0.0,231.0,Both,mall
2025-10-14 07:22:00,16,Charging Station 16,28.459254701140814,77.0826334695315,4,3,1,0.25,0,0.0,0.0,111.0,Both,mall
2025-10-20 19:47:00,16,Charging Station 16,28.459254701140814,77.0826334695315,4,1,3,0.75,2,172.53929761682082,43.134824404205204,122.0,Both,mall
2025-10-21 15:59:00,16,Charging Station 16,28.459254701140814,77.0826334695315,4,1,3,0.75,0,0.0,0.0,125.0,Both,mall
2025-10-21 18:31:00,16,Charging Station 16,28.459254701140814,77.0826334695315,4,0,4,1.0,2,26.269014824473324,6.567253706118331,82.5,Both,mall
2025-10-30 04:22:00,16,Charging Station 16,28.459254701140814,77.0826334695315,4,4,0,0.0,1,287.59276141837427,71.89819035459357,43.0,Both,mall
2025-10-31 22:57:00,16,Charging Station 16,28.459254701140814,77.0826334695315,4,2,2,0.5,0,0.0,0.0,104.0,Both,mall
2025-11-06 16:47:00,16,Charging Station 16,28.459254701140814,77.0826334695315,4,1,3,0.75,0,0.0,0.0,89.0,Both,mall
2025-11-10 19:44:00,16,Charging Station 16,28.459254701140814,77.0826334695315,4,1,3,0.75,0,0.0,0.0,106.0,Both,mall
2025-11-12 01:21:00,16,Charging Station 16,28.459254701140814,77.0826334695315,4,4,0,0.0,0,0.0,0.0,39.0,Both,mall
2025-11-13 15:38:00,16,Charging Station 16,28.459254701140814,77.0826334695315,4,1,3,0.75,0,0.0,0.0,202.0,Both,mall
2025-11-14 05:43:00,16,Charging Station 16,28.459254701140814,77.0826334695315,4,4,0,0.0,0,0.0,0.0,28.0,Both,mall
2025-11-14 06:35:00,16,Charging Station 16,28.459254701140814,77.0826334695315,4,3,1,0.25,1,106.17999652873961,26.544999132184902,256.0,Both,mall
2025-11-17 16:53:00,16,Charging Station 16,28.459254701140814,77.0826334695315,4,1,3,0.75,2,63.40605367308248,15.85151341827062,44.0,Both,mall
2025-11-18 17:54:00,16,Charging Station 16,28.459254701140814,77.0826334695315,4,1,3,0.75,1,33.84333239236383,8.460833098090957,116.0,Both,mall
2025-11-19 04:16:00,16,Charging Station 16,28.459254701140814,77.0826334695315,4,4,0,0.0,0,0.0,0.0,118.0,Both,mall
2025-11-20 00:13:00,16,Charging Station 16,28.459254701140814,77.0826334695315,4,4,0,0.0,1,21.23507445126345,5.308768612815863,279.0,Both,mall
2025-11-22 05:11:00,16,Charging Station 16,28.459254701140814,77.0826334695315,4,4,0,0.0,1,16.087503264217204,4.021875816054301,47.0,Both,mall
2025-11-24 01:52:00,16,Charging Station 16,28.459254701140814,77.0826334695315,4,4,0,0.0,0,0.0,0.0,95.0,Both,mall
2025-11-24 18:41:00,16,Charging Station 16,28.459254701140814,77.0826334695315,4,0,4,1.0,5,455.2689372717596,113.8172343179399,135.6,Both,mall
2025-11-24 19:36:00,16,Charging Station 16,28.459254701140814,77.0826334695315,4,0,4,1.0,1,76.99625266146617,19.249063165366543,18.0,Both,mall
2025-11-27 18:00:00,16,Charging Station 16,28.459254701140814,77.0826334695315,4,0,4,1.0,3,231.3271321625603,57.831783040640076,64.0,Both,mall
2025-11-28 10:35:00,16,Charging Station 16,28.459254701140814,77.0826334695315,4,1,3,0.75,1,16.187015403975185,4.046753850993796,112.0,Both,mall
2025-11-29 13:23:00,16,Charging Station 16,28.459254701140814,77.0826334695315,4,2,2,0.5,0,0.0,0.0,236.0,Both,mall
2025-11-30 10:19:00,16,Charging Station 16,28.459254701140814,77.0826334695315,4,1,3,0.75,1,22.881162890119185,5.720290722529796,119.0,Both,mall
2025-12-01 18:47:00,16,Charging Station 16,28.459254701140814,77.0826334695315,4,0,4,1.0,3,166.33776159919094,41.584440399797735,133.33333333333334,Both,mall
2025-12-05 14:49:00,16,Charging Station 16,28.459254701140814,77.0826334695315,4,1,3,0.75,0,0.0,0.0,25.0,Both,mall
2025-12-08 12:04:00,16,Charging Station 16,28.459254701140814,77.0826334695315,4,1,3,0.75,0,0.0,0.0,94.0,Both,mall
2025-12-10 18:43:00,16,Charging Station 16,28.459254701140814,77.0826334695315,4,0,4,1.0,2,94.80969353322429,23.702423383306073,110.0,Both,mall
2025-12-11 18:12:00,16,Charging Station 16,28.459254701140814,77.0826334695315,4,0,4,1.0,1,8.631225326038054,2.1578063315095135,22.0,Both,mall
2025-12-16 09:47:00,16,Charging Station 16,28.459254701140814,77.0826334695315,4,1,3,0.75,1,10.587178781959977,2.6467946954899944,102.0,Both,mall
2025-12-18 00:57:00,16,Charging Station 16,28.459254701140814,77.0826334695315,4,4,0,0.0,1,27.017139211084427,6.754284802771107,117.0,Both,mall
2025-12-18 01:11:00,16,Charging Station 16,28.459254701140814,77.0826334695315,4,4,0,0.0,0,0.0,0.0,21.0,Both,mall
2025-12-19 20:16:00,16,Charging Station 16,28.459254701140814,77.0826334695315,4,1,3,0.75,0,0.0,0.0,52.0,Both,mall
2025-12-22 04:39:00,16,Charging Station 16,28.459254701140814,77.0826334695315,4,4,0,0.0,0,0.0,0.0,77.0,Both,mall
2025-12-22 07:34:00,16,Charging Station 16,28.459254701140814,77.0826334695315,4,2,2,0.5,0,0.0,0.0,232.0,Both,mall
2025-12-27 11:29:00,16,Charging Station 16,28.459254701140814,77.0826334695315,4,2,2,0.5,1,11.528772575983663,2.8821931439959156,71.0,Both,mall
2025-01-02 06:20:00,17,Charging Station 17,28.554448953859332,77.09935784076708,8,7,1,0.125,0,0.0,0.0,49.0,Both,mall
2025-01-02 11:55:00,17,Charging Station 17,28.554448953859332,77.09935784076708,8,2,6,0.75,0,0.0,0.0,118.0,Both,mall
2025-01-04 09:41:00,17,Charging Station 17,28.554448953859332,77.09935784076708,8,3,5,0.625,0,0.0,0.0,73.0,Both,mall
2025-01-05 11:13:00,17,Charging Station 17,28.554448953859332,77.09935784076708,8,4,4,0.5,0,0.0,0.0,24.0,Both,mall
2025-01-09 12:57:00,17,Charging Station 17,28.554448953859332,77.09935784076708,8,3,5,0.625,1,44.49446670336576,11.12361667584144,15.0,Both,mall
2025-01-09 18:50:00,17,Charging Station 17,28.554448953859332,77.09935784076708,8,0,8,1.0,3,197.1385880791654,49.28464701979135,130.33333333333334,Both,mall
2025-01-10 09:14:00,17,Charging Station 17,28.554448953859332,77.09935784076708,8,2,6,0.75,1,49.56847431071915,12.392118577679787,41.0,Both,mall
2025-01-14 22:48:00,17,Charging Station 17,28.554448953859332,77.09935784076708,8,5,3,0.375,2,189.04286225872286,47.260715564680716,59.5,Both,mall
2025-01-15 20:20:00,17,Charging Station 17,28.554448953859332,77.09935784076708,8,2,6,0.75,1,9.601059582128338,2.4002648955320844,237.0,Both,mall
2025-01-16 11:57:00,17,Charging Station 17,28.554448953859332,77.09935784076708,8,2,6,0.75,0,0.0,0.0,118.0,Both,mall
2025-01-18 07:41:00,17,Charging Station 17,28.554448953859332,77.09935784076708,8,5,3,0.375,0,0.0,0.0,53.0,Both,mall
2025-01-19 17:27:00,17,Charging Station 17,28.554448953859332,77.09935784076708,8,3,5,0.625,0,0.0,0.0,115.0,Both,mall
2025-01-20 06:44:00,17,Charging Station 17,28.554448953859332,77.09935784076708,8,6,2,0.25,1,100.97079756670547,25.242699391676368,23.0,Both,mall
2025-01-24 00:33:00,17,Charging Station 17,28.554448953859332,77.09935784076708,8,7,1,0.125,0,0.0,0.0,203.0,Both,mall
2025-01-25 05:27:00,17,Charging Station 17,28.554448953859332,77.09935784076708,8,8,0,0.0,2,131.41559470160695,32.85389867540174,63.5,Both,mall
2025-01-26 01:19:00,17,Charging Station 17,28.554448953859332,77.09935784076708,8,7,1,0.125,0,0.0,0.0,19.0,Both,mall
2025-01-26 05:34:00,17,Charging Station 17,28.554448953859332,77.09935784076708,8,7,1,0.125,0,0.0,0.0,223.0,Both,mall
2025-01-26 21:01:00,17,Charging Station 17,28.554448953859332,77.09935784076708,8,4,4,0.5,1,27.34622830658682,6.836557076646705,120.0,Both,mall
2025-01-27 22:46:00,17,Charging Station 17,28.554448953859332,77.09935784076708,8,5,3,0.375,0,0.0,0.0,95.0,Both,mall
2025-01-28 01:34:00,17,Charging Station 17,28.554448953859332,77.09935784076708,8,8,0,0.0,1,51.924982103665414,12.981245525916354,237.0,Both,mall
2025-02-02 03:50:00,17,Charging Station 17,28.554448953859332,77.09935784076708,8,8,0,0.0,0,0.0,0.0,110.0,Both,mall
2025-02-02 04:46:00,17,Charging Station 17,28.554448953859332,77.09935784076708,8,7,1,0.125,0,0.0,0.0,105.0,Both,mall
2025-02-03 10:22:00,17,Charging Station 17,28.554448953859332,77.09935784076708,8,1,7,0.875,1,29.064173993983935,7.266043498495984,84.0,Both,mall
2025-02-04 11:46:00,17,Charging Station 17,28.554448953859332,77.09935784076708,8,2,6,0.75,0,0.0,0.0,98.0,Both,mall
2025-02-04 19:45:00,17,Charging Station 17,28.554448953859332,77.09935784076708,8,1,7,0.875,0,0.0,0.0,75.0,Both,mall
2025-02-04 20:02:00,17,Charging Station 17,28.554448953859332,77.09935784076708,8,3,5,0.625,1,25.24433500612298,6.311083751530745,91.0,Both,mall
2025-02-05 22:50:00,17,Charging Station 17,28.554448953859332,77.09935784076708,8,6,2,0.25,0,0.0,0.0,111.0,Both,mall
2025-02-06 19:11:00,17,Charging Station 17,28.554448953859332,77.09935784076708,8,1,7,0.875,1,81.75450603678026,20.438626509195064,53.0,Both,mall
2025-02-12 07:20:00,17,Charging Station 17,28.554448953859332,77.09935784076708,8,5,3,0.375,1,91.27424947441692,22.81856236860423,175.0,Both,mall
2025-02-13 23:43:00,17,Charging Station 17,28.554448953859332,77.09935784076708,8,6,2,0.25,0,0.0,0.0,126.0,Both,mall
2025-02-18 01:34:00,17,Charging Station 17,28.554448953859332,77.09935784076708,8,8,0,0.0,1,27.27881263668184,6.81970315917046,77.0,Both,mall
2025-02-19 20:40:00,17,Charging Station 17,28.554448953859332,77.09935784076708,8,3,5,0.625,1,64.40413763992318,16.101034409980794,282.0,Both,mall
2025-02-23 08:28:00,17,Charging Station 17,28.554448953859332,77.09935784076708,8,4,4,0.5,3,232.3524086631739,58.08810216579347,102.0,Both,mall
2025-02-24 00:59:00,17,Charging Station 17,28.554448953859332,77.09935784076708,8,7,1,0.125,0,0.0,0.0,105.0,Both,mall
2025-02-24 13:45:00,17,Charging Station 17,28.554448953859332,77.09935784076708,8,3,5,0.625,0,0.0,0.0,116.0,Both,mall
2025-02-25 10:47:00,17,Charging Station 17,28.554448953859332,77.09935784076708,8,1,7,0.875,0,0.0,0.0,30.0,Both,mall
2025-02-26 10:57:00,17,Charging Station 17,28.554448953859332,77.09935784076708,8,0,8,1.0,0,0.0,0.0,114.0,Both,mall
2025-02-26 15:58:00,17,Charging Station 17,28.554448953859332,77.09935784076708,8,3,5,0.625,0,0.0,0.0,76.0,Both,mall
2025-02-27 11:53:00,17,Charging Station 17,28.554448953859332,77.09935784076708,8,2,6,0.75,0,0.0,0.0,98.0,Both,mall
2025-03-03 20:55:00,17,Charging Station 17,28.554448953859332,77.09935784076708,8,2,6,0.75,2,59.17210817200091,14.793027043000228,87.5,Both,mall
2025-03-08 18:41:00,17,Charging Station 17,28.554448953859332,77.09935784076708,8,3,5,0.625,2,58.20592456402672,14.55148114100668,159.5,Both,mall
2025-03-09 19:58:00,17,Charging Station 17,28.554448953859332,77.09935784076708,8,3,5,0.625,0,0.0,0.0,113.0,Both,mall
2025-03-10 02:38:00,17,Charging Station 17,28.554448953859332,77.09935784076708,8,8,0,0.0,1,29.820523688579954,7.455130922144988,50.0,Both,mall
2025-03-13 11:54:00,17,Charging Station 17,28.554448953859332,77.09935784076708,8,2,6,0.75,0,0.0,0.0,179.0,Both,mall
2025-03-14 11:05:00,17,Charging Station 17,28.554448953859332,77.09935784076708,8,2,6,0.75,3,268.8916478928141,67.22291197320352,54.0,Both,mall
2025-03-15 14:45:00,17,Charging Station 17,28.554448953859332,77.09935784076708,8,5,3,0.375,0,0.0,0.0,155.0,Both,mall
2025-03-19 13:00:00,17,Charging Station 17,28.554448953859332,77.09935784076708,8,3,5,0.625,0,0.0,0.0,88.0,Both,mall
2025-03-25 17:44:00,17,Charging Station 17,28.554448953859332,77.09935784076708,8,2,6,0.75,0,0.0,0.0,49.0,Both,mall
2025-03-26 17:32:00,17,Charging Station 17,28.554448953859332,77.09935784076708,8,1,7,0.875,0,0.0,0.0,23.0,Both,mall
2025-03-28 17:03:00,17,Charging Station 17,28.554448953859332,77.09935784076708,8,1,7,0.875,0,0.0,0.0,59.0,Both,mall
2025-03-28 22:56:00,17,Charging Station 17,28.554448953859332,77.09935784076708,8,5,3,0.375,0,0.0,0.0,70.0,Both,mall
2025-03-29 21:27:00,17,Charging Station 17,28.554448953859332,77.09935784076708,8,4,4,0.5,0,0.0,0.0,196.0,Both,mall
2025-03-31 03:11:00,17,Charging Station 17,28.554448953859332,77.09935784076708,8,8,0,0.0,0,0.0,0.0,17.0,Both,mall
2025-03-31 07:21:00,17,Charging Station 17,28.554448953859332,77.09935784076708,8,5,3,0.375,0,0.0,0.0,38.0,Both,mall
2025-04-02 20:57:00,17,Charging Station 17,28.554448953859332,77.09935784076708,8,3,5,0.625,0,0.0,0.0,218.0,Both,mall
2025-04-03 10:36:00,17,Charging Station 17,28.554448953859332,77.09935784076708,8,1,7,0.875,1,44.531689583132874,11.132922395783218,29.0,Both,mall
2025-04-07 20:49:00,17,Charging Station 17,28.554448953859332,77.09935784076708,8,2,6,0.75,2,53.24824257714011,13.312060644285028,46.5,Both,mall
2025-04-09 20:58:00,17,Charging Station 17,28.554448953859332,77.09935784076708,8,1,7,0.875,2,343.6981029107633,85.92452572769082,104.0,Both,mall
2025-04-13 19:32:00,17,Charging Station 17,28.554448953859332,77.09935784076708,8,4,4,0.5,0,0.0,0.0,15.0,Both,mall
2025-04-14 17:40:00,17,Charging Station 17,28.554448953859332,77.09935784076708,8,2,6,0.75,0,0.0,0.0,32.0,Both,mall
2025-04-14 17:59:00,17,Charging Station 17,28.554448953859332,77.09935784076708,8,1,7,0.875,1,21.623239478234755,5.405809869558689,112.0,Both,mall
2025-04-18 00:24:00,17,Charging Station 17,28.554448953859332,77.09935784076708,8,7,1,0.125,1,58.002355887858826,14.500588971964707,42.0,Both,mall
2025-04-18 04:40:00,17,Charging Station 17,28.554448953859332,77.09935784076708,8,8,0,0.0,0,0.0,0.0,95.0,Both,mall
2025-04-18 07:40:00,17,Charging Station 17,28.554448953859332,77.09935784076708,8,5,3,0.375,1,37.82835443041433,9.457088607603582,29.0,Both,mall
2025-04-18 13:29:00,17,Charging Station 17,28.554448953859332,77.09935784076708,8,3,5,0.625,0,0.0,0.0,96.0,Both,mall
2025-04-19 07:08:00,17,Charging Station 17,28.554448953859332,77.09935784076708,8,5,3,0.375,1,265.24781790244253,66.31195447561063,52.0,Both,mall
2025-04-20 04:01:00,17,Charging Station 17,28.554448953859332,77.09935784076708,8,7,1,0.125,0,0.0,0.0,116.0,Both,mall
2025-04-22 05:26:00,17,Charging Station 17,28.554448953859332,77.09935784076708,8,8,0,0.0,0,0.0,0.0,52.0,Both,mall
2025-04-23 03:00:00,17,Charging Station 17,28.554448953859332,77.09935784076708,8,8,0,0.0,0,0.0,0.0,64.0,Both,mall
2025-04-23 12:37:00,17,Charging Station 17,28.554448953859332,77.09935784076708,8,3,5,0.625,1,339.85876120112266,84.96469030028067,26.0,Both,mall
2025-04-25 03:34:00,17,Charging Station 17,28.554448953859332,77.09935784076708,8,8,0,0.0,1,50.240703162145465,12.560175790536366,88.0,Both,mall
2025-04-29 05:41:00,17,Charging Station 17,28.554448953859332,77.09935784076708,8,8,0,0.0,0,0.0,0.0,95.0,Both,mall
2025-04-29 22:33:00,17,Charging Station 17,28.554448953859332,77.09935784076708,8,5,3,0.375,0,0.0,0.0,88.0,Both,mall
2025-04-30 09:29:00,17,Charging Station 17,28.554448953859332,77.09935784076708,8,1,7,0.875,0,0.0,0.0,55.0,Both,mall
2025-05-01 12:31:00,17,Charging Station 17,28.554448953859332,77.09935784076708,8,3,5,0.625,0,0.0,0.0,35.0,Both,mall
2025-05-02 23:00:00,17,Charging Station 17,28.554448953859332,77.09935784076708,8,6,2,0.25,0,0.0,0.0,92.0,Both,mall
2025-05-04 01:36:00,17,Charging Station 17,28.554448953859332,77.09935784076708,8,7,1,0.125,0,0.0,0.0,69.0,Both,mall
2025-05-07 11:42:00,17,Charging Station 17,28.554448953859332,77.09935784076708,8,2,6,0.75,0,0.0,0.0,144.0,Both,mall
2025-05-08 04:48:00,17,Charging Station 17,28.554448953859332,77.09935784076708,8,8,0,0.0,0,0.0,0.0,93.0,Both,mall
2025-05-10 03:26:00,17,Charging Station 17,28.554448953859332,77.09935784076708,8,8,0,0.0,2,135.13134233629506,33.782835584073766,82.5,Both,mall
2025-05-11 12:31:00,17,Charging Station 17,28.554448953859332,77.09935784076708,8,4,4,0.5,0,0.0,0.0,36.0,Both,mall
2025-05-11 13:36:00,17,Charging Station 17,28.554448953859332,77.09935784076708,8,4,4,0.5,0,0.0,0.0,16.0,Both,mall
2025-05-13 23:46:00,17,Charging Station 17,28.554448953859332,77.09935784076708,8,6,2,0.25,0,0.0,0.0,113.0,Both,mall
2025-05-14 19:36:00,17,Charging Station 17,28.554448953859332,77.09935784076708,8,1,7,0.875,2,87.13479311432022,21.783698278580054,206.0,Both,mall
2025-05-16 07:22:00,17,Charging Station 17,28.554448953859332,77.09935784076708,8,4,4,0.5,1,10.261842550300312,2.565460637575078,81.0,Both,mall
2025-05-17 06:15:00,17,Charging Station 17,28.554448953859332,77.09935784076708,8,7,1,0.125,0,0.0,0.0,239.0,Both,mall
2025-05-18 12:52:00,17,Charging Station 17,28.554448953859332,77.09935784076708,8,5,3,0.375,1,18.879682120232168,4.719920530058042,19.0,Both,mall
2025-05-18 21:41:00,17,Charging Station 17,28.554448953859332,77.09935784076708,8,5,3,0.375,0,0.0,0.0,286.0,Both,mall
2025-05-20 22:45:00,17,Charging Station 17,28.554448953859332,77.09935784076708,8,5,3,0.375,1,142.7458174823441,35.68645437058603,47.0,Both,mall
2025-05-23 04:11:00,17,Charging Station 17,28.554448953859332,77.09935784076708,8,8,0,0.0,0,0.0,0.0,110.0,Both,mall
2025-05-26 06:51:00,17,Charging Station 17,28.554448953859332,77.09935784076708,8,7,1,0.125,1,59.710693688099454,14.927673422024863,78.0,Both,mall
2025-05-26 08:52:00,17,Charging Station 17,28.554448953859332,77.09935784076708,8,3,5,0.625,1,5.596301682026665,1.3990754205066662,68.0,Both,mall
2025-05-26 09:31:00,17,Charging Station 17,28.554448953859332,77.09935784076708,8,2,6,0.75,1,43.062920822889126,10.765730205722281,113.0,Both,mall
2025-05-27 19:53:00,17,Charging Station 17,28.554448953859332,77.09935784076708,8,1,7,0.875,1,37.075867444851184,9.268966861212796,57.0,Both,mall
2025-05-31 22:56:00,17,Charging Station 17,28.554448953859332,77.09935784076708,8,7,1,0.125,2,79.53162517306407,19.882906293266018,88.0,Both,mall
2025-06-01 09:14:00,17,Charging Station 17,28.554448953859332,77.09935784076708,8,4,4,0.5,0,0.0,0.0,77.0,Both,mall
2025-06-05 16:26:00,17,Charging Station 17,28.554448953859332,77.09935784076708,8,2,6,0.75,1,7.8193441653801745,1.9548360413450436,50.0,Both,mall
2025-06-07 06:30:00,17,Charging Station 17,28.554448953859332,77.09935784076708,8,7,1,0.125,0,0.0,0.0,56.0,Both,mall
2025-06-07 11:53:00,17,Charging Station 17,28.554448953859332,77.09935784076708,8,3,5,0.625,1,22.296030464848968,5.574007616212242,107.0,Both,mall
2025-06-10 21:24:00,17,Charging Station 17,28.554448953859332,77.09935784076708,8,3,5,0.625,1,67.6161921506303,16.904048037657574,219.0,Both,mall
2025-06-11 20:14:00,17,Charging Station 17,28.554448953859332,77.09935784076708,8,2,6,0.75,1,63.130318206712374,15.782579551678094,75.0,Both,mall
2025-06-11 22:38:00,17,Charging Station 17,28.554448953859332,77.09935784076708,8,5,3,0.375,2,63.62571081807325,15.906427704518313,61.5,Both,mall
2025-06-12 04:09:00,17,Charging Station 17,28.554448953859332,77.09935784076708,8,8,0,0.0,0,0.0,0.0,36.0,Both,mall
2025-06-12 06:11:00,17,Charging Station 17,28.554448953859332,77.09935784076708,8,6,2,0.25,0,0.0,0.0,246.0,Both,mall
2025-06-12 18:03:00,17,Charging Station 17,28.554448953859332,77.09935784076708,8,0,8,1.0,0,0.0,0.0,32.0,Both,mall
2025-06-14 10:41:00,17,Charging Station 17,28.554448953859332,77.09935784076708,8,3,5,0.625,0,0.0,0.0,72.0,Both,mall
2025-06-15 23:41:00,17,Charging Station 17,28.554448953859332,77.09935784076708,8,7,1,0.125,0,0.0,0.0,53.0,Both,mall
2025-06-16 04:51:00,17,Charging Station 17,28.554448953859332,77.09935784076708,8,7,1,0.125,0,0.0,0.0,95.0,Both,mall
2025-06-17 22:58:00,17,Charging Station 17,28.554448953859332,77.09935784076708,8,5,3,0.375,0,0.0,0.0,32.0,Both,mall
2025-06-18 01:37:00,17,Charging Station 17,28.554448953859332,77.09935784076708,8,8,0,0.0,0,0.0,0.0,139.0,Both,mall
2025-06-18 07:25:00,17,Charging Station 17,28.554448953859332,77.09935784076708,8,5,3,0.375,1,54.26498008458537,13.566245021146342,17.0,Both,mall
2025-06-19 23:52:00,17,Charging Station 17,28.554448953859332,77.09935784076708,8,7,1,0.125,1,44.82875142449484,11.20718785612371,200.0,Both,mall
2025-06-27 11:53:00,17,Charging Station 17,28.554448953859332,77.09935784076708,8,3,5,0.625,0,0.0,0.0,103.0,Both,mall
2025-06-30 00:46:00,17,Charging Station 17,28.554448953859332,77.09935784076708,8,7,1,0.125,1,270.14824472101697,67.53706118025424,17.0,Both,mall
2025-07-02 13:37:00,17,Charging Station 17,28.554448953859332,77.09935784076708,8,3,5,0.625,1,16.8531097900884,4.2132774475221,22.0,Both,mall
2025-07-07 07:09:00,17,Charging Station 17,28.554448953859332,77.09935784076708,8,5,3,0.375,0,0.0,0.0,276.0,Both,mall
2025-07-09 20:36:00,17,Charging Station 17,28.554448953859332,77.09935784076708,8,2,6,0.75,0,0.0,0.0,27.0,Both,mall
2025-07-10 07:21:00,17,Charging Station 17,28.554448953859332,77.09935784076708,8,5,3,0.375,1,31.268143135171595,7.817035783792899,32.0,Both,mall
2025-07-11 05:15:00,17,Charging Station 17,28.554448953859332,77.09935784076708,8,7,1,0.125,0,0.0,0.0,49.0,Both,mall
2025-07-12 07:35:00,17,Charging Station 17,28.554448953859332,77.09935784076708,8,6,2,0.25,0,0.0,0.0,70.0,Both,mall
2025-07-12 12:07:00,17,Charging Station 17,28.554448953859332,77.09935784076708,8,4,4,0.5,0,0.0,0.0,117.0,Both,mall
2025-07-12 21:09:00,17,Charging Station 17,28.554448953859332,77.09935784076708,8,5,3,0.375,0,0.0,0.0,36.0,Both,mall
2025-07-14 01:45:00,17,Charging Station 17,28.554448953859332,77.09935784076708,8,7,1,0.125,2,135.45795728201716,33.86448932050429,98.0,Both,mall
2025-07-14 15:22:00,17,Charging Station 17,28.554448953859332,77.09935784076708,8,3,5,0.625,0,0.0,0.0,195.0,Both,mall
2025-07-14 18:03:00,17,Charging Station 17,28.554448953859332,77.09935784076708,8,0,8,1.0,3,136.86458774476625,34.216146936191564,110.33333333333333,Both,mall
2025-07-16 08:01:00,17,Charging Station 17,28.554448953859332,77.09935784076708,8,2,6,0.75,0,0.0,0.0,84.0,Both,mall
2025-07-17 01:34:00,17,Charging Station 17,28.554448953859332,77.09935784076708,8,7,1,0.125,0,0.0,0.0,81.0,Both,mall
2025-07-19 15:48:00,17,Charging Station 17,28.554448953859332,77.09935784076708,8,4,4,0.5,0,0.0,0.0,263.0,Both,mall
2025-07-21 20:55:00,17,Charging Station 17,28.554448953859332,77.09935784076708,8,2,6,0.75,0,0.0,0.0,89.0,Both,mall
2025-07-27 20:08:00,17,Charging Station 17,28.554448953859332,77.09935784076708,8,4,4,0.5,1,18.52468394222485,4.631170985556213,299.0,Both,mall
2025-07-31 06:45:00,17,Charging Station 17,28.554448953859332,77.09935784076708,8,6,2,0.25,0,0.0,0.0,44.0,Both,mall
2025-08-05 14:37:00,17,Charging Station 17,28.554448953859332,77.09935784076708,8,2,6,0.75,0,0.0,0.0,42.0,Both,mall
2025-08-07 09:29:00,17,Charging Station 17,28.554448953859332,77.09935784076708,8,1,7,0.875,0,0.0,0.0,31.0,Both,mall
2025-08-08 03:43:00,17,Charging Station 17,28.554448953859332,77.09935784076708,8,8,0,0.0,0,0.0,0.0,21.0,Both,mall
2025-08-09 07:38:00,17,Charging Station 17,28.554448953859332,77.09935784076708,8,6,2,0.25,0,0.0,0.0,26.0,Both,mall
2025-08-09 17:26:00,17,Charging Station 17,28.554448953859332,77.09935784076708,8,3,5,0.625,1,91.10806653007295,22.777016632518237,115.0,Both,mall
2025-08-10 14:22:00,17,Charging Station 17,28.554448953859332,77.09935784076708,8,5,3,0.375,1,122.97648211165473,30.744120527913683,23.0,Both,mall
2025-08-10 15:39:00,17,Charging Station 17,28.554448953859332,77.09935784076708,8,4,4,0.5,2,155.10547411085017,38.77636852771254,134.0,Both,mall
2025-08-11 23:57:00,17,Charging Station 17,28.554448953859332,77.09935784076708,8,7,1,0.125,0,0.0,0.0,74.0,Both,mall
2025-08-13 14:55:00,17,Charging Station 17,28.554448953859332,77.09935784076708,8,3,5,0.625,0,0.0,0.0,31.0,Both,mall
2025-08-14 02:39:00,17,Charging Station 17,28.554448953859332,77.09935784076708,8,8,0,0.0,2,169.62017717855613,42.40504429463903,140.0,Both,mall
2025-08-14 14:26:00,17,Charging Station 17,28.554448953859332,77.09935784076708,8,3,5,0.625,1,65.80790975663685,16.45197743915921,92.0,Both,mall
2025-08-15 07:02:00,17,Charging Station 17,28.554448953859332,77.09935784076708,8,5,3,0.375,0,0.0,0.0,80.0,Both,mall
2025-08-16 00:04:00,17,Charging Station 17,28.554448953859332,77.09935784076708,8,8,0,0.0,0,0.0,0.0,50.0,Both,mall
2025-08-18 01:05:00,17,Charging Station 17,28.554448953859332,77.09935784076708,8,8,0,0.0,0,0.0,0.0,18.0,Both,mall
2025-08-18 06:23:00,17,Charging Station 17,28.554448953859332,77.09935784076708,8,7,1,0.125,1,65.79774780255465,16.449436950638663,18.0,Both,mall
2025-08-18 18:42:00,17,Charging Station 17,28.554448953859332,77.09935784076708,8,1,7,0.875,3,156.46971547512098,39.117428868780244,77.33333333333333,Both,mall
2025-08-21 11:55:00,17,Charging Station 17,28.554448953859332,77.09935784076708,8,1,7,0.875,0,0.0,0.0,29.0,Both,mall
2025-08-22 16:59:00,17,Charging Station 17,28.554448953859332,77.09935784076708,8,2,6,0.75,0,0.0,0.0,21.0,Both,mall
2025-08-27 16:43:00,17,Charging Station 17,28.554448953859332,77.09935784076708,8,2,6,0.75,1,30.60880066323614,7.652200165809035,74.0,Both,mall
2025-08-29 15:44:00,17,Charging Station 17,28.554448953859332,77.09935784076708,8,3,5,0.625,2,306.233573377826,76.5583933444565,38.5,Both,mall
2025-08-29 22:15:00,17,Charging Station 17,28.554448953859332,77.09935784076708,8,4,4,0.5,1,23.219317118059074,5.8048292795147685,29.0,Both,mall
2025-08-30 13:27:00,17,Charging Station 17,28.554448953859332,77.09935784076708,8,4,4,0.5,1,35.40481992807023,8.851204982017558,69.0,Both,mall
2025-09-02 09:34:00,17,Charging Station 17,28.554448953859332,77.09935784076708,8,1,7,0.875,0,0.0,0.0,87.0,Both,mall
2025-09-04 03:34:00,17,Charging Station 17,28.554448953859332,77.09935784076708,8,8,0,0.0,2,21.826077971067566,5.456519492766891,45.5,Both,mall
2025-09-05 19:28:00,17,Charging Station 17,28.554448953859332,77.09935784076708,8,1,7,0.875,0,0.0,0.0,224.0,Both,mall
2025-09-05 20:16:00,17,Charging Station 17,28.554448953859332,77.09935784076708,8,2,6,0.75,0,0.0,0.0,62.0,Both,mall
2025-09-06 23:24:00,17,Charging Station 17,28.554448953859332,77.09935784076708,8,7,1,0.125,0,0.0,0.0,66.0,Both,mall
2025-09-07 08:30:00,17,Charging Station 17,28.554448953859332,77.09935784076708,8,4,4,0.5,5,281.84858556118115,70.46214639029529,83.6,Both,mall
2025-09-08 12:18:00,17,Charging Station 17,28.554448953859332,77.09935784076708,8,3,5,0.625,0,0.0,0.0,36.0,Both,mall
2025-09-15 00:17:00,17,Charging Station 17,28.554448953859332,77.09935784076708,8,7,1,0.125,0,0.0,0.0,49.0,Both,mall
2025-09-15 23:41:00,17,Charging Station 17,28.554448953859332,77.09935784076708,8,7,1,0.125,1,60.565637665556864,15.141409416389216,66.0,Both,mall
2025-09-19 14:50:00,17,Charging Station 17,28.554448953859332,77.09935784076708,8,2,6,0.75,2,132.6197040623276,33.1549260155819,163.5,Both,mall
2025-09-20 06:20:00,17,Charging Station 17,28.554448953859332,77.09935784076708,8,7,1,0.125,0,0.0,0.0,23.0,Both,mall
2025-09-20 16:55:00,17,Charging Station 17,28.554448953859332,77.09935784076708,8,5,3,0.375,0,0.0,0.0,26.0,Both,mall
2025-09-21 00:11:00,17,Charging Station 17,28.554448953859332,77.09935784076708,8,7,1,0.125,0,0.0,0.0,18.0,Both,mall
2025-09-21 09:13:00,17,Charging Station 17,28.554448953859332,77.09935784076708,8,3,5,0.625,0,0.0,0.0,20.0,Both,mall
2025-09-22 19:03:00,17,Charging Station 17,28.554448953859332,77.09935784076708,8,1,7,0.875,1,39.937510113758776,9.984377528439694,67.0,Both,mall
2025-09-24 16:27:00,17,Charging Station 17,28.554448953859332,77.09935784076708,8,3,5,0.625,1,155.09328351505908,38.77332087876477,111.0,Both,mall
2025-09-25 05:19:00,17,Charging Station 17,28.554448953859332,77.09935784076708,8,7,1,0.125,0,0.0,0.0,34.0,Both,mall
2025-09-28 02:29:00,17,Charging Station 17,28.554448953859332,77.09935784076708,8,8,0,0.0,1,17.971949150002004,4.492987287500501,173.0,Both,mall
2025-10-01 05:32:00,17,Charging Station 17,28.554448953859332,77.09935784076708,8,7,1,0.125,0,0.0,0.0,57.0,Both,mall
2025-10-02 15:10:00,17,Charging Station 17,28.554448953859332,77.09935784076708,8,2,6,0.75,0,0.0,0.0,93.0,Both,mall
2025-10-03 13:17:00,17,Charging Station 17,28.554448953859332,77.09935784076708,8,3,5,0.625,0,0.0,0.0,75.0,Both,mall
2025-10-06 13:25:00,17,Charging Station 17,28.554448953859332,77.09935784076708,8,3,5,0.625,0,0.0,0.0,104.0,Both,mall
2025-10-06 16:31:00,17,Charging Station 17,28.554448953859332,77.09935784076708,8,2,6,0.75,1,43.04014822803411,10.760037057008528,103.0,Both,mall
2025-10-07 15:12:00,17,Charging Station 17,28.554448953859332,77.09935784076708,8,2,6,0.75,0,0.0,0.0,16.0,Both,mall
2025-10-10 14:31:00,17,Charging Station 17,28.554448953859332,77.09935784076708,8,3,5,0.625,0,0.0,0.0,109.0,Both,mall
2025-10-13 06:26:00,17,Charging Station 17,28.554448953859332,77.09935784076708,8,7,1,0.125,0,0.0,0.0,97.0,Both,mall
2025-10-13 18:38:00,17,Charging Station 17,28.554448953859332,77.09935784076708,8,1,7,0.875,2,26.317692965649155,6.579423241412289,59.5,Both,mall
2025-10-16 00:08:00,17,Charging Station 17,28.554448953859332,77.09935784076708,8,7,1,0.125,1,34.35980461138511,8.589951152846277,59.0,Both,mall
2025-10-21 05:38:00,17,Charging Station 17,28.554448953859332,77.09935784076708,8,7,1,0.125,0,0.0,0.0,25.0,Both,mall
2025-10-22 22:09:00,17,Charging Station 17,28.554448953859332,77.09935784076708,8,5,3,0.375,0,0.0,0.0,92.0,Both,mall
2025-10-25 19:13:00,17,Charging Station 17,28.554448953859332,77.09935784076708,8,3,5,0.625,1,69.00175515472105,17.250438788680263,34.0,Both,mall
2025-10-28 17:46:00,17,Charging Station 17,28.554448953859332,77.09935784076708,8,2,6,0.75,1,51.379565339533805,12.844891334883451,21.0,Both,mall
2025-10-31 11:00:00,17,Charging Station 17,28.554448953859332,77.09935784076708,8,2,6,0.75,0,0.0,0.0,21.0,Both,mall
2025-10-31 21:44:00,17,Charging Station 17,28.554448953859332,77.09935784076708,8,3,5,0.625,0,0.0,0.0,111.0,Both,mall
2025-11-05 03:36:00,17,Charging Station 17,28.554448953859332,77.09935784076708,8,8,0,0.0,0,0.0,0.0,53.0,Both,mall
2025-11-06 10:42:00,17,Charging Station 17,28.554448953859332,77.09935784076708,8,1,7,0.875,0,0.0,0.0,82.0,Both,mall
2025-11-08 22:32:00,17,Charging Station 17,28.554448953859332,77.09935784076708,8,5,3,0.375,0,0.0,0.0,30.0,Both,mall
2025-11-10 02:27:00,17,Charging Station 17,28.554448953859332,77.09935784076708,8,8,0,0.0,0,0.0,0.0,28.0,Both,mall
2025-11-12 09:40:00,17,Charging Station 17,28.554448953859332,77.09935784076708,8,2,6,0.75,0,0.0,0.0,279.0,Both,mall
2025-11-14 12:29:00,17,Charging Station 17,28.554448953859332,77.09935784076708,8,3,5,0.625,1,26.580447092825906,6.645111773206477,116.0,Both,mall
2025-11-14 15:46:00,17,Charging Station 17,28.554448953859332,77.09935784076708,8,2,6,0.75,0,0.0,0.0,104.0,Both,mall
2025-11-18 07:44:00,17,Charging Station 17,28.554448953859332,77.09935784076708,8,5,3,0.375,1,38.400169660141096,9.600042415035274,32.0,Both,mall
2025-11-18 18:34:00,17,Charging Station 17,28.554448953859332,77.09935784076708,8,1,7,0.875,0,0.0,0.0,28.0,Both,mall
2025-11-19 03:53:00,17,Charging Station 17,28.554448953859332,77.09935784076708,8,8,0,0.0,0,0.0,0.0,61.0,Both,mall
2025-11-19 19:00:00,17,Charging Station 17,28.554448953859332,77.09935784076708,8,1,7,0.875,1,269.3998150969623,67.34995377424057,117.0,Both,mall
2025-11-20 14:54:00,17,Charging Station 17,28.554448953859332,77.09935784076708,8,2,6,0.75,0,0.0,0.0,77.0,Both,mall
2025-11-21 07:52:00,17,Charging Station 17,28.554448953859332,77.09935784076708,8,5,3,0.375,1,12.732528679318367,3.183132169829592,38.0,Both,mall
2025-11-22 08:20:00,17,Charging Station 17,28.554448953859332,77.09935784076708,8,4,4,0.5,1,11.380326988069493,2.8450817470173733,34.0,Both,mall
2025-11-23 04:29:00,17,Charging Station 17,28.554448953859332,77.09935784076708,8,8,0,0.0,1,19.84954981812462,4.962387454531155,18.0,Both,mall
2025-11-24 15:35:00,17,Charging Station 17,28.554448953859332,77.09935784076708,8,2,6,0.75,0,0.0,0.0,114.0,Both,mall
2025-11-24 20:32:00,17,Charging Station 17,28.554448953859332,77.09935784076708,8,2,6,0.75,0,0.0,0.0,28.0,Both,mall
2025-11-26 14:20:00,17,Charging Station 17,28.554448953859332,77.09935784076708,8,3,5,0.625,0,0.0,0.0,83.0,Both,mall
2025-11-27 21:45:00,17,Charging Station 17,28.554448953859332,77.09935784076708,8,3,5,0.625,1,8.96769749328135,2.2419243733203373,262.0,Both,mall
2025-11-28 19:49:00,17,Charging Station 17,28.554448953859332,77.09935784076708,8,1,7,0.875,1,141.1197358123099,35.279933953077474,49.0,Both,mall
2025-11-30 01:23:00,17,Charging Station 17,28.554448953859332,77.09935784076708,8,7,1,0.125,0,0.0,0.0,18.0,Both,mall
2025-12-03 08:42:00,17,Charging Station 17,28.554448953859332,77.09935784076708,8,3,5,0.625,2,116.34742054249865,29.086855135624663,122.5,Both,mall
2025-12-03 18:37:00,17,Charging Station 17,28.554448953859332,77.09935784076708,8,1,7,0.875,2,265.2671693581327,66.31679233953318,103.0,Both,mall
2025-12-03 20:42:00,17,Charging Station 17,28.554448953859332,77.09935784076708,8,2,6,0.75,1,25.055288342615047,6.263822085653762,21.0,Both,mall
2025-12-10 10:07:00,17,Charging Station 17,28.554448953859332,77.09935784076708,8,1,7,0.875,0,0.0,0.0,23.0,Both,mall
2025-12-10 18:50:00,17,Charging Station 17,28.554448953859332,77.09935784076708,8,1,7,0.875,2,77.66906252405043,19.417265631012608,60.0,Both,mall
2025-12-14 19:37:00,17,Charging Station 17,28.554448953859332,77.09935784076708,8,4,4,0.5,2,38.64748998826042,9.661872497065104,78.5,Both,mall
2025-12-16 22:37:00,17,Charging Station 17,28.554448953859332,77.09935784076708,8,5,3,0.375,1,11.76996618949645,2.9424915473741127,92.0,Both,mall
2025-12-21 14:36:00,17,Charging Station 17,28.554448953859332,77.09935784076708,8,4,4,0.5,1,10.827685226348999,2.7069213065872497,170.0,Both,mall
2025-12-21 23:32:00,17,Charging Station 17,28.554448953859332,77.09935784076708,8,7,1,0.125,2,116.18980802804478,29.047452007011195,151.0,Both,mall
2025-12-23 12:33:00,17,Charging Station 17,28.554448953859332,77.09935784076708,8,3,5,0.625,1,20.99591269011524,5.24897817252881,51.0,Both,mall
2025-12-24 07:48:00,17,Charging Station 17,28.554448953859332,77.09935784076708,8,5,3,0.375,1,142.31491134621044,35.57872783655261,18.0,Both,mall
2025-12-27 14:13:00,17,Charging Station 17,28.554448953859332,77.09935784076708,8,4,4,0.5,1,25.37039536864778,6.342598842161945,144.0,Both,mall
2025-12-27 21:15:00,17,Charging Station 17,28.554448953859332,77.09935784076708,8,4,4,0.5,0,0.0,0.0,18.0,Both,mall
2025-12-29 23:47:00,17,Charging Station 17,28.554448953859332,77.09935784076708,8,6,2,0.25,0,0.0,0.0,28.0,Both,mall
2025-01-01 12:19:00,18,Charging Station 18,28.54226839054973,77.3950877702656,8,3,5,0.625,0,0.0,0.0,107.0,AC,parking
2025-01-02 19:13:00,18,Charging Station 18,28.54226839054973,77.3950877702656,8,1,7,0.875,0,0.0,0.0,114.0,AC,parking
2025-01-05 19:40:00,18,Charging Station 18,28.54226839054973,77.3950877702656,8,3,5,0.625,1,62.193542274713856,15.548385568678464,18.0,AC,parking
2025-01-07 20:24:00,18,Charging Station 18,28.54226839054973,77.3950877702656,8,2,6,0.75,0,0.0,0.0,23.0,AC,parking
2025-01-11 12:04:00,18,Charging Station 18,28.54226839054973,77.3950877702656,8,4,4,0.5,4,315.90196710907736,78.97549177726934,63.0,AC,parking
2025-01-11 14:06:00,18,Charging Station 18,28.54226839054973,77.3950877702656,8,5,3,0.375,0,0.0,0.0,249.0,AC,parking
2025-01-14 05:22:00,18,Charging Station 18,28.54226839054973,77.3950877702656,8,6,2,0.25,0,0.0,0.0,60.0,AC,parking
2025-01-15 22:23:00,18,Charging Station 18,28.54226839054973,77.3950877702656,8,5,3,0.375,0,0.0,0.0,22.0,AC,parking
2025-01-16 07:41:00,18,Charging Station 18,28.54226839054973,77.3950877702656,8,5,3,0.375,0,0.0,0.0,17.0,AC,parking
2025-01-18 21:09:00,18,Charging Station 18,28.54226839054973,77.3950877702656,8,5,3,0.375,0,0.0,0.0,95.0,AC,parking
2025-01-19 20:17:00,18,Charging Station 18,28.54226839054973,77.3950877702656,8,4,4,0.5,0,0.0,0.0,85.0,AC,parking
2025-01-19 22:30:00,18,Charging Station 18,28.54226839054973,77.3950877702656,8,5,3,0.375,0,0.0,0.0,38.0,AC,parking
2025-01-21 17:06:00,18,Charging Station 18,28.54226839054973,77.3950877702656,8,1,7,0.875,1,10.308521367107014,2.5771303417767535,89.0,AC,parking
2025-01-22 08:30:00,18,Charging Station 18,28.54226839054973,77.3950877702656,8,3,5,0.625,2,170.50255154301774,42.625637885754436,164.5,AC,parking
2025-01-25 02:32:00,18,Charging Station 18,28.54226839054973,77.3950877702656,8,8,0,0.0,1,129.6805671087919,32.420141777197976,26.0,AC,parking
2025-02-01 22:02:00,18,Charging Station 18,28.54226839054973,77.3950877702656,8,6,2,0.25,0,0.0,0.0,77.0,AC,parking
2025-02-02 07:01:00,18,Charging Station 18,28.54226839054973,77.3950877702656,8,6,2,0.25,0,0.0,0.0,18.0,AC,parking
2025-02-03 08:24:00,18,Charging Station 18,28.54226839054973,77.3950877702656,8,2,6,0.75,2,156.47089843707244,39.11772460926811,84.0,AC,parking
2025-02-04 15:17:00,18,Charging Station 18,28.54226839054973,77.3950877702656,8,2,6,0.75,2,274.7160780553464,68.6790195138366,106.0,AC,parking
2025-02-05 05:36:00,18,Charging Station 18,28.54226839054973,77.3950877702656,8,7,1,0.125,0,0.0,0.0,234.0,AC,parking
2025-02-07 06:57:00,18,Charging Station 18,28.54226839054973,77.3950877702656,8,7,1,0.125,0,0.0,0.0,72.0,AC,parking
2025-02-08 03:16:00,18,Charging Station 18,28.54226839054973,77.3950877702656,8,8,0,0.0,0,0.0,0.0,20.0,AC,parking
2025-02-09 12:58:00,18,Charging Station 18,28.54226839054973,77.3950877702656,8,5,3,0.375,1,190.09857664318656,47.52464416079664,63.0,AC,parking
2025-02-11 19:14:00,18,Charging Station 18,28.54226839054973,77.3950877702656,8,1,7,0.875,1,59.83885498707541,14.959713746768852,56.0,AC,parking
2025-02-17 23:18:00,18,Charging Station 18,28.54226839054973,77.3950877702656,8,5,3,0.375,1,85.09812522182101,21.274531305455252,116.0,AC,parking
2025-02-18 02:11:00,18,Charging Station 18,28.54226839054973,77.3950877702656,8,8,0,0.0,0,0.0,0.0,114.0,AC,parking
2025-02-19 09:55:00,18,Charging Station 18,28.54226839054973,77.3950877702656,8,2,6,0.75,0,0.0,0.0,53.0,AC,parking
2025-02-19 17:48:00,18,Charging Station 18,28.54226839054973,77.3950877702656,8,1,7,0.875,0,0.0,0.0,30.0,AC,parking
2025-02-20 14:38:00,18,Charging Station 18,28.54226839054973,77.3950877702656,8,3,5,0.625,1,91.76912719044526,22.942281797611315,39.0,AC,parking
2025-02-20 18:37:00,18,Charging Station 18,28.54226839054973,77.3950877702656,8,1,7,0.875,1,37.35397812597736,9.33849453149434,16.0,AC,parking
2025-02-22 16:38:00,18,Charging Station 18,28.54226839054973,77.3950877702656,8,4,4,0.5,1,32.364489816441285,8.091122454110321,35.0,AC,parking
2025-02-23 06:31:00,18,Charging Station 18,28.54226839054973,77.3950877702656,8,6,2,0.25,2,72.54762115801552,18.13690528950388,38.5,AC,parking
2025-03-01 22:11:00,18,Charging Station 18,28.54226839054973,77.3950877702656,8,5,3,0.375,2,56.717119770772264,14.179279942693066,137.0,AC,parking
2025-03-01 22:49:00,18,Charging Station 18,28.54226839054973,77.3950877702656,8,5,3,0.375,0,0.0,0.0,168.0,AC,parking
2025-03-03 17:37:00,18,Charging Station 18,28.54226839054973,77.3950877702656,8,1,7,0.875,0,0.0,0.0,78.0,AC,parking
2025-03-07 09:02:00,18,Charging Station 18,28.54226839054973,77.3950877702656,8,2,6,0.75,1,54.195117640280756,13.548779410070189,111.0,AC,parking
2025-03-08 00:02:00,18,Charging Station 18,28.54226839054973,77.3950877702656,8,7,1,0.125,1,151.0037948919291,37.75094872298227,50.0,AC,parking
2025-03-08 23:07:00,18,Charging Station 18,28.54226839054973,77.3950877702656,8,6,2,0.25,1,87.27606497452355,21.819016243630887,67.0,AC,parking
2025-03-11 08:03:00,18,Charging Station 18,28.54226839054973,77.3950877702656,8,3,5,0.625,1,6.725334855926282,1.6813337139815705,107.0,AC,parking
2025-03-13 11:07:00,18,Charging Station 18,28.54226839054973,77.3950877702656,8,2,6,0.75,0,0.0,0.0,77.0,AC,parking
2025-03-17 20:26:00,18,Charging Station 18,28.54226839054973,77.3950877702656,8,2,6,0.75,0,0.0,0.0,104.0,AC,parking
2025-03-19 07:11:00,18,Charging Station 18,28.54226839054973,77.3950877702656,8,5,3,0.375,0,0.0,0.0,36.0,AC,parking
2025-03-19 16:43:00,18,Charging Station 18,28.54226839054973,77.3950877702656,8,1,7,0.875,1,253.64998974398125,63.41249743599531,109.0,AC,parking
2025-03-20 14:28:00,18,Charging Station 18,28.54226839054973,77.3950877702656,8,3,5,0.625,0,0.0,0.0,275.0,AC,parking
2025-03-21 00:33:00,18,Charging Station 18,28.54226839054973,77.3950877702656,8,7,1,0.125,0,0.0,0.0,109.0,AC,parking
2025-03-22 12:12:00,18,Charging Station 18,28.54226839054973,77.3950877702656,8,5,3,0.375,1,127.00247781027961,31.750619452569904,98.0,AC,parking
2025-03-28 03:17:00,18,Charging Station 18,28.54226839054973,77.3950877702656,8,8,0,0.0,2,180.08704940187923,45.02176235046981,58.0,AC,parking
2025-03-29 12:43:00,18,Charging Station 18,28.54226839054973,77.3950877702656,8,4,4,0.5,0,0.0,0.0,211.0,AC,parking
2025-03-30 03:29:00,18,Charging Station 18,28.54226839054973,77.3950877702656,8,8,0,0.0,0,0.0,0.0,32.0,AC,parking
2025-04-03 15:13:00,18,Charging Station 18,28.54226839054973,77.3950877702656,8,3,5,0.625,2,380.3164503579411,95.07911258948528,92.5,AC,parking
2025-04-06 01:15:00,18,Charging Station 18,28.54226839054973,77.3950877702656,8,8,0,0.0,0,0.0,0.0,17.0,AC,parking
2025-04-07 04:11:00,18,Charging Station 18,28.54226839054973,77.3950877702656,8,8,0,0.0,2,138.56047288500758,34.640118221251896,93.0,AC,parking
2025-04-07 16:36:00,18,Charging Station 18,28.54226839054973,77.3950877702656,8,3,5,0.625,0,0.0,0.0,28.0,AC,parking
2025-04-11 10:24:00,18,Charging Station 18,28.54226839054973,77.3950877702656,8,1,7,0.875,0,0.0,0.0,110.0,AC,parking
2025-04-12 07:03:00,18,Charging Station 18,28.54226839054973,77.3950877702656,8,5,3,0.375,1,28.985186573633545,7.246296643408386,97.0,AC,parking
2025-04-15 07:32:00,18,Charging Station 18,28.54226839054973,77.3950877702656,8,4,4,0.5,0,0.0,0.0,89.0,AC,parking
2025-04-15 07:54:00,18,Charging Station 18,28.54226839054973,77.3950877702656,8,5,3,0.375,0,0.0,0.0,115.0,AC,parking
2025-04-17 15:02:00,18,Charging Station 18,28.54226839054973,77.3950877702656,8,2,6,0.75,0,0.0,0.0,27.0,AC,parking
2025-04-22 11:48:00,18,Charging Station 18,28.54226839054973,77.3950877702656,8,2,6,0.75,0,0.0,0.0,78.0,AC,parking
2025-04-24 01:27:00,18,Charging Station 18,28.54226839054973,77.3950877702656,8,8,0,0.0,1,97.44690289929537,24.36172572482384,31.0,AC,parking
2025-04-25 13:53:00,18,Charging Station 18,28.54226839054973,77.3950877702656,8,3,5,0.625,0,0.0,0.0,60.0,AC,parking
2025-04-26 01:09:00,18,Charging Station 18,28.54226839054973,77.3950877702656,8,8,0,0.0,0,0.0,0.0,110.0,AC,parking
2025-04-26 02:15:00,18,Charging Station 18,28.54226839054973,77.3950877702656,8,7,1,0.125,0,0.0,0.0,111.0,AC,parking
2025-04-27 09:46:00,18,Charging Station 18,28.54226839054973,77.3950877702656,8,3,5,0.625,0,0.0,0.0,20.0,AC,parking
2025-04-28 10:48:00,18,Charging Station 18,28.54226839054973,77.3950877702656,8,2,6,0.75,0,0.0,0.0,27.0,AC,parking
2025-04-30 01:14:00,18,Charging Station 18,28.54226839054973,77.3950877702656,8,8,0,0.0,1,35.31942510732976,8.82985627683244,19.0,AC,parking
2025-05-04 07:40:00,18,Charging Station 18,28.54226839054973,77.3950877702656,8,6,2,0.25,0,0.0,0.0,66.0,AC,parking
2025-05-06 19:27:00,18,Charging Station 18,28.54226839054973,77.3950877702656,8,1,7,0.875,2,133.31960894873805,33.32990223718451,31.0,AC,parking
2025-05-07 12:54:00,18,Charging Station 18,28.54226839054973,77.3950877702656,8,2,6,0.75,0,0.0,0.0,15.0,AC,parking
2025-05-13 07:13:00,18,Charging Station 18,28.54226839054973,77.3950877702656,8,5,3,0.375,0,0.0,0.0,79.0,AC,parking
2025-05-14 06:54:00,18,Charging Station 18,28.54226839054973,77.3950877702656,8,7,1,0.125,0,0.0,0.0,23.0,AC,parking
2025-05-16 11:13:00,18,Charging Station 18,28.54226839054973,77.3950877702656,8,2,6,0.75,0,0.0,0.0,56.0,AC,parking
2025-05-16 17:28:00,18,Charging Station 18,28.54226839054973,77.3950877702656,8,1,7,0.875,1,70.00927832949036,17.50231958237259,15.0,AC,parking
2025-05-20 08:48:00,18,Charging Station 18,28.54226839054973,77.3950877702656,8,2,6,0.75,0,0.0,0.0,80.0,AC,parking
2025-05-23 22:27:00,18,Charging Station 18,28.54226839054973,77.3950877702656,8,5,3,0.375,0,0.0,0.0,73.0,AC,parking
2025-05-26 04:50:00,18,Charging Station 18,28.54226839054973,77.3950877702656,8,8,0,0.0,2,86.17630235334224,21.54407558833556,48.0,AC,parking
2025-05-30 19:06:00,18,Charging Station 18,28.54226839054973,77.3950877702656,8,1,7,0.875,0,0.0,0.0,283.0,AC,parking
2025-05-31 01:02:00,18,Charging Station 18,28.54226839054973,77.3950877702656,8,8,0,0.0,1,15.132673962950992,3.783168490737748,100.0,AC,parking
2025-06-03 03:34:00,18,Charging Station 18,28.54226839054973,77.3950877702656,8,8,0,0.0,0,0.0,0.0,22.0,AC,parking
2025-06-09 01:51:00,18,Charging Station 18,28.54226839054973,77.3950877702656,8,8,0,0.0,0,0.0,0.0,58.0,AC,parking
2025-06-12 01:32:00,18,Charging Station 18,28.54226839054973,77.3950877702656,8,7,1,0.125,1,138.60783073796085,34.65195768449021,61.0,AC,parking
2025-06-13 07:15:00,18,Charging Station 18,28.54226839054973,77.3950877702656,8,5,3,0.375,1,20.83910168043036,5.20977542010759,113.0,AC,parking
2025-06-15 03:01:00,18,Charging Station 18,28.54226839054973,77.3950877702656,8,8,0,0.0,0,0.0,0.0,44.0,AC,parking
2025-06-15 20:26:00,18,Charging Station 18,28.54226839054973,77.3950877702656,8,5,3,0.375,0,0.0,0.0,107.0,AC,parking
2025-06-16 00:37:00,18,Charging Station 18,28.54226839054973,77.3950877702656,8,7,1,0.125,0,0.0,0.0,112.0,AC,parking
2025-06-17 02:12:00,18,Charging Station 18,28.54226839054973,77.3950877702656,8,8,0,0.0,1,7.621768556300321,1.9054421390750802,28.0,AC,parking
2025-06-18 02:28:00,18,Charging Station 18,28.54226839054973,77.3950877702656,8,8,0,0.0,2,98.94121910241493,24.735304775603733,56.5,AC,parking
2025-06-21 06:15:00,18,Charging Station 18,28.54226839054973,77.3950877702656,8,7,1,0.125,3,148.64343802657655,37.16085950664414,87.66666666666667,AC,parking
2025-06-23 12:39:00,18,Charging Station 18,28.54226839054973,77.3950877702656,8,3,5,0.625,0,0.0,0.0,240.0,AC,parking
2025-06-23 18:08:00,18,Charging Station 18,28.54226839054973,77.3950877702656,8,1,7,0.875,1,28.511101666735634,7.1277754166839085,38.0,AC,parking
2025-06-26 22:47:00,18,Charging Station 18,28.54226839054973,77.3950877702656,8,5,3,0.375,0,0.0,0.0,74.0,AC,parking
2025-06-27 05:29:00,18,Charging Station 18,28.54226839054973,77.3950877702656,8,7,1,0.125,0,0.0,0.0,275.0,AC,parking
2025-06-28 14:53:00,18,Charging Station 18,28.54226839054973,77.3950877702656,8,4,4,0.5,0,0.0,0.0,94.0,AC,parking
2025-06-28 16:31:00,18,Charging Station 18,28.54226839054973,77.3950877702656,8,4,4,0.5,2,204.2392419305161,51.059810482629025,152.0,AC,parking
2025-07-03 05:13:00,18,Charging Station 18,28.54226839054973,77.3950877702656,8,7,1,0.125,0,0.0,0.0,42.0,AC,parking
2025-07-03 07:10:00,18,Charging Station 18,28.54226839054973,77.3950877702656,8,5,3,0.375,0,0.0,0.0,67.0,AC,parking
2025-07-06 05:39:00,18,Charging Station 18,28.54226839054973,77.3950877702656,8,8,0,0.0,1,36.8543900806803,9.213597520170074,45.0,AC,parking
2025-07-07 14:03:00,18,Charging Station 18,28.54226839054973,77.3950877702656,8,3,5,0.625,0,0.0,0.0,27.0,AC,parking
2025-07-08 17:44:00,18,Charging Station 18,28.54226839054973,77.3950877702656,8,1,7,0.875,0,0.0,0.0,208.0,AC,parking
2025-07-09 21:27:00,18,Charging Station 18,28.54226839054973,77.3950877702656,8,3,5,0.625,1,17.614061798845626,4.403515449711406,106.0,AC,parking
2025-07-12 02:34:00,18,Charging Station 18,28.54226839054973,77.3950877702656,8,7,1,0.125,1,19.024960367643843,4.756240091910961,43.0,AC,parking
2025-07-12 08:09:00,18,Charging Station 18,28.54226839054973,77.3950877702656,8,4,4,0.5,3,316.84612049741804,79.21153012435451,64.66666666666667,AC,parking
2025-07-12 14:25:00,18,Charging Station 18,28.54226839054973,77.3950877702656,8,5,3,0.375,0,0.0,0.0,225.0,AC,parking
2025-07-16 02:10:00,18,Charging Station 18,28.54226839054973,77.3950877702656,8,7,1,0.125,0,0.0,0.0,101.0,AC,parking
2025-07-19 06:38:00,18,Charging Station 18,28.54226839054973,77.3950877702656,8,7,1,0.125,2,267.76024882377294,66.94006220594324,93.0,AC,parking
2025-07-19 16:47:00,18,Charging Station 18,28.54226839054973,77.3950877702656,8,4,4,0.5,1,40.92193686349683,10.230484215874208,230.0,AC,parking
2025-07-19 20:36:00,18,Charging Station 18,28.54226839054973,77.3950877702656,8,5,3,0.375,0,0.0,0.0,59.0,AC,parking
2025-07-20 04:28:00,18,Charging Station 18,28.54226839054973,77.3950877702656,8,7,1,0.125,0,0.0,0.0,50.0,AC,parking
2025-07-21 00:10:00,18,Charging Station 18,28.54226839054973,77.3950877702656,8,7,1,0.125,0,0.0,0.0,96.0,AC,parking
2025-07-21 01:29:00,18,Charging Station 18,28.54226839054973,77.3950877702656,8,7,1,0.125,1,79.68458464459654,19.921146161149135,112.0,AC,parking
2025-07-22 09:58:00,18,Charging Station 18,28.54226839054973,77.3950877702656,8,2,6,0.75,0,0.0,0.0,101.0,AC,parking
2025-07-25 18:30:00,18,Charging Station 18,28.54226839054973,77.3950877702656,8,1,7,0.875,3,182.3015034854452,45.5753758713613,210.33333333333334,AC,parking
2025-07-31 11:23:00,18,Charging Station 18,28.54226839054973,77.3950877702656,8,2,6,0.75,0,0.0,0.0,116.0,AC,parking
2025-08-01 09:37:00,18,Charging Station 18,28.54226839054973,77.3950877702656,8,1,7,0.875,0,0.0,0.0,52.0,AC,parking
2025-08-07 23:45:00,18,Charging Station 18,28.54226839054973,77.3950877702656,8,7,1,0.125,0,0.0,0.0,218.0,AC,parking
2025-08-12 02:00:00,18,Charging Station 18,28.54226839054973,77.3950877702656,8,7,1,0.125,0,0.0,0.0,22.0,AC,parking
2025-08-14 21:45:00,18,Charging Station 18,28.54226839054973,77.3950877702656,8,3,5,0.625,0,0.0,0.0,70.0,AC,parking
2025-08-14 21:49:00,18,Charging Station 18,28.54226839054973,77.3950877702656,8,3,5,0.625,0,0.0,0.0,72.0,AC,parking
2025-08-15 06:24:00,18,Charging Station 18,28.54226839054973,77.3950877702656,8,6,2,0.25,0,0.0,0.0,159.0,AC,parking
2025-08-16 06:59:00,18,Charging Station 18,28.54226839054973,77.3950877702656,8,6,2,0.25,0,0.0,0.0,19.0,AC,parking
2025-08-18 08:06:00,18,Charging Station 18,28.54226839054973,77.3950877702656,8,2,6,0.75,1,36.327666923386346,9.081916730846586,116.0,AC,parking
2025-08-24 12:42:00,18,Charging Station 18,28.54226839054973,77.3950877702656,8,5,3,0.375,0,0.0,0.0,102.0,AC,parking
2025-08-24 20:06:00,18,Charging Station 18,28.54226839054973,77.3950877702656,8,4,4,0.5,0,0.0,0.0,79.0,AC,parking
2025-08-25 07:59:00,18,Charging Station 18,28.54226839054973,77.3950877702656,8,6,2,0.25,1,28.997982623006763,7.249495655751691,73.0,AC,parking
2025-08-28 12:08:00,18,Charging Station 18,28.54226839054973,77.3950877702656,8,3,5,0.625,0,0.0,0.0,22.0,AC,parking
2025-08-29 17:36:00,18,Charging Station 18,28.54226839054973,77.3950877702656,8,1,7,0.875,0,0.0,0.0,88.0,AC,parking
2025-09-07 13:18:00,18,Charging Station 18,28.54226839054973,77.3950877702656,8,5,3,0.375,0,0.0,0.0,41.0,AC,parking
2025-09-08 02:53:00,18,Charging Station 18,28.54226839054973,77.3950877702656,8,8,0,0.0,2,181.02458986682987,45.25614746670747,279.0,AC,parking
2025-09-10 14:03:00,18,Charging Station 18,28.54226839054973,77.3950877702656,8,3,5,0.625,1,89.58826913868224,22.39706728467056,191.0,AC,parking
2025-09-11 16:46:00,18,Charging Station 18,28.54226839054973,77.3950877702656,8,1,7,0.875,0,0.0,0.0,52.0,AC,parking
2025-09-12 09:45:00,18,Charging Station 18,28.54226839054973,77.3950877702656,8,2,6,0.75,0,0.0,0.0,75.0,AC,parking
2025-09-12 14:22:00,18,Charging Station 18,28.54226839054973,77.3950877702656,8,3,5,0.625,1,66.20223520642264,16.55055880160566,67.0,AC,parking
2025-09-13 10:13:00,18,Charging Station 18,28.54226839054973,77.3950877702656,8,3,5,0.625,1,194.644418659136,48.661104664784,43.0,AC,parking
2025-09-15 00:36:00,18,Charging Station 18,28.54226839054973,77.3950877702656,8,7,1,0.125,0,0.0,0.0,113.0,AC,parking
2025-09-21 00:17:00,18,Charging Station 18,28.54226839054973,77.3950877702656,8,7,1,0.125,1,121.21204836474139,30.303012091185348,52.0,AC,parking
2025-09-21 16:39:00,18,Charging Station 18,28.54226839054973,77.3950877702656,8,3,5,0.625,0,0.0,0.0,35.0,AC,parking
2025-09-23 06:54:00,18,Charging Station 18,28.54226839054973,77.3950877702656,8,6,2,0.25,2,130.368607270794,32.5921518176985,173.0,AC,parking
2025-09-26 00:49:00,18,Charging Station 18,28.54226839054973,77.3950877702656,8,7,1,0.125,1,19.920132865915036,4.980033216478759,81.0,AC,parking
2025-09-29 08:56:00,18,Charging Station 18,28.54226839054973,77.3950877702656,8,2,6,0.75,1,44.58958041049923,11.147395102624808,130.0,AC,parking
2025-10-01 06:03:00,18,Charging Station 18,28.54226839054973,77.3950877702656,8,6,2,0.25,1,41.39687955822475,10.349219889556187,55.0,AC,parking
2025-10-02 09:56:00,18,Charging Station 18,28.54226839054973,77.3950877702656,8,2,6,0.75,0,0.0,0.0,18.0,AC,parking
2025-10-03 23:06:00,18,Charging Station 18,28.54226839054973,77.3950877702656,8,6,2,0.25,0,0.0,0.0,49.0,AC,parking
2025-10-05 13:02:00,18,Charging Station 18,28.54226839054973,77.3950877702656,8,4,4,0.5,1,34.084290377237636,8.521072594309409,266.0,AC,parking
2025-10-08 10:32:00,18,Charging Station 18,28.54226839054973,77.3950877702656,8,1,7,0.875,1,103.34299728801093,25.835749322002734,119.0,AC,parking
2025-10-08 17:06:00,18,Charging Station 18,28.54226839054973,77.3950877702656,8,1,7,0.875,0,0.0,0.0,111.0,AC,parking
2025-10-11 07:50:00,18,Charging Station 18,28.54226839054973,77.3950877702656,8,6,2,0.25,2,178.5077798393845,44.62694495984613,136.0,AC,parking
2025-10-11 09:30:00,18,Charging Station 18,28.54226839054973,77.3950877702656,8,4,4,0.5,0,0.0,0.0,24.0,AC,parking
2025-10-11 10:40:00,18,Charging Station 18,28.54226839054973,77.3950877702656,8,3,5,0.625,1,53.639807756615795,13.409951939153949,40.0,AC,parking
2025-10-13 01:51:00,18,Charging Station 18,28.54226839054973,77.3950877702656,8,7,1,0.125,0,0.0,0.0,110.0,AC,parking
2025-10-13 19:07:00,18,Charging Station 18,28.54226839054973,77.3950877702656,8,2,6,0.75,2,31.949389462156226,7.9873473655390566,32.5,AC,parking
2025-10-14 00:44:00,18,Charging Station 18,28.54226839054973,77.3950877702656,8,8,0,0.0,0,0.0,0.0,93.0,AC,parking
2025-10-14 11:32:00,18,Charging Station 18,28.54226839054973,77.3950877702656,8,2,6,0.75,0,0.0,0.0,77.0,AC,parking
2025-10-15 03:03:00,18,Charging Station 18,28.54226839054973,77.3950877702656,8,8,0,0.0,0,0.0,0.0,19.0,AC,parking
2025-10-17 12:01:00,18,Charging Station 18,28.54226839054973,77.3950877702656,8,3,5,0.625,0,0.0,0.0,208.0,AC,parking
2025-10-18 08:50:00,18,Charging Station 18,28.54226839054973,77.3950877702656,8,4,4,0.5,1,134.04552063685776,33.51138015921444,234.0,AC,parking
2025-10-30 23:23:00,18,Charging Station 18,28.54226839054973,77.3950877702656,8,6,2,0.25,0,0.0,0.0,66.0,AC,parking
2025-11-03 18:31:00,18,Charging Station 18,28.54226839054973,77.3950877702656,8,1,7,0.875,4,176.0393519274313,44.00983798185783,106.5,AC,parking
2025-11-04 00:09:00,18,Charging Station 18,28.54226839054973,77.3950877702656,8,7,1,0.125,1,14.80670851415429,3.7016771285385723,264.0,AC,parking
2025-11-04 00:22:00,18,Charging Station 18,28.54226839054973,77.3950877702656,8,7,1,0.125,1,95.98113757491673,23.995284393729182,50.0,AC,parking
2025-11-04 13:52:00,18,Charging Station 18,28.54226839054973,77.3950877702656,8,3,5,0.625,0,0.0,0.0,94.0,AC,parking
2025-11-09 16:10:00,18,Charging Station 18,28.54226839054973,77.3950877702656,8,4,4,0.5,1,66.9660532147788,16.7415133036947,51.0,AC,parking
2025-11-11 02:17:00,18,Charging Station 18,28.54226839054973,77.3950877702656,8,8,0,0.0,0,0.0,0.0,105.0,AC,parking
2025-11-11 15:15:00,18,Charging Station 18,28.54226839054973,77.3950877702656,8,2,6,0.75,0,0.0,0.0,34.0,AC,parking
2025-11-11 19:28:00,18,Charging Station 18,28.54226839054973,77.3950877702656,8,0,8,1.0,0,0.0,0.0,107.0,AC,parking
2025-11-12 23:01:00,18,Charging Station 18,28.54226839054973,77.3950877702656,8,6,2,0.25,0,0.0,0.0,63.0,AC,parking
2025-11-13 01:20:00,18,Charging Station 18,28.54226839054973,77.3950877702656,8,8,0,0.0,0,0.0,0.0,15.0,AC,parking
2025-11-13 15:04:00,18,Charging Station 18,28.54226839054973,77.3950877702656,8,4,4,0.5,0,0.0,0.0,106.0,AC,parking
2025-11-14 16:00:00,18,Charging Station 18,28.54226839054973,77.3950877702656,8,1,7,0.875,1,29.813468499679676,7.453367124919919,63.0,AC,parking
2025-11-15 03:59:00,18,Charging Station 18,28.54226839054973,77.3950877702656,8,8,0,0.0,0,0.0,0.0,242.0,AC,parking
2025-11-17 16:21:00,18,Charging Station 18,28.54226839054973,77.3950877702656,8,2,6,0.75,0,0.0,0.0,166.0,AC,parking
2025-11-17 21:37:00,18,Charging Station 18,28.54226839054973,77.3950877702656,8,3,5,0.625,1,49.420329416100465,12.355082354025116,31.0,AC,parking
2025-11-19 15:15:00,18,Charging Station 18,28.54226839054973,77.3950877702656,8,3,5,0.625,0,0.0,0.0,76.0,AC,parking
2025-11-21 13:46:00,18,Charging Station 18,28.54226839054973,77.3950877702656,8,3,5,0.625,1,36.937251207191565,9.234312801797891,20.0,AC,parking
2025-11-22 13:08:00,18,Charging Station 18,28.54226839054973,77.3950877702656,8,5,3,0.375,1,124.91424290764256,31.22856072691064,17.0,AC,parking
2025-11-23 21:48:00,18,Charging Station 18,28.54226839054973,77.3950877702656,8,5,3,0.375,1,79.26462499026535,19.816156247566337,70.0,AC,parking
2025-11-26 08:07:00,18,Charging Station 18,28.54226839054973,77.3950877702656,8,2,6,0.75,2,71.1611754067751,17.790293851693775,59.0,AC,parking
2025-11-27 01:56:00,18,Charging Station 18,28.54226839054973,77.3950877702656,8,8,0,0.0,0,0.0,0.0,85.0,AC,parking
2025-11-28 01:38:00,18,Charging Station 18,28.54226839054973,77.3950877702656,8,7,1,0.125,0,0.0,0.0,70.0,AC,parking
2025-11-30 16:28:00,18,Charging Station 18,28.54226839054973,77.3950877702656,8,3,5,0.625,0,0.0,0.0,68.0,AC,parking
2025-12-02 03:22:00,18,Charging Station 18,28.54226839054973,77.3950877702656,8,8,0,0.0,0,0.0,0.0,99.0,AC,parking
2025-12-06 13:06:00,18,Charging Station 18,28.54226839054973,77.3950877702656,8,5,3,0.375,0,0.0,0.0,106.0,AC,parking
2025-12-08 22:28:00,18,Charging Station 18,28.54226839054973,77.3950877702656,8,4,4,0.5,0,0.0,0.0,64.0,AC,parking
2025-12-10 16:56:00,18,Charging Station 18,28.54226839054973,77.3950877702656,8,2,6,0.75,0,0.0,0.0,47.0,AC,parking
2025-12-14 16:49:00,18,Charging Station 18,28.54226839054973,77.3950877702656,8,3,5,0.625,0,0.0,0.0,40.0,AC,parking
2025-12-15 14:59:00,18,Charging Station 18,28.54226839054973,77.3950877702656,8,3,5,0.625,0,0.0,0.0,261.0,AC,parking
2025-12-17 02:16:00,18,Charging Station 18,28.54226839054973,77.3950877702656,8,8,0,0.0,1,49.080119089646345,12.270029772411586,34.0,AC,parking
2025-12-18 03:49:00,18,Charging Station 18,28.54226839054973,77.3950877702656,8,8,0,0.0,0,0.0,0.0,112.0,AC,parking
2025-12-18 09:42:00,18,Charging Station 18,28.54226839054973,77.3950877702656,8,2,6,0.75,0,0.0,0.0,256.0,AC,parking
2025-12-18 17:08:00,18,Charging Station 18,28.54226839054973,77.3950877702656,8,1,7,0.875,0,0.0,0.0,82.0,AC,parking
2025-12-21 05:08:00,18,Charging Station 18,28.54226839054973,77.3950877702656,8,8,0,0.0,1,103.16550644342281,25.791376610855703,22.0,AC,parking
2025-12-23 04:14:00,18,Charging Station 18,28.54226839054973,77.3950877702656,8,7,1,0.125,0,0.0,0.0,223.0,AC,parking
2025-12-23 21:38:00,18,Charging Station 18,28.54226839054973,77.3950877702656,8,4,4,0.5,0,0.0,0.0,167.0,AC,parking
2025-12-24 08:11:00,18,Charging Station 18,28.54226839054973,77.3950877702656,8,2,6,0.75,2,129.85027928050238,32.462569820125594,112.5,AC,parking
2025-12-26 21:17:00,18,Charging Station 18,28.54226839054973,77.3950877702656,8,4,4,0.5,0,0.0,0.0,87.0,AC,parking
2025-12-30 13:30:00,18,Charging Station 18,28.54226839054973,77.3950877702656,8,3,5,0.625,0,0.0,0.0,208.0,AC,parking
2025-01-02 07:19:00,19,Charging Station 19,28.471693145708855,77.05793452976256,4,3,1,0.25,0,0.0,0.0,40.0,DC,mall
2025-01-05 11:59:00,19,Charging Station 19,28.471693145708855,77.05793452976256,4,2,2,0.5,0,0.0,0.0,119.0,DC,mall
2025-01-05 23:09:00,19,Charging Station 19,28.471693145708855,77.05793452976256,4,3,1,0.25,0,0.0,0.0,48.0,DC,mall
2025-01-06 08:11:00,19,Charging Station 19,28.471693145708855,77.05793452976256,4,1,3,0.75,2,41.07678127528953,10.269195318822382,73.5,DC,mall
2025-01-07 21:23:00,19,Charging Station 19,28.471693145708855,77.05793452976256,4,1,3,0.75,0,0.0,0.0,84.0,DC,mall
2025-01-08 06:36:00,19,Charging Station 19,28.471693145708855,77.05793452976256,4,3,1,0.25,0,0.0,0.0,16.0,DC,mall
2025-01-11 21:54:00,19,Charging Station 19,28.471693145708855,77.05793452976256,4,2,2,0.5,1,75.54147742389091,18.885369355972728,72.0,DC,mall
2025-01-14 15:44:00,19,Charging Station 19,28.471693145708855,77.05793452976256,4,1,3,0.75,0,0.0,0.0,16.0,DC,mall
2025-01-15 07:28:00,19,Charging Station 19,28.471693145708855,77.05793452976256,4,3,1,0.25,0,0.0,0.0,100.0,DC,mall
2025-01-16 03:29:00,19,Charging Station 19,28.471693145708855,77.05793452976256,4,4,0,0.0,1,11.179731855668026,2.7949329639170064,94.0,DC,mall
2025-01-21 05:44:00,19,Charging Station 19,28.471693145708855,77.05793452976256,4,4,0,0.0,0,0.0,0.0,116.0,DC,mall
2025-01-23 01:17:00,19,Charging Station 19,28.471693145708855,77.05793452976256,4,4,0,0.0,0,0.0,0.0,33.0,DC,mall
2025-01-27 14:55:00,19,Charging Station 19,28.471693145708855,77.05793452976256,4,1,3,0.75,0,0.0,0.0,99.0,DC,mall
2025-01-29 18:34:00,19,Charging Station 19,28.471693145708855,77.05793452976256,4,1,3,0.75,6,210.45049015112284,52.61262253778071,72.16666666666667,DC,mall
2025-01-31 10:29:00,19,Charging Station 19,28.471693145708855,77.05793452976256,4,1,3,0.75,0,0.0,0.0,158.0,DC,mall
2025-02-02 10:04:00,19,Charging Station 19,28.471693145708855,77.05793452976256,4,2,2,0.5,0,0.0,0.0,115.0,DC,mall
2025-02-03 23:49:00,19,Charging Station 19,28.471693145708855,77.05793452976256,4,3,1,0.25,0,0.0,0.0,178.0,DC,mall
2025-02-04 11:30:00,19,Charging Station 19,28.471693145708855,77.05793452976256,4,1,3,0.75,0,0.0,0.0,89.0,DC,mall
2025-02-11 03:24:00,19,Charging Station 19,28.471693145708855,77.05793452976256,4,4,0,0.0,0,0.0,0.0,37.0,DC,mall
2025-02-17 06:06:00,19,Charging Station 19,28.471693145708855,77.05793452976256,4,3,1,0.25,0,0.0,0.0,205.0,DC,mall
2025-02-18 00:10:00,19,Charging Station 19,28.471693145708855,77.05793452976256,4,4,0,0.0,1,108.34261210101974,27.085653025254935,46.0,DC,mall
2025-02-18 10:57:00,19,Charging Station 19,28.471693145708855,77.05793452976256,4,1,3,0.75,2,75.81514531126797,18.953786327816992,51.5,DC,mall
2025-02-18 12:54:00,19,Charging Station 19,28.471693145708855,77.05793452976256,4,1,3,0.75,0,0.0,0.0,77.0,DC,mall
2025-02-19 00:03:00,19,Charging Station 19,28.471693145708855,77.05793452976256,4,4,0,0.0,0,0.0,0.0,63.0,DC,mall
2025-02-19 13:02:00,19,Charging Station 19,28.471693145708855,77.05793452976256,4,2,2,0.5,1,255.48047489450823,63.87011872362706,35.0,DC,mall
2025-02-19 23:50:00,19,Charging Station 19,28.471693145708855,77.05793452976256,4,3,1,0.25,0,0.0,0.0,33.0,DC,mall
2025-02-20 10:48:00,19,Charging Station 19,28.471693145708855,77.05793452976256,4,1,3,0.75,1,124.52672316881578,31.131680792203944,43.0,DC,mall
2025-02-23 15:19:00,19,Charging Station 19,28.471693145708855,77.05793452976256,4,2,2,0.5,0,0.0,0.0,75.0,DC,mall
2025-02-25 02:15:00,19,Charging Station 19,28.471693145708855,77.05793452976256,4,4,0,0.0,0,0.0,0.0,85.0,DC,mall
2025-02-27 02:08:00,19,Charging Station 19,28.471693145708855,77.05793452976256,4,4,0,0.0,2,157.6788456889292,39.4197114222323,24.5,DC,mall
2025-03-04 17:19:00,19,Charging Station 19,28.471693145708855,77.05793452976256,4,0,4,1.0,0,0.0,0.0,34.0,DC,mall
2025-03-05 21:12:00,19,Charging Station 19,28.471693145708855,77.05793452976256,4,1,3,0.75,0,0.0,0.0,56.0,DC,mall
2025-03-07 21:48:00,19,Charging Station 19,28.471693145708855,77.05793452976256,4,1,3,0.75,1,56.11682462488719,14.029206156221797,15.0,DC,mall
2025-03-09 14:23:00,19,Charging Station 19,28.471693145708855,77.05793452976256,4,2,2,0.5,0,0.0,0.0,227.0,DC,mall
2025-03-11 14:15:00,19,Charging Station 19,28.471693145708855,77.05793452976256,4,1,3,0.75,0,0.0,0.0,125.0,DC,mall
2025-03-15 23:34:00,19,Charging Station 19,28.471693145708855,77.05793452976256,4,3,1,0.25,0,0.0,0.0,48.0,DC,mall
2025-03-17 10:01:00,19,Charging Station 19,28.471693145708855,77.05793452976256,4,1,3,0.75,1,33.995464112595336,8.498866028148834,35.0,DC,mall
2025-03-17 15:42:00,19,Charging Station 19,28.471693145708855,77.05793452976256,4,1,3,0.75,1,25.870620323935693,6.467655080983923,57.0,DC,mall
2025-03-19 14:21:00,19,Charging Station 19,28.471693145708855,77.05793452976256,4,1,3,0.75,1,31.51488505484409,7.878721263711022,102.0,DC,mall
2025-03-19 14:34:00,19,Charging Station 19,28.471693145708855,77.05793452976256,4,1,3,0.75,0,0.0,0.0,107.0,DC,mall
2025-03-19 19:53:00,19,Charging Station 19,28.471693145708855,77.05793452976256,4,1,3,0.75,0,0.0,0.0,65.0,DC,mall
2025-03-24 23:02:00,19,Charging Station 19,28.471693145708855,77.05793452976256,4,3,1,0.25,0,0.0,0.0,20.0,DC,mall
2025-03-25 04:48:00,19,Charging Station 19,28.471693145708855,77.05793452976256,4,4,0,0.0,0,0.0,0.0,44.0,DC,mall
2025-03-25 20:54:00,19,Charging Station 19,28.471693145708855,77.05793452976256,4,1,3,0.75,1,37.08064116393094,9.270160290982735,52.0,DC,mall
2025-03-26 15:21:00,19,Charging Station 19,28.471693145708855,77.05793452976256,4,1,3,0.75,1,54.00150226623012,13.50037556655753,75.0,DC,mall
2025-03-30 08:39:00,19,Charging Station 19,28.471693145708855,77.05793452976256,4,2,2,0.5,3,140.20489926401717,35.05122481600429,84.66666666666667,DC,mall
2025-03-30 12:15:00,19,Charging Station 19,28.471693145708855,77.05793452976256,4,2,2,0.5,2,176.89301155554386,44.223252888885966,66.5,DC,mall
2025-04-03 09:35:00,19,Charging Station 19,28.471693145708855,77.05793452976256,4,0,4,1.0,1,35.47917523977967,8.869793809944918,104.0,DC,mall
2025-04-04 10:22:00,19,Charging Station 19,28.471693145708855,77.05793452976256,4,0,4,1.0,0,0.0,0.0,24.0,DC,mall
2025-04-07 07:37:00,19,Charging Station 19,28.471693145708855,77.05793452976256,4,3,1,0.25,2,154.57933396742314,38.644833491855785,43.0,DC,mall
2025-04-08 18:26:00,19,Charging Station 19,28.471693145708855,77.05793452976256,4,0,4,1.0,2,154.64315170219217,38.66078792554804,61.5,DC,mall
2025-04-11 18:34:00,19,Charging Station 19,28.471693145708855,77.05793452976256,4,0,4,1.0,1,17.969077477620463,4.492269369405116,99.0,DC,mall
2025-04-13 00:54:00,19,Charging Station 19,28.471693145708855,77.05793452976256,4,4,0,0.0,0,0.0,0.0,76.0,DC,mall
2025-04-14 16:24:00,19,Charging Station 19,28.471693145708855,77.05793452976256,4,1,3,0.75,0,0.0,0.0,175.0,DC,mall
2025-04-15 12:12:00,19,Charging Station 19,28.471693145708855,77.05793452976256,4,1,3,0.75,0,0.0,0.0,19.0,DC,mall
2025-04-15 22:08:00,19,Charging Station 19,28.471693145708855,77.05793452976256,4,3,1,0.25,0,0.0,0.0,15.0,DC,mall
2025-04-15 22:10:00,19,Charging Station 19,28.471693145708855,77.05793452976256,4,3,1,0.25,1,47.42061489586606,11.855153723966515,39.0,DC,mall
2025-04-16 04:38:00,19,Charging Station 19,28.471693145708855,77.05793452976256,4,4,0,0.0,2,239.1462282642927,59.78655706607317,184.0,DC,mall
2025-04-16 14:13:00,19,Charging Station 19,28.471693145708855,77.05793452976256,4,1,3,0.75,1,267.73082241949294,66.93270560487323,23.0,DC,mall
2025-04-18 06:08:00,19,Charging Station 19,28.471693145708855,77.05793452976256,4,3,1,0.25,0,0.0,0.0,115.0,DC,mall
2025-04-20 01:25:00,19,Charging Station 19,28.471693145708855,77.05793452976256,4,4,0,0.0,1,105.1003232778995,26.275080819474876,97.0,DC,mall
2025-04-23 01:17:00,19,Charging Station 19,28.471693145708855,77.05793452976256,4,4,0,0.0,1,14.767651270369672,3.691912817592418,221.0,DC,mall
2025-04-23 07:58:00,19,Charging Station 19,28.471693145708855,77.05793452976256,4,2,2,0.5,1,110.79209349364234,27.698023373410585,93.0,DC,mall
2025-04-27 01:24:00,19,Charging Station 19,28.471693145708855,77.05793452976256,4,4,0,0.0,1,70.80681775207611,17.70170443801903,20.0,DC,mall
2025-05-02 10:06:00,19,Charging Station 19,28.471693145708855,77.05793452976256,4,0,4,1.0,1,15.275122192041543,3.818780548010386,93.0,DC,mall
2025-05-02 15:25:00,19,Charging Station 19,28.471693145708855,77.05793452976256,4,2,2,0.5,1,33.35120213520334,8.337800533800834,122.0,DC,mall
2025-05-04 09:29:00,19,Charging Station 19,28.471693145708855,77.05793452976256,4,2,2,0.5,0,0.0,0.0,48.0,DC,mall
2025-05-11 10:10:00,19,Charging Station 19,28.471693145708855,77.05793452976256,4,1,3,0.75,0,0.0,0.0,261.0,DC,mall
2025-05-13 06:21:00,19,Charging Station 19,28.471693145708855,77.05793452976256,4,3,1,0.25,0,0.0,0.0,112.0,DC,mall
2025-05-17 23:45:00,19,Charging Station 19,28.471693145708855,77.05793452976256,4,3,1,0.25,0,0.0,0.0,57.0,DC,mall
2025-05-19 09:36:00,19,Charging Station 19,28.471693145708855,77.05793452976256,4,1,3,0.75,1,128.3847993816543,32.09619984541357,116.0,DC,mall
2025-05-20 11:09:00,19,Charging Station 19,28.471693145708855,77.05793452976256,4,1,3,0.75,0,0.0,0.0,85.0,DC,mall
2025-05-22 04:41:00,19,Charging Station 19,28.471693145708855,77.05793452976256,4,4,0,0.0,0,0.0,0.0,16.0,DC,mall
2025-05-22 08:13:00,19,Charging Station 19,28.471693145708855,77.05793452976256,4,1,3,0.75,2,132.9487003334445,33.23717508336112,122.0,DC,mall
2025-05-26 14:14:00,19,Charging Station 19,28.471693145708855,77.05793452976256,4,1,3,0.75,0,0.0,0.0,117.0,DC,mall
2025-05-26 18:59:00,19,Charging Station 19,28.471693145708855,77.05793452976256,4,0,4,1.0,2,193.8254940571849,48.456373514296224,78.5,DC,mall
2025-05-27 19:31:00,19,Charging Station 19,28.471693145708855,77.05793452976256,4,1,3,0.75,1,61.46512834685405,15.366282086713513,218.0,DC,mall
2025-05-29 03:35:00,19,Charging Station 19,28.471693145708855,77.05793452976256,4,4,0,0.0,1,22.765227515414352,5.691306878853588,19.0,DC,mall
2025-06-01 09:14:00,19,Charging Station 19,28.471693145708855,77.05793452976256,4,2,2,0.5,0,0.0,0.0,77.0,DC,mall
2025-06-02 09:44:00,19,Charging Station 19,28.471693145708855,77.05793452976256,4,1,3,0.75,1,59.494403935452056,14.873600983863014,32.0,DC,mall
2025-06-02 13:01:00,19,Charging Station 19,28.471693145708855,77.05793452976256,4,2,2,0.5,1,16.05848084222902,4.014620210557255,21.0,DC,mall
2025-06-03 10:33:00,19,Charging Station 19,28.471693145708855,77.05793452976256,4,0,4,1.0,0,0.0,0.0,35.0,DC,mall
2025-06-03 17:20:00,19,Charging Station 19,28.471693145708855,77.05793452976256,4,1,3,0.75,0,0.0,0.0,115.0,DC,mall
2025-06-04 12:49:00,19,Charging Station 19,28.471693145708855,77.05793452976256,4,1,3,0.75,0,0.0,0.0,66.0,DC,mall
2025-06-04 22:32:00,19,Charging Station 19,28.471693145708855,77.05793452976256,4,2,2,0.5,0,0.0,0.0,117.0,DC,mall
2025-06-05 08:33:00,19,Charging Station 19,28.471693145708855,77.05793452976256,4,2,2,0.5,1,46.661331066399406,11.665332766599851,73.0,DC,mall
2025-06-06 01:41:00,19,Charging Station 19,28.471693145708855,77.05793452976256,4,4,0,0.0,0,0.0,0.0,104.0,DC,mall
2025-06-06 11:13:00,19,Charging Station 19,28.471693145708855,77.05793452976256,4,1,3,0.75,0,0.0,0.0,47.0,DC,mall
2025-06-06 22:25:00,19,Charging Station 19,28.471693145708855,77.05793452976256,4,2,2,0.5,1,33.422933602874,8.3557334007185,99.0,DC,mall
2025-06-07 14:17:00,19,Charging Station 19,28.471693145708855,77.05793452976256,4,2,2,0.5,0,0.0,0.0,73.0,DC,mall
2025-06-09 10:55:00,19,Charging Station 19,28.471693145708855,77.05793452976256,4,0,4,1.0,0,0.0,0.0,28.0,DC,mall
2025-06-09 23:00:00,19,Charging Station 19,28.471693145708855,77.05793452976256,4,3,1,0.25,0,0.0,0.0,18.0,DC,mall
2025-06-14 04:45:00,19,Charging Station 19,28.471693145708855,77.05793452976256,4,4,0,0.0,2,121.64689986493444,30.41172496623361,99.5,DC,mall
2025-06-17 01:19:00,19,Charging Station 19,28.471693145708855,77.05793452976256,4,4,0,0.0,0,0.0,0.0,271.0,DC,mall
2025-06-17 16:01:00,19,Charging Station 19,28.471693145708855,77.05793452976256,4,1,3,0.75,1,60.54328200924043,15.135820502310107,79.0,DC,mall
2025-06-18 21:09:00,19,Charging Station 19,28.471693145708855,77.05793452976256,4,2,2,0.5,0,0.0,0.0,41.0,DC,mall
2025-06-21 09:08:00,19,Charging Station 19,28.471693145708855,77.05793452976256,4,2,2,0.5,0,0.0,0.0,24.0,DC,mall
2025-06-22 12:35:00,19,Charging Station 19,28.471693145708855,77.05793452976256,4,2,2,0.5,1,12.77225431369521,3.1930635784238026,15.0,DC,mall
2025-06-23 11:47:00,19,Charging Station 19,28.471693145708855,77.05793452976256,4,1,3,0.75,1,150.68877975013376,37.67219493753344,90.0,DC,mall
2025-07-09 00:35:00,19,Charging Station 19,28.471693145708855,77.05793452976256,4,4,0,0.0,0,0.0,0.0,118.0,DC,mall
2025-07-10 05:14:00,19,Charging Station 19,28.471693145708855,77.05793452976256,4,4,0,0.0,1,60.169858387091644,15.042464596772911,197.0,DC,mall
2025-07-10 05:21:00,19,Charging Station 19,28.471693145708855,77.05793452976256,4,4,0,0.0,3,119.16154406133833,29.790386015334583,67.66666666666667,DC,mall
2025-07-10 10:00:00,19,Charging Station 19,28.471693145708855,77.05793452976256,4,1,3,0.75,0,0.0,0.0,54.0,DC,mall
2025-07-11 16:22:00,19,Charging Station 19,28.471693145708855,77.05793452976256,4,1,3,0.75,2,176.65695275009296,44.16423818752324,116.0,DC,mall
2025-07-12 06:33:00,19,Charging Station 19,28.471693145708855,77.05793452976256,4,3,1,0.25,1,24.172442640225224,6.043110660056306,17.0,DC,mall
2025-07-13 05:08:00,19,Charging Station 19,28.471693145708855,77.05793452976256,4,4,0,0.0,0,0.0,0.0,84.0,DC,mall
2025-07-14 09:51:00,19,Charging Station 19,28.471693145708855,77.05793452976256,4,0,4,1.0,1,90.15540185304616,22.53885046326154,227.0,DC,mall
2025-07-15 20:33:00,19,Charging Station 19,28.471693145708855,77.05793452976256,4,1,3,0.75,1,67.94203539229262,16.985508848073156,74.0,DC,mall
2025-07-17 20:07:00,19,Charging Station 19,28.471693145708855,77.05793452976256,4,1,3,0.75,1,220.34587011759987,55.08646752939997,239.0,DC,mall
2025-07-20 14:22:00,19,Charging Station 19,28.471693145708855,77.05793452976256,4,2,2,0.5,0,0.0,0.0,70.0,DC,mall
2025-07-20 15:41:00,19,Charging Station 19,28.471693145708855,77.05793452976256,4,2,2,0.5,1,42.036507300305075,10.509126825076269,116.0,DC,mall
2025-07-23 05:22:00,19,Charging Station 19,28.471693145708855,77.05793452976256,4,3,1,0.25,1,70.36915644721017,17.592289111802543,98.0,DC,mall
2025-07-26 18:01:00,19,Charging Station 19,28.471693145708855,77.05793452976256,4,2,2,0.5,2,51.631607604592716,12.907901901148179,135.5,DC,mall
2025-07-28 20:30:00,19,Charging Station 19,28.471693145708855,77.05793452976256,4,1,3,0.75,1,148.23951062621165,37.05987765655291,89.0,DC,mall
2025-07-30 02:01:00,19,Charging Station 19,28.471693145708855,77.05793452976256,4,4,0,0.0,2,57.57458417435517,14.393646043588792,40.5,DC,mall
2025-07-30 07:14:00,19,Charging Station 19,28.471693145708855,77.05793452976256,4,2,2,0.5,0,0.0,0.0,204.0,DC,mall
2025-08-01 08:40:00,19,Charging Station 19,28.471693145708855,77.05793452976256,4,1,3,0.75,0,0.0,0.0,84.0,DC,mall
2025-08-02 08:46:00,19,Charging Station 19,28.471693145708855,77.05793452976256,4,2,2,0.5,1,28.74283372832279,7.185708432080697,81.0,DC,mall
2025-08-03 17:38:00,19,Charging Station 19,28.471693145708855,77.05793452976256,4,2,2,0.5,1,34.06805053392697,8.517012633481743,106.0,DC,mall
2025-08-05 16:16:00,19,Charging Station 19,28.471693145708855,77.05793452976256,4,1,3,0.75,1,4.982094085859951,1.2455235214649878,85.0,DC,mall
2025-08-07 23:27:00,19,Charging Station 19,28.471693145708855,77.05793452976256,4,3,1,0.25,1,104.85596627104519,26.213991567761298,39.0,DC,mall
2025-08-10 15:25:00,19,Charging Station 19,28.471693145708855,77.05793452976256,4,2,2,0.5,1,16.170496392934005,4.042624098233501,34.0,DC,mall
2025-08-13 04:05:00,19,Charging Station 19,28.471693145708855,77.05793452976256,4,4,0,0.0,1,33.69179448468892,8.42294862117223,66.0,DC,mall
2025-08-15 18:05:00,19,Charging Station 19,28.471693145708855,77.05793452976256,4,0,4,1.0,2,50.224645200487046,12.556161300121762,51.5,DC,mall
2025-08-16 03:43:00,19,Charging Station 19,28.471693145708855,77.05793452976256,4,4,0,0.0,1,57.65531848755183,14.413829621887958,94.0,DC,mall
2025-08-16 05:37:00,19,Charging Station 19,28.471693145708855,77.05793452976256,4,4,0,0.0,0,0.0,0.0,36.0,DC,mall
2025-08-18 05:53:00,19,Charging Station 19,28.471693145708855,77.05793452976256,4,3,1,0.25,1,17.827493706089673,4.456873426522418,20.0,DC,mall
2025-08-20 21:48:00,19,Charging Station 19,28.471693145708855,77.05793452976256,4,2,2,0.5,1,65.72574953224378,16.431437383060945,274.0,DC,mall
2025-08-21 21:12:00,19,Charging Station 19,28.471693145708855,77.05793452976256,4,2,2,0.5,0,0.0,0.0,212.0,DC,mall
2025-08-30 08:07:00,19,Charging Station 19,28.471693145708855,77.05793452976256,4,2,2,0.5,0,0.0,0.0,67.0,DC,mall
2025-09-01 07:43:00,19,Charging Station 19,28.471693145708855,77.05793452976256,4,3,1,0.25,1,64.24555718842674,16.061389297106686,182.0,DC,mall
2025-09-03 14:21:00,19,Charging Station 19,28.471693145708855,77.05793452976256,4,1,3,0.75,0,0.0,0.0,53.0,DC,mall
2025-09-04 19:42:00,19,Charging Station 19,28.471693145708855,77.05793452976256,4,1,3,0.75,1,102.5204888524378,25.63012221310945,87.0,DC,mall
2025-09-05 00:40:00,19,Charging Station 19,28.471693145708855,77.05793452976256,4,4,0,0.0,1,35.17547971170099,8.793869927925247,112.0,DC,mall
2025-09-05 14:05:00,19,Charging Station 19,28.471693145708855,77.05793452976256,4,2,2,0.5,0,0.0,0.0,15.0,DC,mall
2025-09-09 08:32:00,19,Charging Station 19,28.471693145708855,77.05793452976256,4,1,3,0.75,1,102.97987362585819,25.744968406464547,25.0,DC,mall
2025-09-10 06:52:00,19,Charging Station 19,28.471693145708855,77.05793452976256,4,3,1,0.25,0,0.0,0.0,42.0,DC,mall
2025-09-11 10:33:00,19,Charging Station 19,28.471693145708855,77.05793452976256,4,1,3,0.75,1,92.8317040687702,23.20792601719255,30.0,DC,mall
2025-09-13 12:57:00,19,Charging Station 19,28.471693145708855,77.05793452976256,4,2,2,0.5,0,0.0,0.0,64.0,DC,mall
2025-09-15 05:39:00,19,Charging Station 19,28.471693145708855,77.05793452976256,4,4,0,0.0,0,0.0,0.0,25.0,DC,mall
2025-09-17 20:52:00,19,Charging Station 19,28.471693145708855,77.05793452976256,4,1,3,0.75,0,0.0,0.0,76.0,DC,mall
2025-09-20 03:11:00,19,Charging Station 19,28.471693145708855,77.05793452976256,4,4,0,0.0,1,18.216973707778592,4.554243426944648,44.0,DC,mall
2025-09-20 18:23:00,19,Charging Station 19,28.471693145708855,77.05793452976256,4,1,3,0.75,1,78.78755618500759,19.696889046251897,52.0,DC,mall
2025-09-21 23:57:00,19,Charging Station 19,28.471693145708855,77.05793452976256,4,4,0,0.0,0,0.0,0.0,50.0,DC,mall
2025-09-22 07:08:00,19,Charging Station 19,28.471693145708855,77.05793452976256,4,2,2,0.5,2,154.4453424513564,38.6113356128391,19.5,DC,mall
2025-09-22 07:39:00,19,Charging Station 19,28.471693145708855,77.05793452976256,4,2,2,0.5,0,0.0,0.0,44.0,DC,mall
2025-09-24 00:04:00,19,Charging Station 19,28.471693145708855,77.05793452976256,4,4,0,0.0,0,0.0,0.0,86.0,DC,mall
2025-09-25 03:06:00,19,Charging Station 19,28.471693145708855,77.05793452976256,4,4,0,0.0,0,0.0,0.0,23.0,DC,mall
2025-09-25 17:00:00,19,Charging Station 19,28.471693145708855,77.05793452976256,4,0,4,1.0,0,0.0,0.0,92.0,DC,mall
2025-09-27 06:22:00,19,Charging Station 19,28.471693145708855,77.05793452976256,4,4,0,0.0,1,19.3372963110781,4.834324077769525,31.0,DC,mall
2025-09-28 17:05:00,19,Charging Station 19,28.471693145708855,77.05793452976256,4,2,2,0.5,0,0.0,0.0,117.0,DC,mall
2025-09-30 07:41:00,19,Charging Station 19,28.471693145708855,77.05793452976256,4,2,2,0.5,0,0.0,0.0,77.0,DC,mall
2025-09-30 11:56:00,19,Charging Station 19,28.471693145708855,77.05793452976256,4,1,3,0.75,0,0.0,0.0,62.0,DC,mall
2025-09-30 19:03:00,19,Charging Station 19,28.471693145708855,77.05793452976256,4,1,3,0.75,0,0.0,0.0,119.0,DC,mall
2025-10-03 18:41:00,19,Charging Station 19,28.471693145708855,77.05793452976256,4,1,3,0.75,1,61.92795283535102,15.481988208837755,86.0,DC,mall
2025-10-06 12:16:00,19,Charging Station 19,28.471693145708855,77.05793452976256,4,1,3,0.75,1,15.949591876995626,3.9873979692489065,79.0,DC,mall
2025-10-06 13:17:00,19,Charging Station 19,28.471693145708855,77.05793452976256,4,2,2,0.5,0,0.0,0.0,66.0,DC,mall
2025-10-12 16:14:00,19,Charging Station 19,28.471693145708855,77.05793452976256,4,2,2,0.5,0,0.0,0.0,20.0,DC,mall
2025-10-13 09:24:00,19,Charging Station 19,28.471693145708855,77.05793452976256,4,1,3,0.75,0,0.0,0.0,22.0,DC,mall
2025-10-14 07:12:00,19,Charging Station 19,28.471693145708855,77.05793452976256,4,2,2,0.5,0,0.0,0.0,58.0,DC,mall
2025-10-15 23:34:00,19,Charging Station 19,28.471693145708855,77.05793452976256,4,3,1,0.25,1,34.92464652869201,8.731161632173002,100.0,DC,mall
2025-10-16 21:59:00,19,Charging Station 19,28.471693145708855,77.05793452976256,4,1,3,0.75,2,38.62685230202014,9.656713075505035,56.5,DC,mall
2025-10-22 19:03:00,19,Charging Station 19,28.471693145708855,77.05793452976256,4,1,3,0.75,1,90.88129963684523,22.720324909211307,61.0,DC,mall
2025-10-24 15:31:00,19,Charging Station 19,28.471693145708855,77.05793452976256,4,1,3,0.75,0,0.0,0.0,76.0,DC,mall
2025-10-26 18:18:00,19,Charging Station 19,28.471693145708855,77.05793452976256,4,2,2,0.5,3,99.06964190656716,24.76741047664179,57.333333333333336,DC,mall
2025-10-26 23:56:00,19,Charging Station 19,28.471693145708855,77.05793452976256,4,3,1,0.25,0,0.0,0.0,204.0,DC,mall
2025-10-27 05:12:00,19,Charging Station 19,28.471693145708855,77.05793452976256,4,4,0,0.0,0,0.0,0.0,56.0,DC,mall
2025-10-29 19:58:00,19,Charging Station 19,28.471693145708855,77.05793452976256,4,1,3,0.75,2,367.6937222980235,91.92343057450587,269.0,DC,mall
2025-10-31 18:29:00,19,Charging Station 19,28.471693145708855,77.05793452976256,4,0,4,1.0,2,58.721644342317276,14.680411085579319,113.0,DC,mall
2025-11-01 02:11:00,19,Charging Station 19,28.471693145708855,77.05793452976256,4,4,0,0.0,1,329.3790412680957,82.34476031702393,40.0,DC,mall
2025-11-02 00:07:00,19,Charging Station 19,28.471693145708855,77.05793452976256,4,4,0,0.0,0,0.0,0.0,105.0,DC,mall
2025-11-03 23:23:00,19,Charging Station 19,28.471693145708855,77.05793452976256,4,3,1,0.25,0,0.0,0.0,28.0,DC,mall
2025-11-05 18:46:00,19,Charging Station 19,28.471693145708855,77.05793452976256,4,0,4,1.0,5,309.33731823599965,77.33432955899991,89.4,DC,mall
2025-11-07 11:33:00,19,Charging Station 19,28.471693145708855,77.05793452976256,4,1,3,0.75,0,0.0,0.0,17.0,DC,mall
2025-11-09 14:48:00,19,Charging Station 19,28.471693145708855,77.05793452976256,4,2,2,0.5,0,0.0,0.0,87.0,DC,mall
2025-11-10 00:01:00,19,Charging Station 19,28.471693145708855,77.05793452976256,4,4,0,0.0,2,139.99643236550546,34.999108091376364,148.5,DC,mall
2025-11-10 02:23:00,19,Charging Station 19,28.471693145708855,77.05793452976256,4,4,0,0.0,1,171.46584695614433,42.86646173903608,172.0,DC,mall
2025-11-10 15:38:00,19,Charging Station 19,28.471693145708855,77.05793452976256,4,1,3,0.75,1,19.008286004745553,4.752071501186388,117.0,DC,mall
2025-11-10 21:28:00,19,Charging Station 19,28.471693145708855,77.05793452976256,4,2,2,0.5,2,59.355455985473846,14.838863996368461,122.5,DC,mall
2025-11-11 00:38:00,19,Charging Station 19,28.471693145708855,77.05793452976256,4,4,0,0.0,1,18.959896521997656,4.739974130499414,74.0,DC,mall
2025-11-12 07:26:00,19,Charging Station 19,28.471693145708855,77.05793452976256,4,3,1,0.25,2,111.68426071598012,27.92106517899503,124.0,DC,mall
2025-11-12 09:27:00,19,Charging Station 19,28.471693145708855,77.05793452976256,4,1,3,0.75,1,55.02282281534904,13.75570570383726,52.0,DC,mall
2025-11-17 07:40:00,19,Charging Station 19,28.471693145708855,77.05793452976256,4,3,1,0.25,3,121.54990162837913,30.387475407094783,46.0,DC,mall
2025-11-18 21:12:00,19,Charging Station 19,28.471693145708855,77.05793452976256,4,1,3,0.75,1,70.17362920844613,17.543407302111532,58.0,DC,mall
2025-11-19 02:44:00,19,Charging Station 19,28.471693145708855,77.05793452976256,4,4,0,0.0,0,0.0,0.0,101.0,DC,mall
2025-11-23 20:51:00,19,Charging Station 19,28.471693145708855,77.05793452976256,4,2,2,0.5,0,0.0,0.0,93.0,DC,mall
2025-11-28 00:52:00,19,Charging Station 19,28.471693145708855,77.05793452976256,4,4,0,0.0,0,0.0,0.0,43.0,DC,mall
2025-11-28 21:23:00,19,Charging Station 19,28.471693145708855,77.05793452976256,4,2,2,0.5,0,0.0,0.0,32.0,DC,mall
2025-11-29 11:50:00,19,Charging Station 19,28.471693145708855,77.05793452976256,4,2,2,0.5,0,0.0,0.0,69.0,DC,mall
2025-12-01 11:01:00,19,Charging Station 19,28.471693145708855,77.05793452976256,4,1,3,0.75,0,0.0,0.0,197.0,DC,mall
2025-12-02 04:07:00,19,Charging Station 19,28.471693145708855,77.05793452976256,4,4,0,0.0,1,104.82858194891858,26.207145487229646,71.0,DC,mall
2025-12-02 06:07:00,19,Charging Station 19,28.471693145708855,77.05793452976256,4,3,1,0.25,0,0.0,0.0,90.0,DC,mall
2025-12-03 05:02:00,19,Charging Station 19,28.471693145708855,77.05793452976256,4,4,0,0.0,1,22.813174200211414,5.703293550052853,25.0,DC,mall
2025-12-06 11:15:00,19,Charging Station 19,28.471693145708855,77.05793452976256,4,2,2,0.5,0,0.0,0.0,57.0,DC,mall
2025-12-06 21:53:00,19,Charging Station 19,28.471693145708855,77.05793452976256,4,2,2,0.5,1,198.3503479116864,49.5875869779216,53.0,DC,mall
2025-12-08 06:12:00,19,Charging Station 19,28.471693145708855,77.05793452976256,4,3,1,0.25,0,0.0,0.0,25.0,DC,mall
2025-12-09 06:51:00,19,Charging Station 19,28.471693145708855,77.05793452976256,4,3,1,0.25,0,0.0,0.0,105.0,DC,mall
2025-12-10 18:51:00,19,Charging Station 19,28.471693145708855,77.05793452976256,4,1,3,0.75,3,187.36355735687724,46.84088933921931,105.33333333333333,DC,mall
2025-12-11 10:57:00,19,Charging Station 19,28.471693145708855,77.05793452976256,4,1,3,0.75,0,0.0,0.0,58.0,DC,mall
2025-12-11 16:58:00,19,Charging Station 19,28.471693145708855,77.05793452976256,4,1,3,0.75,0,0.0,0.0,36.0,DC,mall
2025-12-13 06:19:00,19,Charging Station 19,28.471693145708855,77.05793452976256,4,3,1,0.25,0,0.0,0.0,25.0,DC,mall
2025-12-15 09:09:00,19,Charging Station 19,28.471693145708855,77.05793452976256,4,1,3,0.75,0,0.0,0.0,72.0,DC,mall
2025-12-20 20:30:00,19,Charging Station 19,28.471693145708855,77.05793452976256,4,2,2,0.5,0,0.0,0.0,88.0,DC,mall
2025-12-22 12:32:00,19,Charging Station 19,28.471693145708855,77.05793452976256,4,1,3,0.75,0,0.0,0.0,96.0,DC,mall
2025-12-24 16:18:00,19,Charging Station 19,28.471693145708855,77.05793452976256,4,1,3,0.75,2,131.94471026004243,32.98617756501061,37.0,DC,mall
2025-12-25 14:57:00,19,Charging Station 19,28.471693145708855,77.05793452976256,4,2,2,0.5,0,0.0,0.0,285.0,DC,mall
2025-12-25 18:04:00,19,Charging Station 19,28.471693145708855,77.05793452976256,4,0,4,1.0,4,137.55674574757796,34.38918643689449,86.25,DC,mall
2025-12-25 23:47:00,19,Charging Station 19,28.471693145708855,77.05793452976256,4,3,1,0.25,1,90.67200859545902,22.668002148864755,99.0,DC,mall
2025-12-26 14:20:00,19,Charging Station 19,28.471693145708855,77.05793452976256,4,1,3,0.75,1,75.10868665914985,18.777171664787463,57.0,DC,mall
2025-12-28 11:17:00,19,Charging Station 19,28.471693145708855,77.05793452976256,4,2,2,0.5,0,0.0,0.0,104.0,DC,mall
2025-01-02 16:58:00,20,Charging Station 20,28.412711670057202,77.15549116085784,12,3,9,0.75,0,0.0,0.0,31.0,Both,residential
2025-01-03 04:49:00,20,Charging Station 20,28.412711670057202,77.15549116085784,12,11,1,0.08333333333333337,0,0.0,0.0,82.0,Both,residential
2025-01-03 18:21:00,20,Charging Station 20,28.412711670057202,77.15549116085784,12,2,10,0.8333333333333334,1,121.09968850699411,30.27492212674853,105.0,Both,residential
2025-01-05 08:43:00,20,Charging Station 20,28.412711670057202,77.15549116085784,12,6,6,0.5,2,127.79738314450975,31.949345786127438,95.0,Both,residential
2025-01-05 20:07:00,20,Charging Station 20,28.412711670057202,77.15549116085784,12,6,6,0.5,0,0.0,0.0,74.0,Both,residential
2025-01-08 03:52:00,20,Charging Station 20,28.412711670057202,77.15549116085784,12,12,0,0.0,0,0.0,0.0,32.0,Both,residential
2025-01-13 07:39:00,20,Charging Station 20,28.412711670057202,77.15549116085784,12,7,5,0.41666666666666663,1,89.17213060638106,22.293032651595265,95.0,Both,residential
2025-01-19 07:07:00,20,Charging Station 20,28.412711670057202,77.15549116085784,12,8,4,0.33333333333333337,0,0.0,0.0,106.0,Both,residential
2025-01-19 16:13:00,20,Charging Station 20,28.412711670057202,77.15549116085784,12,5,7,0.5833333333333333,1,40.36609819446867,10.091524548617167,229.0,Both,residential
2025-01-22 01:19:00,20,Charging Station 20,28.412711670057202,77.15549116085784,12,12,0,0.0,1,22.130581343093674,5.532645335773418,21.0,Both,residential
2025-01-25 05:52:00,20,Charging Station 20,28.412711670057202,77.15549116085784,12,11,1,0.08333333333333337,0,0.0,0.0,257.0,Both,residential
2025-01-25 10:00:00,20,Charging Station 20,28.412711670057202,77.15549116085784,12,4,8,0.6666666666666667,3,465.51663002854485,116.37915750713621,114.33333333333333,Both,residential
2025-01-29 08:06:00,20,Charging Station 20,28.412711670057202,77.15549116085784,12,4,8,0.6666666666666667,2,109.83369956990204,27.45842489247551,100.5,Both,residential
2025-01-30 04:16:00,20,Charging Station 20,28.412711670057202,77.15549116085784,12,11,1,0.08333333333333337,0,0.0,0.0,46.0,Both,residential
2025-02-01 23:47:00,20,Charging Station 20,28.412711670057202,77.15549116085784,12,10,2,0.16666666666666663,0,0.0,0.0,84.0,Both,residential
2025-02-03 13:06:00,20,Charging Station 20,28.412711670057202,77.15549116085784,12,5,7,0.5833333333333333,2,103.84625024398747,25.961562560996867,33.5,Both,residential
2025-02-05 12:12:00,20,Charging Station 20,28.412711670057202,77.15549116085784,12,4,8,0.6666666666666667,0,0.0,0.0,281.0,Both,residential
2025-02-11 00:02:00,20,Charging Station 20,28.412711670057202,77.15549116085784,12,10,2,0.16666666666666663,1,16.376304498650995,4.094076124662749,72.0,Both,residential
2025-02-11 20:46:00,20,Charging Station 20,28.412711670057202,77.15549116085784,12,3,9,0.75,1,19.507998578288614,4.8769996445721535,146.0,Both,residential
2025-02-17 23:07:00,20,Charging Station 20,28.412711670057202,77.15549116085784,12,10,2,0.16666666666666663,0,0.0,0.0,76.0,Both,residential
2025-02-18 18:33:00,20,Charging Station 20,28.412711670057202,77.15549116085784,12,2,10,0.8333333333333334,3,79.15214222333545,19.78803555583386,50.333333333333336,Both,residential
2025-02-20 02:37:00,20,Charging Station 20,28.412711670057202,77.15549116085784,12,12,0,0.0,0,0.0,0.0,17.0,Both,residential
2025-02-21 09:46:00,20,Charging Station 20,28.412711670057202,77.15549116085784,12,2,10,0.8333333333333334,0,0.0,0.0,36.0,Both,residential
2025-02-22 04:09:00,20,Charging Station 20,28.412711670057202,77.15549116085784,12,12,0,0.0,0,0.0,0.0,80.0,Both,residential
2025-02-23 07:21:00,20,Charging Station 20,28.412711670057202,77.15549116085784,12,9,3,0.25,1,60.0579329413894,15.01448323534735,130.0,Both,residential
2025-02-23 17:03:00,20,Charging Station 20,28.412711670057202,77.15549116085784,12,5,7,0.5833333333333333,1,23.64272861685582,5.910682154213955,295.0,Both,residential
2025-02-25 14:40:00,20,Charging Station 20,28.412711670057202,77.15549116085784,12,4,8,0.6666666666666667,2,62.514795579911066,15.628698894977767,43.5,Both,residential
2025-02-26 02:28:00,20,Charging Station 20,28.412711670057202,77.15549116085784,12,11,1,0.08333333333333337,1,14.472236863511,3.61805921587775,35.0,Both,residential
2025-02-26 10:47:00,20,Charging Station 20,28.412711670057202,77.15549116085784,12,3,9,0.75,0,0.0,0.0,150.0,Both,residential
2025-02-27 00:12:00,20,Charging Station 20,28.412711670057202,77.15549116085784,12,11,1,0.08333333333333337,0,0.0,0.0,21.0,Both,residential
2025-02-27 23:51:00,20,Charging Station 20,28.412711670057202,77.15549116085784,12,9,3,0.25,1,6.113089884116564,1.528272471029141,27.0,Both,residential
2025-02-28 00:47:00,20,Charging Station 20,28.412711670057202,77.15549116085784,12,11,1,0.08333333333333337,1,24.527668689232105,6.131917172308026,68.0,Both,residential
2025-03-02 00:06:00,20,Charging Station 20,28.412711670057202,77.15549116085784,12,11,1,0.08333333333333337,0,0.0,0.0,267.0,Both,residential
2025-03-02 05:36:00,20,Charging Station 20,28.412711670057202,77.15549116085784,12,12,0,0.0,0,0.0,0.0,51.0,Both,residential
2025-03-04 11:36:00,20,Charging Station 20,28.412711670057202,77.15549116085784,12,3,9,0.75,1,53.57113271519175,13.392783178797938,105.0,Both,residential
2025-03-05 01:00:00,20,Charging Station 20,28.412711670057202,77.15549116085784,12,12,0,0.0,1,77.29924224399471,19.324810560998678,281.0,Both,residential
2025-03-05 17:27:00,20,Charging Station 20,28.412711670057202,77.15549116085784,12,2,10,0.8333333333333334,0,0.0,0.0,69.0,Both,residential
2025-03-08 15:00:00,20,Charging Station 20,28.412711670057202,77.15549116085784,12,6,6,0.5,1,107.88318802536638,26.970797006341595,229.0,Both,residential
2025-03-14 20:37:00,20,Charging Station 20,28.412711670057202,77.15549116085784,12,3,9,0.75,2,201.2990161903426,50.32475404758565,62.5,Both,residential
2025-03-15 05:56:00,20,Charging Station 20,28.412711670057202,77.15549116085784,12,11,1,0.08333333333333337,0,0.0,0.0,38.0,Both,residential
2025-03-18 12:23:00,20,Charging Station 20,28.412711670057202,77.15549116085784,12,4,8,0.6666666666666667,0,0.0,0.0,73.0,Both,residential
2025-03-20 16:24:00,20,Charging Station 20,28.412711670057202,77.15549116085784,12,5,7,0.5833333333333333,0,0.0,0.0,85.0,Both,residential
2025-03-22 15:59:00,20,Charging Station 20,28.412711670057202,77.15549116085784,12,6,6,0.5,1,9.708050137516494,2.4270125343791236,52.0,Both,residential
2025-03-22 20:39:00,20,Charging Station 20,28.412711670057202,77.15549116085784,12,6,6,0.5,0,0.0,0.0,37.0,Both,residential
2025-03-25 02:06:00,20,Charging Station 20,28.412711670057202,77.15549116085784,12,12,0,0.0,0,0.0,0.0,204.0,Both,residential
2025-03-28 21:04:00,20,Charging Station 20,28.412711670057202,77.15549116085784,12,4,8,0.6666666666666667,0,0.0,0.0,21.0,Both,residential
2025-03-30 04:14:00,20,Charging Station 20,28.412711670057202,77.15549116085784,12,12,0,0.0,0,0.0,0.0,166.0,Both,residential
2025-04-03 21:49:00,20,Charging Station 20,28.412711670057202,77.15549116085784,12,5,7,0.5833333333333333,0,0.0,0.0,20.0,Both,residential
2025-04-05 10:37:00,20,Charging Station 20,28.412711670057202,77.15549116085784,12,5,7,0.5833333333333333,2,115.91350620515335,28.97837655128834,95.5,Both,residential
2025-04-05 14:36:00,20,Charging Station 20,28.412711670057202,77.15549116085784,12,6,6,0.5,0,0.0,0.0,69.0,Both,residential
2025-04-06 17:03:00,20,Charging Station 20,28.412711670057202,77.15549116085784,12,5,7,0.5833333333333333,0,0.0,0.0,66.0,Both,residential
2025-04-10 00:29:00,20,Charging Station 20,28.412711670057202,77.15549116085784,12,10,2,0.16666666666666663,1,23.080817858089375,5.770204464522344,69.0,Both,residential
2025-04-10 08:59:00,20,Charging Station 20,28.412711670057202,77.15549116085784,12,3,9,0.75,0,0.0,0.0,33.0,Both,residential
2025-04-11 01:41:00,20,Charging Station 20,28.412711670057202,77.15549116085784,12,11,1,0.08333333333333337,1,42.3847032512286,10.59617581280715,69.0,Both,residential
2025-04-11 06:01:00,20,Charging Station 20,28.412711670057202,77.15549116085784,12,10,2,0.16666666666666663,0,0.0,0.0,116.0,Both,residential
2025-04-13 11:14:00,20,Charging Station 20,28.412711670057202,77.15549116085784,12,6,6,0.5,0,0.0,0.0,91.0,Both,residential
2025-04-18 06:34:00,20,Charging Station 20,28.412711670057202,77.15549116085784,12,8,4,0.33333333333333337,0,0.0,0.0,279.0,Both,residential
2025-04-18 08:00:00,20,Charging Station 20,28.412711670057202,77.15549116085784,12,4,8,0.6666666666666667,1,6.503851286004391,1.6259628215010977,292.0,Both,residential
2025-04-22 16:27:00,20,Charging Station 20,28.412711670057202,77.15549116085784,12,3,9,0.75,0,0.0,0.0,73.0,Both,residential
2025-04-26 11:36:00,20,Charging Station 20,28.412711670057202,77.15549116085784,12,5,7,0.5833333333333333,0,0.0,0.0,23.0,Both,residential
2025-04-30 22:09:00,20,Charging Station 20,28.412711670057202,77.15549116085784,12,7,5,0.41666666666666663,1,47.67672636700751,11.919181591751878,28.0,Both,residential
2025-05-01 00:01:00,20,Charging Station 20,28.412711670057202,77.15549116085784,12,11,1,0.08333333333333337,1,17.33264840569677,4.333162101424192,74.0,Both,residential
2025-05-03 03:47:00,20,Charging Station 20,28.412711670057202,77.15549116085784,12,12,0,0.0,0,0.0,0.0,53.0,Both,residential
2025-05-03 21:06:00,20,Charging Station 20,28.412711670057202,77.15549116085784,12,7,5,0.41666666666666663,0,0.0,0.0,17.0,Both,residential
2025-05-04 15:44:00,20,Charging Station 20,28.412711670057202,77.15549116085784,12,5,7,0.5833333333333333,0,0.0,0.0,40.0,Both,residential
2025-05-08 04:26:00,20,Charging Station 20,28.412711670057202,77.15549116085784,12,11,1,0.08333333333333337,2,228.01117605331982,57.002794013329954,171.0,Both,residential
2025-05-10 08:05:00,20,Charging Station 20,28.412711670057202,77.15549116085784,12,7,5,0.41666666666666663,1,32.64102811639017,8.160257029097542,31.0,Both,residential
2025-05-13 09:30:00,20,Charging Station 20,28.412711670057202,77.15549116085784,12,1,11,0.9166666666666666,0,0.0,0.0,82.0,Both,residential
2025-05-16 17:00:00,20,Charging Station 20,28.412711670057202,77.15549116085784,12,1,11,0.9166666666666666,1,9.197254345701769,2.299313586425442,44.0,Both,residential
2025-05-17 02:02:00,20,Charging Station 20,28.412711670057202,77.15549116085784,12,11,1,0.08333333333333337,0,0.0,0.0,25.0,Both,residential
2025-05-18 02:06:00,20,Charging Station 20,28.412711670057202,77.15549116085784,12,11,1,0.08333333333333337,1,80.22446475872039,20.056116189680097,80.0,Both,residential
2025-05-20 01:29:00,20,Charging Station 20,28.412711670057202,77.15549116085784,12,12,0,0.0,1,12.212044387883772,3.053011096970943,35.0,Both,residential
2025-05-21 03:38:00,20,Charging Station 20,28.412711670057202,77.15549116085784,12,12,0,0.0,0,0.0,0.0,79.0,Both,residential
2025-05-22 07:19:00,20,Charging Station 20,28.412711670057202,77.15549116085784,12,8,4,0.33333333333333337,0,0.0,0.0,110.0,Both,residential
2025-05-23 20:38:00,20,Charging Station 20,28.412711670057202,77.15549116085784,12,4,8,0.6666666666666667,0,0.0,0.0,102.0,Both,residential
2025-05-25 13:19:00,20,Charging Station 20,28.412711670057202,77.15549116085784,12,7,5,0.41666666666666663,1,67.26091614335373,16.81522903583843,73.0,Both,residential
2025-05-26 00:53:00,20,Charging Station 20,28.412711670057202,77.15549116085784,12,9,3,0.25,2,87.56562099318047,21.89140524829512,115.5,Both,residential
2025-05-28 16:56:00,20,Charging Station 20,28.412711670057202,77.15549116085784,12,3,9,0.75,0,0.0,0.0,108.0,Both,residential
2025-05-28 17:13:00,20,Charging Station 20,28.412711670057202,77.15549116085784,12,3,9,0.75,0,0.0,0.0,59.0,Both,residential
2025-05-30 09:52:00,20,Charging Station 20,28.412711670057202,77.15549116085784,12,3,9,0.75,3,189.27562176395435,47.31890544098859,38.0,Both,residential
2025-05-30 18:09:00,20,Charging Station 20,28.412711670057202,77.15549116085784,12,2,10,0.8333333333333334,2,56.86979647104872,14.21744911776218,190.5,Both,residential
2025-05-31 03:11:00,20,Charging Station 20,28.412711670057202,77.15549116085784,12,12,0,0.0,1,24.636765549496175,6.159191387374044,234.0,Both,residential
2025-05-31 17:18:00,20,Charging Station 20,28.412711670057202,77.15549116085784,12,4,8,0.6666666666666667,0,0.0,0.0,208.0,Both,residential
2025-06-01 05:00:00,20,Charging Station 20,28.412711670057202,77.15549116085784,12,12,0,0.0,1,30.475906445534722,7.6189766113836805,75.0,Both,residential
2025-06-02 19:46:00,20,Charging Station 20,28.412711670057202,77.15549116085784,12,1,11,0.9166666666666666,0,0.0,0.0,71.0,Both,residential
2025-06-04 16:56:00,20,Charging Station 20,28.412711670057202,77.15549116085784,12,3,9,0.75,2,390.17253502271006,97.54313375567752,152.5,Both,residential
2025-06-05 13:11:00,20,Charging Station 20,28.412711670057202,77.15549116085784,12,4,8,0.6666666666666667,1,23.416412150939124,5.854103037734781,153.0,Both,residential
2025-06-05 19:40:00,20,Charging Station 20,28.412711670057202,77.15549116085784,12,1,11,0.9166666666666666,0,0.0,0.0,68.0,Both,residential
2025-06-07 21:09:00,20,Charging Station 20,28.412711670057202,77.15549116085784,12,7,5,0.41666666666666663,0,0.0,0.0,154.0,Both,residential
2025-06-12 20:58:00,20,Charging Station 20,28.412711670057202,77.15549116085784,12,4,8,0.6666666666666667,1,51.75922590735271,12.939806476838177,21.0,Both,residential
2025-06-15 01:09:00,20,Charging Station 20,28.412711670057202,77.15549116085784,12,12,0,0.0,0,0.0,0.0,95.0,Both,residential
2025-06-15 02:17:00,20,Charging Station 20,28.412711670057202,77.15549116085784,12,12,0,0.0,2,17.056478035078314,4.2641195087695785,120.5,Both,residential
2025-06-17 02:27:00,20,Charging Station 20,28.412711670057202,77.15549116085784,12,11,1,0.08333333333333337,0,0.0,0.0,92.0,Both,residential
2025-06-21 19:53:00,20,Charging Station 20,28.412711670057202,77.15549116085784,12,4,8,0.6666666666666667,1,59.96681667212491,14.991704168031227,87.0,Both,residential
2025-06-22 11:45:00,20,Charging Station 20,28.412711670057202,77.15549116085784,12,6,6,0.5,0,0.0,0.0,21.0,Both,residential
2025-06-23 12:39:00,20,Charging Station 20,28.412711670057202,77.15549116085784,12,4,8,0.6666666666666667,0,0.0,0.0,228.0,Both,residential
2025-06-26 22:19:00,20,Charging Station 20,28.412711670057202,77.15549116085784,12,8,4,0.33333333333333337,0,0.0,0.0,54.0,Both,residential
2025-06-29 16:36:00,20,Charging Station 20,28.412711670057202,77.15549116085784,12,6,6,0.5,0,0.0,0.0,106.0,Both,residential
2025-07-03 11:52:00,20,Charging Station 20,28.412711670057202,77.15549116085784,12,2,10,0.8333333333333334,1,71.41093271134211,17.85273317783553,165.0,Both,residential
2025-07-04 10:53:00,20,Charging Station 20,28.412711670057202,77.15549116085784,12,2,10,0.8333333333333334,0,0.0,0.0,66.0,Both,residential
2025-07-09 11:40:00,20,Charging Station 20,28.412711670057202,77.15549116085784,12,4,8,0.6666666666666667,0,0.0,0.0,89.0,Both,residential
2025-07-13 08:35:00,20,Charging Station 20,28.412711670057202,77.15549116085784,12,6,6,0.5,3,117.69651618323543,29.424129045808858,49.666666666666664,Both,residential
2025-07-20 21:00:00,20,Charging Station 20,28.412711670057202,77.15549116085784,12,7,5,0.41666666666666663,1,21.088175835299822,5.2720439588249555,47.0,Both,residential
2025-07-26 08:06:00,20,Charging Station 20,28.412711670057202,77.15549116085784,12,7,5,0.41666666666666663,1,51.168438922662105,12.792109730665526,110.0,Both,residential
2025-07-27 09:39:00,20,Charging Station 20,28.412711670057202,77.15549116085784,12,5,7,0.5833333333333333,0,0.0,0.0,33.0,Both,residential
2025-07-29 07:52:00,20,Charging Station 20,28.412711670057202,77.15549116085784,12,7,5,0.41666666666666663,1,214.3313234192405,53.582830854810126,89.0,Both,residential
2025-08-04 01:44:00,20,Charging Station 20,28.412711670057202,77.15549116085784,12,11,1,0.08333333333333337,2,59.36473374665438,14.841183436663595,53.0,Both,residential
2025-08-08 06:09:00,20,Charging Station 20,28.412711670057202,77.15549116085784,12,10,2,0.16666666666666663,2,93.65093081172431,23.412732702931077,128.5,Both,residential
2025-08-09 04:31:00,20,Charging Station 20,28.412711670057202,77.15549116085784,12,11,1,0.08333333333333337,0,0.0,0.0,21.0,Both,residential
2025-08-11 19:31:00,20,Charging Station 20,28.412711670057202,77.15549116085784,12,2,10,0.8333333333333334,1,17.42724420860312,4.35681105215078,260.0,Both,residential
2025-08-13 17:13:00,20,Charging Station 20,28.412711670057202,77.15549116085784,12,3,9,0.75,1,60.27054662505533,15.067636656263833,82.0,Both,residential
2025-08-20 00:51:00,20,Charging Station 20,28.412711670057202,77.15549116085784,12,11,1,0.08333333333333337,1,45.33582239118293,11.333955597795732,73.0,Both,residential
2025-08-20 13:57:00,20,Charging Station 20,28.412711670057202,77.15549116085784,12,4,8,0.6666666666666667,2,68.69231101554394,17.173077753885984,127.0,Both,residential
2025-08-21 06:42:00,20,Charging Station 20,28.412711670057202,77.15549116085784,12,9,3,0.25,0,0.0,0.0,78.0,Both,residential
2025-08-24 03:38:00,20,Charging Station 20,28.412711670057202,77.15549116085784,12,12,0,0.0,0,0.0,0.0,53.0,Both,residential
2025-08-27 12:34:00,20,Charging Station 20,28.412711670057202,77.15549116085784,12,4,8,0.6666666666666667,0,0.0,0.0,256.0,Both,residential
2025-08-31 16:09:00,20,Charging Station 20,28.412711670057202,77.15549116085784,12,5,7,0.5833333333333333,1,37.560858313505456,9.390214578376364,28.0,Both,residential
2025-09-02 03:33:00,20,Charging Station 20,28.412711670057202,77.15549116085784,12,12,0,0.0,1,4.421176280306831,1.1052940700767078,49.0,Both,residential
2025-09-02 15:19:00,20,Charging Station 20,28.412711670057202,77.15549116085784,12,3,9,0.75,1,13.613964279301015,3.403491069825254,72.0,Both,residential
2025-09-03 13:49:00,20,Charging Station 20,28.412711670057202,77.15549116085784,12,6,6,0.5,0,0.0,0.0,77.0,Both,residential
2025-09-03 21:13:00,20,Charging Station 20,28.412711670057202,77.15549116085784,12,5,7,0.5833333333333333,0,0.0,0.0,101.0,Both,residential
2025-09-04 22:18:00,20,Charging Station 20,28.412711670057202,77.15549116085784,12,7,5,0.41666666666666663,0,0.0,0.0,299.0,Both,residential
2025-09-05 11:18:00,20,Charging Station 20,28.412711670057202,77.15549116085784,12,3,9,0.75,0,0.0,0.0,94.0,Both,residential
2025-09-06 21:22:00,20,Charging Station 20,28.412711670057202,77.15549116085784,12,6,6,0.5,0,0.0,0.0,15.0,Both,residential
2025-09-11 21:38:00,20,Charging Station 20,28.412711670057202,77.15549116085784,12,5,7,0.5833333333333333,2,138.4661795084447,34.616544877111174,93.0,Both,residential
2025-09-14 17:02:00,20,Charging Station 20,28.412711670057202,77.15549116085784,12,5,7,0.5833333333333333,0,0.0,0.0,74.0,Both,residential
2025-09-15 14:43:00,20,Charging Station 20,28.412711670057202,77.15549116085784,12,4,8,0.6666666666666667,1,147.34358905363422,36.835897263408555,31.0,Both,residential
2025-09-17 03:52:00,20,Charging Station 20,28.412711670057202,77.15549116085784,12,12,0,0.0,0,0.0,0.0,110.0,Both,residential
2025-09-20 05:16:00,20,Charging Station 20,28.412711670057202,77.15549116085784,12,11,1,0.08333333333333337,0,0.0,0.0,27.0,Both,residential
2025-09-21 04:48:00,20,Charging Station 20,28.412711670057202,77.15549116085784,12,12,0,0.0,1,35.283686302259,8.82092157556475,107.0,Both,residential
2025-09-22 05:54:00,20,Charging Station 20,28.412711670057202,77.15549116085784,12,12,0,0.0,1,66.80026831547372,16.70006707886843,82.0,Both,residential
2025-09-24 01:40:00,20,Charging Station 20,28.412711670057202,77.15549116085784,12,12,0,0.0,0,0.0,0.0,105.0,Both,residential
2025-09-24 09:12:00,20,Charging Station 20,28.412711670057202,77.15549116085784,12,3,9,0.75,1,43.58332591568052,10.89583147892013,104.0,Both,residential
2025-09-24 15:40:00,20,Charging Station 20,28.412711670057202,77.15549116085784,12,4,8,0.6666666666666667,0,0.0,0.0,47.0,Both,residential
2025-09-24 15:54:00,20,Charging Station 20,28.412711670057202,77.15549116085784,12,4,8,0.6666666666666667,0,0.0,0.0,92.0,Both,residential
2025-09-25 18:48:00,20,Charging Station 20,28.412711670057202,77.15549116085784,12,0,12,1.0,3,175.81737658488223,43.954344146220556,161.0,Both,residential
2025-09-25 19:33:00,20,Charging Station 20,28.412711670057202,77.15549116085784,12,2,10,0.8333333333333334,3,308.36572151779893,77.09143037944973,52.333333333333336,Both,residential
2025-09-26 13:02:00,20,Charging Station 20,28.412711670057202,77.15549116085784,12,5,7,0.5833333333333333,1,38.6123838768589,9.653095969214725,48.0,Both,residential
2025-09-29 01:07:00,20,Charging Station 20,28.412711670057202,77.15549116085784,12,11,1,0.08333333333333337,0,0.0,0.0,81.0,Both,residential
2025-09-29 16:14:00,20,Charging Station 20,28.412711670057202,77.15549116085784,12,4,8,0.6666666666666667,1,32.0092135296823,8.002303382420575,17.0,Both,residential
2025-10-02 13:02:00,20,Charging Station 20,28.412711670057202,77.15549116085784,12,5,7,0.5833333333333333,3,437.855231374593,109.46380784364825,56.666666666666664,Both,residential
2025-10-07 23:16:00,20,Charging Station 20,28.412711670057202,77.15549116085784,12,10,2,0.16666666666666663,0,0.0,0.0,64.0,Both,residential
2025-10-08 21:54:00,20,Charging Station 20,28.412711670057202,77.15549116085784,12,5,7,0.5833333333333333,0,0.0,0.0,67.0,Both,residential
2025-10-09 09:43:00,20,Charging Station 20,28.412711670057202,77.15549116085784,12,2,10,0.8333333333333334,0,0.0,0.0,91.0,Both,residential
2025-10-09 20:15:00,20,Charging Station 20,28.412711670057202,77.15549116085784,12,3,9,0.75,2,75.7366982643217,18.934174566080426,77.0,Both,residential
2025-10-11 22:39:00,20,Charging Station 20,28.412711670057202,77.15549116085784,12,8,4,0.33333333333333337,2,59.072760982545844,14.768190245636461,123.5,Both,residential
2025-10-14 13:20:00,20,Charging Station 20,28.412711670057202,77.15549116085784,12,4,8,0.6666666666666667,0,0.0,0.0,68.0,Both,residential
2025-10-21 01:57:00,20,Charging Station 20,28.412711670057202,77.15549116085784,12,11,1,0.08333333333333337,0,0.0,0.0,41.0,Both,residential
2025-10-21 10:02:00,20,Charging Station 20,28.412711670057202,77.15549116085784,12,3,9,0.75,0,0.0,0.0,63.0,Both,residential
2025-10-23 06:08:00,20,Charging Station 20,28.412711670057202,77.15549116085784,12,10,2,0.16666666666666663,0,0.0,0.0,62.0,Both,residential
2025-10-23 08:54:00,20,Charging Station 20,28.412711670057202,77.15549116085784,12,4,8,0.6666666666666667,1,120.61494475797446,30.153736189493614,93.0,Both,residential
2025-10-26 07:20:00,20,Charging Station 20,28.412711670057202,77.15549116085784,12,9,3,0.25,1,21.720981617805926,5.430245404451481,76.0,Both,residential
2025-10-27 11:35:00,20,Charging Station 20,28.412711670057202,77.15549116085784,12,3,9,0.75,0,0.0,0.0,60.0,Both,residential
2025-10-27 21:23:00,20,Charging Station 20,28.412711670057202,77.15549116085784,12,4,8,0.6666666666666667,1,38.1777593702733,9.544439842568325,69.0,Both,residential
2025-10-28 12:21:00,20,Charging Station 20,28.412711670057202,77.15549116085784,12,4,8,0.6666666666666667,0,0.0,0.0,60.0,Both,residential
2025-10-29 07:23:00,20,Charging Station 20,28.412711670057202,77.15549116085784,12,7,5,0.41666666666666663,0,0.0,0.0,35.0,Both,residential
2025-11-01 23:25:00,20,Charging Station 20,28.412711670057202,77.15549116085784,12,10,2,0.16666666666666663,1,60.03542327467053,15.008855818667632,17.0,Both,residential
2025-11-07 19:25:00,20,Charging Station 20,28.412711670057202,77.15549116085784,12,2,10,0.8333333333333334,0,0.0,0.0,65.0,Both,residential
2025-11-10 03:01:00,20,Charging Station 20,28.412711670057202,77.15549116085784,12,11,1,0.08333333333333337,0,0.0,0.0,25.0,Both,residential
2025-11-12 02:34:00,20,Charging Station 20,28.412711670057202,77.15549116085784,12,12,0,0.0,0,0.0,0.0,26.0,Both,residential
2025-11-12 06:07:00,20,Charging Station 20,28.412711670057202,77.15549116085784,12,9,3,0.25,0,0.0,0.0,64.0,Both,residential
2025-11-12 13:41:00,20,Charging Station 20,28.412711670057202,77.15549116085784,12,5,7,0.5833333333333333,1,98.44469546466392,24.61117386616598,66.0,Both,residential
2025-11-14 23:29:00,20,Charging Station 20,28.412711670057202,77.15549116085784,12,10,2,0.16666666666666663,0,0.0,0.0,58.0,Both,residential
2025-11-18 02:56:00,20,Charging Station 20,28.412711670057202,77.15549116085784,12,12,0,0.0,0,0.0,0.0,86.0,Both,residential
2025-11-21 23:41:00,20,Charging Station 20,28.412711670057202,77.15549116085784,12,9,3,0.25,1,46.63388600288301,11.658471500720752,44.0,Both,residential
2025-11-23 15:36:00,20,Charging Station 20,28.412711670057202,77.15549116085784,12,5,7,0.5833333333333333,0,0.0,0.0,85.0,Both,residential
2025-11-25 09:42:00,20,Charging Station 20,28.412711670057202,77.15549116085784,12,1,11,0.9166666666666666,0,0.0,0.0,18.0,Both,residential
2025-11-26 06:54:00,20,Charging Station 20,28.412711670057202,77.15549116085784,12,10,2,0.16666666666666663,1,28.347383968681676,7.086845992170419,50.0,Both,residential
2025-11-27 08:38:00,20,Charging Station 20,28.412711670057202,77.15549116085784,12,4,8,0.6666666666666667,4,410.1625347300738,102.54063368251845,59.5,Both,residential
2025-11-27 11:45:00,20,Charging Station 20,28.412711670057202,77.15549116085784,12,3,9,0.75,1,26.245207056327864,6.561301764081966,73.0,Both,residential
2025-11-28 17:11:00,20,Charging Station 20,28.412711670057202,77.15549116085784,12,2,10,0.8333333333333334,2,52.085308084316,13.021327021079,143.0,Both,residential
2025-11-28 19:20:00,20,Charging Station 20,28.412711670057202,77.15549116085784,12,2,10,0.8333333333333334,0,0.0,0.0,27.0,Both,residential
2025-11-29 21:47:00,20,Charging Station 20,28.412711670057202,77.15549116085784,12,7,5,0.41666666666666663,1,101.92557592810437,25.48139398202609,116.0,Both,residential
2025-12-04 20:28:00,20,Charging Station 20,28.412711670057202,77.15549116085784,12,3,9,0.75,1,181.78744454870426,45.446861137176064,118.0,Both,residential
2025-12-06 04:19:00,20,Charging Station 20,28.412711670057202,77.15549116085784,12,11,1,0.08333333333333337,2,308.7318630838894,77.18296577097234,96.5,Both,residential
2025-12-07 20:45:00,20,Charging Station 20,28.412711670057202,77.15549116085784,12,6,6,0.5,0,0.0,0.0,113.0,Both,residential
2025-12-08 01:55:00,20,Charging Station 20,28.412711670057202,77.15549116085784,12,11,1,0.08333333333333337,0,0.0,0.0,119.0,Both,residential
2025-12-09 15:12:00,20,Charging Station 20,28.412711670057202,77.15549116085784,12,4,8,0.6666666666666667,1,46.77879173538798,11.694697933846996,70.0,Both,residential
2025-12-12 14:35:00,20,Charging Station 20,28.412711670057202,77.15549116085784,12,4,8,0.6666666666666667,2,53.21343825538678,13.303359563846694,103.5,Both,residential
2025-12-17 19:34:00,20,Charging Station 20,28.412711670057202,77.15549116085784,12,2,10,0.8333333333333334,0,0.0,0.0,15.0,Both,residential
2025-12-18 09:51:00,20,Charging Station 20,28.412711670057202,77.15549116085784,12,2,10,0.8333333333333334,0,0.0,0.0,59.0,Both,residential
2025-12-18 15:19:00,20,Charging Station 20,28.412711670057202,77.15549116085784,12,3,9,0.75,0,0.0,0.0,17.0,Both,residential
2025-12-19 06:56:00,20,Charging Station 20,28.412711670057202,77.15549116085784,12,9,3,0.25,1,74.30788722989493,18.576971807473733,89.0,Both,residential
2025-12-21 15:52:00,20,Charging Station 20,28.412711670057202,77.15549116085784,12,6,6,0.5,0,0.0,0.0,46.0,Both,residential
2025-12-23 07:39:00,20,Charging Station 20,28.412711670057202,77.15549116085784,12,6,6,0.5,1,10.778875148630267,2.6947187871575666,80.0,Both,residential
2025-12-23 19:32:00,20,Charging Station 20,28.412711670057202,77.15549116085784,12,2,10,0.8333333333333334,0,0.0,0.0,25.0,Both,residential
2025-12-24 17:56:00,20,Charging Station 20,28.412711670057202,77.15549116085784,12,3,9,0.75,0,0.0,0.0,26.0,Both,residential
2025-12-26 20:28:00,20,Charging Station 20,28.412711670057202,77.15549116085784,12,4,8,0.6666666666666667,1,48.172176556482256,12.043044139120564,89.0,Both,residential
2025-12-28 12:13:00,20,Charging Station 20,28.412711670057202,77.15549116085784,12,6,6,0.5,1,53.49882699480728,13.37470674870182,21.0,Both,residential
2025-12-28 20:04:00,20,Charging Station 20,28.412711670057202,77.15549116085784,12,6,6,0.5,0,0.0,0.0,91.0,Both,residential
2025-01-01 14:04:00,21,Charging Station 21,28.527511494271042,77.44360637128817,4,2,2,0.5,0,0.0,0.0,73.0,Both,commercial
2025-01-01 19:41:00,21,Charging Station 21,28.527511494271042,77.44360637128817,4,1,3,0.75,0,0.0,0.0,167.0,Both,commercial
2025-01-06 10:57:00,21,Charging Station 21,28.527511494271042,77.44360637128817,4,1,3,0.75,0,0.0,0.0,108.0,Both,commercial
2025-01-06 22:19:00,21,Charging Station 21,28.527511494271042,77.44360637128817,4,2,2,0.5,1,39.64241682360839,9.910604205902098,17.0,Both,commercial
2025-01-07 03:16:00,21,Charging Station 21,28.527511494271042,77.44360637128817,4,4,0,0.0,0,0.0,0.0,112.0,Both,commercial
2025-01-13 10:14:00,21,Charging Station 21,28.527511494271042,77.44360637128817,4,1,3,0.75,0,0.0,0.0,89.0,Both,commercial
2025-01-13 17:03:00,21,Charging Station 21,28.527511494271042,77.44360637128817,4,1,3,0.75,0,0.0,0.0,91.0,Both,commercial
2025-01-13 20:15:00,21,Charging Station 21,28.527511494271042,77.44360637128817,4,1,3,0.75,0,0.0,0.0,113.0,Both,commercial
2025-01-15 00:10:00,21,Charging Station 21,28.527511494271042,77.44360637128817,4,3,1,0.25,1,13.072378994534894,3.2680947486337235,105.0,Both,commercial
2025-01-16 07:46:00,21,Charging Station 21,28.527511494271042,77.44360637128817,4,2,2,0.5,1,78.38595164880877,19.596487912202193,82.0,Both,commercial
2025-01-17 00:11:00,21,Charging Station 21,28.527511494271042,77.44360637128817,4,4,0,0.0,0,0.0,0.0,104.0,Both,commercial
2025-01-17 01:45:00,21,Charging Station 21,28.527511494271042,77.44360637128817,4,4,0,0.0,1,16.656203513612866,4.164050878403216,39.0,Both,commercial
2025-01-17 22:10:00,21,Charging Station 21,28.527511494271042,77.44360637128817,4,3,1,0.25,0,0.0,0.0,35.0,Both,commercial
2025-01-18 11:15:00,21,Charging Station 21,28.527511494271042,77.44360637128817,4,2,2,0.5,1,98.44078283508223,24.610195708770558,56.0,Both,commercial
2025-01-20 19:03:00,21,Charging Station 21,28.527511494271042,77.44360637128817,4,1,3,0.75,0,0.0,0.0,90.0,Both,commercial
2025-01-21 12:36:00,21,Charging Station 21,28.527511494271042,77.44360637128817,4,1,3,0.75,1,17.064042379689237,4.266010594922309,25.0,Both,commercial
2025-01-22 20:05:00,21,Charging Station 21,28.527511494271042,77.44360637128817,4,1,3,0.75,0,0.0,0.0,119.0,Both,commercial
2025-01-25 08:04:00,21,Charging Station 21,28.527511494271042,77.44360637128817,4,2,2,0.5,2,115.64879661965693,28.912199154914234,47.5,Both,commercial
2025-01-29 15:07:00,21,Charging Station 21,28.527511494271042,77.44360637128817,4,1,3,0.75,2,199.34386833982785,49.83596708495696,79.0,Both,commercial
2025-01-31 13:33:00,21,Charging Station 21,28.527511494271042,77.44360637128817,4,2,2,0.5,0,0.0,0.0,67.0,Both,commercial
2025-02-02 19:27:00,21,Charging Station 21,28.527511494271042,77.44360637128817,4,2,2,0.5,0,0.0,0.0,88.0,Both,commercial
2025-02-03 23:36:00,21,Charging Station 21,28.527511494271042,77.44360637128817,4,3,1,0.25,0,0.0,0.0,70.0,Both,commercial
2025-02-05 19:38:00,21,Charging Station 21,28.527511494271042,77.44360637128817,4,1,3,0.75,0,0.0,0.0,27.0,Both,commercial
2025-02-09 02:20:00,21,Charging Station 21,28.527511494271042,77.44360637128817,4,4,0,0.0,0,0.0,0.0,73.0,Both,commercial
2025-02-09 15:54:00,21,Charging Station 21,28.527511494271042,77.44360637128817,4,2,2,0.5,0,0.0,0.0,111.0,Both,commercial
2025-02-13 00:27:00,21,Charging Station 21,28.527511494271042,77.44360637128817,4,4,0,0.0,1,23.32604460487279,5.831511151218198,75.0,Both,commercial
2025-02-17 17:16:00,21,Charging Station 21,28.527511494271042,77.44360637128817,4,0,4,1.0,0,0.0,0.0,62.0,Both,commercial
2025-02-20 18:00:00,21,Charging Station 21,28.527511494271042,77.44360637128817,4,1,3,0.75,3,80.30889563131191,20.077223907827978,96.33333333333333,Both,commercial
2025-02-21 01:00:00,21,Charging Station 21,28.527511494271042,77.44360637128817,4,3,1,0.25,0,0.0,0.0,63.0,Both,commercial
2025-02-22 15:45:00,21,Charging Station 21,28.527511494271042,77.44360637128817,4,2,2,0.5,0,0.0,0.0,71.0,Both,commercial
2025-02-25 09:04:00,21,Charging Station 21,28.527511494271042,77.44360637128817,4,1,3,0.75,0,0.0,0.0,140.0,Both,commercial
2025-03-03 18:00:00,21,Charging Station 21,28.527511494271042,77.44360637128817,4,0,4,1.0,1,327.93851266778904,81.98462816694726,283.0,Both,commercial
2025-03-04 18:40:00,21,Charging Station 21,28.527511494271042,77.44360637128817,4,0,4,1.0,2,86.73288544393522,21.683221360983804,71.5,Both,commercial
2025-03-04 22:22:00,21,Charging Station 21,28.527511494271042,77.44360637128817,4,2,2,0.5,0,0.0,0.0,57.0,Both,commercial
2025-03-05 22:47:00,21,Charging Station 21,28.527511494271042,77.44360637128817,4,2,2,0.5,1,26.55329335431842,6.638323338579605,32.0,Both,commercial
2025-03-07 09:51:00,21,Charging Station 21,28.527511494271042,77.44360637128817,4,1,3,0.75,1,122.42271535035209,30.605678837588023,74.0,Both,commercial
2025-03-09 14:49:00,21,Charging Station 21,28.527511494271042,77.44360637128817,4,2,2,0.5,1,150.8018401174221,37.700460029355526,95.0,Both,commercial
2025-03-10 10:56:00,21,Charging Station 21,28.527511494271042,77.44360637128817,4,0,4,1.0,0,0.0,0.0,273.0,Both,commercial
2025-03-10 13:40:00,21,Charging Station 21,28.527511494271042,77.44360637128817,4,2,2,0.5,0,0.0,0.0,298.0,Both,commercial
2025-03-15 14:00:00,21,Charging Station 21,28.527511494271042,77.44360637128817,4,2,2,0.5,0,0.0,0.0,21.0,Both,commercial
2025-03-17 02:55:00,21,Charging Station 21,28.527511494271042,77.44360637128817,4,4,0,0.0,1,238.83066326261218,59.707665815653044,109.0,Both,commercial
2025-03-19 03:11:00,21,Charging Station 21,28.527511494271042,77.44360637128817,4,4,0,0.0,2,42.534980418745135,10.633745104686284,61.5,Both,commercial
2025-03-21 00:30:00,21,Charging Station 21,28.527511494271042,77.44360637128817,4,4,0,0.0,0,0.0,0.0,107.0,Both,commercial
2025-03-25 20:03:00,21,Charging Station 21,28.527511494271042,77.44360637128817,4,1,3,0.75,0,0.0,0.0,25.0,Both,commercial
2025-03-31 05:39:00,21,Charging Station 21,28.527511494271042,77.44360637128817,4,4,0,0.0,0,0.0,0.0,96.0,Both,commercial
2025-03-31 21:27:00,21,Charging Station 21,28.527511494271042,77.44360637128817,4,2,2,0.5,2,144.69591735199563,36.17397933799891,46.0,Both,commercial
2025-04-03 16:20:00,21,Charging Station 21,28.527511494271042,77.44360637128817,4,1,3,0.75,0,0.0,0.0,69.0,Both,commercial
2025-04-04 19:18:00,21,Charging Station 21,28.527511494271042,77.44360637128817,4,0,4,1.0,1,35.881156894605,8.97028922365125,161.0,Both,commercial
2025-04-04 23:05:00,21,Charging Station 21,28.527511494271042,77.44360637128817,4,3,1,0.25,0,0.0,0.0,23.0,Both,commercial
2025-04-05 00:24:00,21,Charging Station 21,28.527511494271042,77.44360637128817,4,3,1,0.25,0,0.0,0.0,108.0,Both,commercial
2025-04-07 09:57:00,21,Charging Station 21,28.527511494271042,77.44360637128817,4,1,3,0.75,0,0.0,0.0,257.0,Both,commercial
2025-04-07 17:24:00,21,Charging Station 21,28.527511494271042,77.44360637128817,4,1,3,0.75,1,73.0588774348606,18.26471935871515,104.0,Both,commercial
2025-04-13 09:09:00,21,Charging Station 21,28.527511494271042,77.44360637128817,4,2,2,0.5,1,85.44588085677438,21.361470214193595,99.0,Both,commercial
2025-04-13 11:49:00,21,Charging Station 21,28.527511494271042,77.44360637128817,4,2,2,0.5,0,0.0,0.0,66.0,Both,commercial
2025-04-15 23:56:00,21,Charging Station 21,28.527511494271042,77.44360637128817,4,3,1,0.25,0,0.0,0.0,116.0,Both,commercial
2025-04-18 10:36:00,21,Charging Station 21,28.527511494271042,77.44360637128817,4,0,4,1.0,0,0.0,0.0,195.0,Both,commercial
2025-04-23 07:33:00,21,Charging Station 21,28.527511494271042,77.44360637128817,4,3,1,0.25,0,0.0,0.0,59.0,Both,commercial
2025-04-25 03:59:00,21,Charging Station 21,28.527511494271042,77.44360637128817,4,4,0,0.0,0,0.0,0.0,45.0,Both,commercial
2025-04-25 06:47:00,21,Charging Station 21,28.527511494271042,77.44360637128817,4,3,1,0.25,1,142.04105610683473,35.51026402670868,41.0,Both,commercial
2025-04-25 14:11:00,21,Charging Station 21,28.527511494271042,77.44360637128817,4,1,3,0.75,0,0.0,0.0,78.0,Both,commercial
2025-04-26 09:23:00,21,Charging Station 21,28.527511494271042,77.44360637128817,4,2,2,0.5,1,303.08776921008774,75.77194230252194,53.0,Both,commercial
2025-04-26 11:29:00,21,Charging Station 21,28.527511494271042,77.44360637128817,4,2,2,0.5,0,0.0,0.0,18.0,Both,commercial
2025-04-26 18:03:00,21,Charging Station 21,28.527511494271042,77.44360637128817,4,1,3,0.75,6,566.9155602354429,141.7288900588607,81.33333333333333,Both,commercial
2025-04-26 18:10:00,21,Charging Station 21,28.527511494271042,77.44360637128817,4,2,2,0.5,3,80.93432817721663,20.233582044304157,32.0,Both,commercial
2025-04-29 04:29:00,21,Charging Station 21,28.527511494271042,77.44360637128817,4,4,0,0.0,0,0.0,0.0,25.0,Both,commercial
2025-05-01 19:04:00,21,Charging Station 21,28.527511494271042,77.44360637128817,4,1,3,0.75,2,32.17792575280845,8.044481438202112,110.0,Both,commercial
2025-05-02 17:28:00,21,Charging Station 21,28.527511494271042,77.44360637128817,4,1,3,0.75,0,0.0,0.0,128.0,Both,commercial
2025-05-03 19:40:00,21,Charging Station 21,28.527511494271042,77.44360637128817,4,2,2,0.5,2,107.46034236324347,26.865085590810867,53.5,Both,commercial
2025-05-04 06:56:00,21,Charging Station 21,28.527511494271042,77.44360637128817,4,4,0,0.0,1,33.421678958312285,8.355419739578071,100.0,Both,commercial
2025-05-04 16:11:00,21,Charging Station 21,28.527511494271042,77.44360637128817,4,2,2,0.5,1,122.13454079601506,30.533635199003765,19.0,Both,commercial
2025-05-04 22:38:00,21,Charging Station 21,28.527511494271042,77.44360637128817,4,3,1,0.25,0,0.0,0.0,62.0,Both,commercial
2025-05-07 04:31:00,21,Charging Station 21,28.527511494271042,77.44360637128817,4,4,0,0.0,1,21.093562621309015,5.273390655327254,140.0,Both,commercial
2025-05-09 16:19:00,21,Charging Station 21,28.527511494271042,77.44360637128817,4,0,4,1.0,3,210.9645211867542,52.74113029668855,92.0,Both,commercial
2025-05-13 18:50:00,21,Charging Station 21,28.527511494271042,77.44360637128817,4,0,4,1.0,1,22.636501965944934,5.6591254914862335,112.0,Both,commercial
2025-05-15 08:02:00,21,Charging Station 21,28.527511494271042,77.44360637128817,4,1,3,0.75,1,67.63457543968917,16.908643859922293,53.0,Both,commercial
2025-05-16 22:43:00,21,Charging Station 21,28.527511494271042,77.44360637128817,4,3,1,0.25,0,0.0,0.0,279.0,Both,commercial
2025-05-17 04:46:00,21,Charging Station 21,28.527511494271042,77.44360637128817,4,3,1,0.25,0,0.0,0.0,24.0,Both,commercial
2025-05-18 03:45:00,21,Charging Station 21,28.527511494271042,77.44360637128817,4,4,0,0.0,0,0.0,0.0,67.0,Both,commercial
2025-05-18 06:50:00,21,Charging Station 21,28.527511494271042,77.44360637128817,4,3,1,0.25,0,0.0,0.0,101.0,Both,commercial
2025-05-19 13:32:00,21,Charging Station 21,28.527511494271042,77.44360637128817,4,2,2,0.5,1,58.96034102878639,14.740085257196597,71.0,Both,commercial
2025-05-21 02:30:00,21,Charging Station 21,28.527511494271042,77.44360637128817,4,4,0,0.0,1,101.01958441434223,25.25489610358556,16.0,Both,commercial
2025-05-22 01:38:00,21,Charging Station 21,28.527511494271042,77.44360637128817,4,4,0,0.0,0,0.0,0.0,119.0,Both,commercial
2025-05-24 01:50:00,21,Charging Station 21,28.527511494271042,77.44360637128817,4,4,0,0.0,0,0.0,0.0,82.0,Both,commercial
2025-05-26 18:22:00,21,Charging Station 21,28.527511494271042,77.44360637128817,4,1,3,0.75,4,107.69429834517419,26.923574586293547,115.5,Both,commercial
2025-05-27 20:29:00,21,Charging Station 21,28.527511494271042,77.44360637128817,4,1,3,0.75,1,324.7132971904532,81.1783242976133,74.0,Both,commercial
2025-05-28 17:04:00,21,Charging Station 21,28.527511494271042,77.44360637128817,4,1,3,0.75,0,0.0,0.0,110.0,Both,commercial
2025-05-29 18:45:00,21,Charging Station 21,28.527511494271042,77.44360637128817,4,1,3,0.75,5,198.0673823090648,49.5168455772662,66.8,Both,commercial
2025-05-30 16:08:00,21,Charging Station 21,28.527511494271042,77.44360637128817,4,1,3,0.75,0,0.0,0.0,55.0,Both,commercial
2025-06-01 13:55:00,21,Charging Station 21,28.527511494271042,77.44360637128817,4,2,2,0.5,0,0.0,0.0,111.0,Both,commercial
2025-06-02 03:33:00,21,Charging Station 21,28.527511494271042,77.44360637128817,4,4,0,0.0,0,0.0,0.0,108.0,Both,commercial
2025-06-03 21:46:00,21,Charging Station 21,28.527511494271042,77.44360637128817,4,2,2,0.5,1,14.906917417499136,3.726729354374784,69.0,Both,commercial
2025-06-03 23:38:00,21,Charging Station 21,28.527511494271042,77.44360637128817,4,3,1,0.25,1,35.16522547158395,8.791306367895988,51.0,Both,commercial
2025-06-11 12:16:00,21,Charging Station 21,28.527511494271042,77.44360637128817,4,1,3,0.75,0,0.0,0.0,218.0,Both,commercial
2025-06-12 10:06:00,21,Charging Station 21,28.527511494271042,77.44360637128817,4,0,4,1.0,0,0.0,0.0,150.0,Both,commercial
2025-06-16 02:04:00,21,Charging Station 21,28.527511494271042,77.44360637128817,4,4,0,0.0,0,0.0,0.0,89.0,Both,commercial
2025-06-18 02:37:00,21,Charging Station 21,28.527511494271042,77.44360637128817,4,4,0,0.0,0,0.0,0.0,66.0,Both,commercial
2025-06-20 22:25:00,21,Charging Station 21,28.527511494271042,77.44360637128817,4,2,2,0.5,1,276.8605475381891,69.21513688454728,91.0,Both,commercial
2025-06-22 17:30:00,21,Charging Station 21,28.527511494271042,77.44360637128817,4,2,2,0.5,0,0.0,0.0,87.0,Both,commercial
2025-06-23 12:38:00,21,Charging Station 21,28.527511494271042,77.44360637128817,4,1,3,0.75,1,24.80663766906894,6.201659417267235,25.0,Both,commercial
2025-06-23 21:59:00,21,Charging Station 21,28.527511494271042,77.44360637128817,4,2,2,0.5,1,11.788589416273627,2.9471473540684068,25.0,Both,commercial
2025-06-24 06:11:00,21,Charging Station 21,28.527511494271042,77.44360637128817,4,3,1,0.25,0,0.0,0.0,69.0,Both,commercial
2025-06-28 09:09:00,21,Charging Station 21,28.527511494271042,77.44360637128817,4,2,2,0.5,0,0.0,0.0,41.0,Both,commercial
2025-06-28 12:23:00,21,Charging Station 21,28.527511494271042,77.44360637128817,4,2,2,0.5,0,0.0,0.0,46.0,Both,commercial
2025-07-01 18:29:00,21,Charging Station 21,28.527511494271042,77.44360637128817,4,0,4,1.0,4,462.07090488588386,115.51772622147097,92.75,Both,commercial
2025-07-01 20:36:00,21,Charging Station 21,28.527511494271042,77.44360637128817,4,1,3,0.75,2,38.576165393358174,9.644041348339544,116.0,Both,commercial
2025-07-02 08:14:00,21,Charging Station 21,28.527511494271042,77.44360637128817,4,1,3,0.75,2,99.20967433405065,24.80241858351266,68.0,Both,commercial
2025-07-03 16:54:00,21,Charging Station 21,28.527511494271042,77.44360637128817,4,1,3,0.75,0,0.0,0.0,92.0,Both,commercial
2025-07-03 17:47:00,21,Charging Station 21,28.527511494271042,77.44360637128817,4,0,4,1.0,2,43.22636295363252,10.80659073840813,31.0,Both,commercial
2025-07-05 02:04:00,21,Charging Station 21,28.527511494271042,77.44360637128817,4,4,0,0.0,1,51.1970933230002,12.79927333075005,165.0,Both,commercial
2025-07-05 04:13:00,21,Charging Station 21,28.527511494271042,77.44360637128817,4,4,0,0.0,1,60.60926977780081,15.152317444450203,113.0,Both,commercial
2025-07-12 05:34:00,21,Charging Station 21,28.527511494271042,77.44360637128817,4,4,0,0.0,1,121.31096150501901,30.327740376254752,40.0,Both,commercial
2025-07-12 06:58:00,21,Charging Station 21,28.527511494271042,77.44360637128817,4,3,1,0.25,1,20.693374485532683,5.173343621383171,89.0,Both,commercial
2025-07-13 04:58:00,21,Charging Station 21,28.527511494271042,77.44360637128817,4,4,0,0.0,0,0.0,0.0,85.0,Both,commercial
2025-07-13 08:37:00,21,Charging Station 21,28.527511494271042,77.44360637128817,4,2,2,0.5,2,97.56461483741161,24.391153709352903,64.0,Both,commercial
2025-07-22 13:03:00,21,Charging Station 21,28.527511494271042,77.44360637128817,4,2,2,0.5,1,15.843380027155519,3.9608450067888796,101.0,Both,commercial
2025-07-22 23:04:00,21,Charging Station 21,28.527511494271042,77.44360637128817,4,3,1,0.25,1,40.12555054702697,10.031387636756742,104.0,Both,commercial
2025-07-25 17:18:00,21,Charging Station 21,28.527511494271042,77.44360637128817,4,0,4,1.0,0,0.0,0.0,118.0,Both,commercial
2025-07-27 07:33:00,21,Charging Station 21,28.527511494271042,77.44360637128817,4,3,1,0.25,1,30.17100191512953,7.5427504787823825,47.0,Both,commercial
2025-07-27 11:01:00,21,Charging Station 21,28.527511494271042,77.44360637128817,4,2,2,0.5,0,0.0,0.0,171.0,Both,commercial
2025-07-30 16:43:00,21,Charging Station 21,28.527511494271042,77.44360637128817,4,1,3,0.75,0,0.0,0.0,74.0,Both,commercial
2025-07-31 01:48:00,21,Charging Station 21,28.527511494271042,77.44360637128817,4,4,0,0.0,1,97.977169752906,24.4942924382265,78.0,Both,commercial
2025-07-31 17:52:00,21,Charging Station 21,28.527511494271042,77.44360637128817,4,1,3,0.75,1,29.245264604648657,7.311316151162164,119.0,Both,commercial
2025-08-02 06:32:00,21,Charging Station 21,28.527511494271042,77.44360637128817,4,4,0,0.0,0,0.0,0.0,26.0,Both,commercial
2025-08-02 14:56:00,21,Charging Station 21,28.527511494271042,77.44360637128817,4,2,2,0.5,1,24.004822410600628,6.001205602650157,244.0,Both,commercial
2025-08-02 19:35:00,21,Charging Station 21,28.527511494271042,77.44360637128817,4,2,2,0.5,0,0.0,0.0,94.0,Both,commercial
2025-08-04 19:15:00,21,Charging Station 21,28.527511494271042,77.44360637128817,4,0,4,1.0,0,0.0,0.0,85.0,Both,commercial
2025-08-06 01:46:00,21,Charging Station 21,28.527511494271042,77.44360637128817,4,4,0,0.0,1,31.17979154121663,7.794947885304158,114.0,Both,commercial
2025-08-06 19:23:00,21,Charging Station 21,28.527511494271042,77.44360637128817,4,1,3,0.75,1,366.6734402345683,91.66836005864208,154.0,Both,commercial
2025-08-07 22:56:00,21,Charging Station 21,28.527511494271042,77.44360637128817,4,2,2,0.5,0,0.0,0.0,84.0,Both,commercial
2025-08-08 07:42:00,21,Charging Station 21,28.527511494271042,77.44360637128817,4,2,2,0.5,1,56.44347664301229,14.110869160753072,18.0,Both,commercial
2025-08-10 06:20:00,21,Charging Station 21,28.527511494271042,77.44360637128817,4,4,0,0.0,0,0.0,0.0,107.0,Both,commercial
2025-08-11 11:13:00,21,Charging Station 21,28.527511494271042,77.44360637128817,4,1,3,0.75,0,0.0,0.0,59.0,Both,commercial
2025-08-12 13:46:00,21,Charging Station 21,28.527511494271042,77.44360637128817,4,1,3,0.75,1,11.885987925575387,2.9714969813938468,80.0,Both,commercial
2025-08-13 14:45:00,21,Charging Station 21,28.527511494271042,77.44360637128817,4,1,3,0.75,0,0.0,0.0,22.0,Both,commercial
2025-08-14 15:28:00,21,Charging Station 21,28.527511494271042,77.44360637128817,4,1,3,0.75,1,35.81221411528936,8.95305352882234,78.0,Both,commercial
2025-08-15 08:10:00,21,Charging Station 21,28.527511494271042,77.44360637128817,4,1,3,0.75,0,0.0,0.0,65.0,Both,commercial
2025-08-20 16:29:00,21,Charging Station 21,28.527511494271042,77.44360637128817,4,1,3,0.75,0,0.0,0.0,100.0,Both,commercial
2025-08-22 02:27:00,21,Charging Station 21,28.527511494271042,77.44360637128817,4,4,0,0.0,0,0.0,0.0,36.0,Both,commercial
2025-08-22 05:59:00,21,Charging Station 21,28.527511494271042,77.44360637128817,4,3,1,0.25,2,185.77212106669987,46.44303026667497,61.5,Both,commercial
2025-08-25 05:05:00,21,Charging Station 21,28.527511494271042,77.44360637128817,4,4,0,0.0,1,96.46515658835361,24.116289147088402,44.0,Both,commercial
2025-08-25 18:30:00,21,Charging Station 21,28.527511494271042,77.44360637128817,4,0,4,1.0,4,214.2172087781688,53.5543021945422,85.25,Both,commercial
2025-08-31 22:49:00,21,Charging Station 21,28.527511494271042,77.44360637128817,4,3,1,0.25,0,0.0,0.0,85.0,Both,commercial
2025-09-02 12:59:00,21,Charging Station 21,28.527511494271042,77.44360637128817,4,1,3,0.75,0,0.0,0.0,44.0,Both,commercial
2025-09-03 12:30:00,21,Charging Station 21,28.527511494271042,77.44360637128817,4,2,2,0.5,0,0.0,0.0,89.0,Both,commercial
2025-09-04 19:37:00,21,Charging Station 21,28.527511494271042,77.44360637128817,4,0,4,1.0,0,0.0,0.0,22.0,Both,commercial
2025-09-06 03:09:00,21,Charging Station 21,28.527511494271042,77.44360637128817,4,4,0,0.0,0,0.0,0.0,18.0,Both,commercial
2025-09-11 14:20:00,21,Charging Station 21,28.527511494271042,77.44360637128817,4,1,3,0.75,1,74.71106176773857,18.677765441934643,59.0,Both,commercial
2025-09-15 02:27:00,21,Charging Station 21,28.527511494271042,77.44360637128817,4,4,0,0.0,0,0.0,0.0,102.0,Both,commercial
2025-09-19 08:01:00,21,Charging Station 21,28.527511494271042,77.44360637128817,4,1,3,0.75,2,94.77150666855272,23.69287666713818,39.0,Both,commercial
2025-09-21 09:47:00,21,Charging Station 21,28.527511494271042,77.44360637128817,4,2,2,0.5,0,0.0,0.0,107.0,Both,commercial
2025-09-23 02:12:00,21,Charging Station 21,28.527511494271042,77.44360637128817,4,4,0,0.0,0,0.0,0.0,64.0,Both,commercial
2025-09-24 16:40:00,21,Charging Station 21,28.527511494271042,77.44360637128817,4,1,3,0.75,0,0.0,0.0,109.0,Both,commercial
2025-09-25 17:44:00,21,Charging Station 21,28.527511494271042,77.44360637128817,4,1,3,0.75,0,0.0,0.0,96.0,Both,commercial
2025-09-27 00:22:00,21,Charging Station 21,28.527511494271042,77.44360637128817,4,3,1,0.25,0,0.0,0.0,93.0,Both,commercial
2025-09-28 09:33:00,21,Charging Station 21,28.527511494271042,77.44360637128817,4,2,2,0.5,1,45.9727046162633,11.493176154065825,105.0,Both,commercial
2025-09-29 10:33:00,21,Charging Station 21,28.527511494271042,77.44360637128817,4,1,3,0.75,1,110.56329595801648,27.64082398950412,138.0,Both,commercial
2025-09-30 23:02:00,21,Charging Station 21,28.527511494271042,77.44360637128817,4,3,1,0.25,1,17.199639013066825,4.299909753266706,69.0,Both,commercial
2025-10-04 23:18:00,21,Charging Station 21,28.527511494271042,77.44360637128817,4,3,1,0.25,1,32.94427531330114,8.236068828325285,37.0,Both,commercial
2025-10-06 15:07:00,21,Charging Station 21,28.527511494271042,77.44360637128817,4,1,3,0.75,1,31.131718890900363,7.782929722725091,67.0,Both,commercial
2025-10-08 08:59:00,21,Charging Station 21,28.527511494271042,77.44360637128817,4,1,3,0.75,2,54.04874256941052,13.51218564235263,67.5,Both,commercial
2025-10-09 17:56:00,21,Charging Station 21,28.527511494271042,77.44360637128817,4,0,4,1.0,1,63.22367186068544,15.80591796517136,19.0,Both,commercial
2025-10-11 05:27:00,21,Charging Station 21,28.527511494271042,77.44360637128817,4,3,1,0.25,0,0.0,0.0,99.0,Both,commercial
2025-10-12 11:49:00,21,Charging Station 21,28.527511494271042,77.44360637128817,4,2,2,0.5,0,0.0,0.0,156.0,Both,commercial
2025-10-21 22:58:00,21,Charging Station 21,28.527511494271042,77.44360637128817,4,2,2,0.5,2,43.4642271690422,10.86605679226055,74.5,Both,commercial
2025-10-25 07:13:00,21,Charging Station 21,28.527511494271042,77.44360637128817,4,3,1,0.25,1,67.53869572569751,16.884673931424377,51.0,Both,commercial
2025-10-26 02:23:00,21,Charging Station 21,28.527511494271042,77.44360637128817,4,4,0,0.0,0,0.0,0.0,101.0,Both,commercial
2025-10-26 20:37:00,21,Charging Station 21,28.527511494271042,77.44360637128817,4,2,2,0.5,0,0.0,0.0,82.0,Both,commercial
2025-10-29 07:45:00,21,Charging Station 21,28.527511494271042,77.44360637128817,4,2,2,0.5,1,44.09269393032964,11.02317348258241,148.0,Both,commercial
2025-10-29 07:58:00,21,Charging Station 21,28.527511494271042,77.44360637128817,4,2,2,0.5,0,0.0,0.0,49.0,Both,commercial
2025-10-30 15:42:00,21,Charging Station 21,28.527511494271042,77.44360637128817,4,1,3,0.75,1,105.47592253469826,26.368980633674564,34.0,Both,commercial
2025-10-31 22:28:00,21,Charging Station 21,28.527511494271042,77.44360637128817,4,2,2,0.5,0,0.0,0.0,54.0,Both,commercial
2025-11-03 16:13:00,21,Charging Station 21,28.527511494271042,77.44360637128817,4,1,3,0.75,2,262.66285163946156,65.66571290986539,45.0,Both,commercial
2025-11-09 21:29:00,21,Charging Station 21,28.527511494271042,77.44360637128817,4,2,2,0.5,0,0.0,0.0,57.0,Both,commercial
2025-11-10 17:40:00,21,Charging Station 21,28.527511494271042,77.44360637128817,4,1,3,0.75,0,0.0,0.0,56.0,Both,commercial
2025-11-11 15:25:00,21,Charging Station 21,28.527511494271042,77.44360637128817,4,1,3,0.75,1,52.51365772891038,13.128414432227595,86.0,Both,commercial
2025-11-14 16:20:00,21,Charging Station 21,28.527511494271042,77.44360637128817,4,1,3,0.75,1,74.42818948194807,18.607047370487017,104.0,Both,commercial
2025-11-26 03:20:00,21,Charging Station 21,28.527511494271042,77.44360637128817,4,4,0,0.0,1,31.92245141815493,7.980612854538733,200.0,Both,commercial
2025-11-26 04:38:00,21,Charging Station 21,28.527511494271042,77.44360637128817,4,4,0,0.0,0,0.0,0.0,50.0,Both,commercial
2025-11-26 11:29:00,21,Charging Station 21,28.527511494271042,77.44360637128817,4,1,3,0.75,0,0.0,0.0,41.0,Both,commercial
2025-11-28 15:02:00,21,Charging Station 21,28.527511494271042,77.44360637128817,4,1,3,0.75,0,0.0,0.0,97.0,Both,commercial
2025-12-03 19:34:00,21,Charging Station 21,28.527511494271042,77.44360637128817,4,1,3,0.75,2,48.09765226820451,12.024413067051128,82.5,Both,commercial
2025-12-03 20:27:00,21,Charging Station 21,28.527511494271042,77.44360637128817,4,1,3,0.75,1,15.782107292560822,3.9455268231402054,39.0,Both,commercial
2025-12-04 22:46:00,21,Charging Station 21,28.527511494271042,77.44360637128817,4,2,2,0.5,0,0.0,0.0,207.0,Both,commercial
2025-12-06 04:48:00,21,Charging Station 21,28.527511494271042,77.44360637128817,4,4,0,0.0,0,0.0,0.0,25.0,Both,commercial
2025-12-08 01:17:00,21,Charging Station 21,28.527511494271042,77.44360637128817,4,4,0,0.0,0,0.0,0.0,71.0,Both,commercial
2025-12-09 00:57:00,21,Charging Station 21,28.527511494271042,77.44360637128817,4,3,1,0.25,0,0.0,0.0,40.0,Both,commercial
2025-12-09 09:46:00,21,Charging Station 21,28.527511494271042,77.44360637128817,4,1,3,0.75,0,0.0,0.0,96.0,Both,commercial
2025-12-10 23:12:00,21,Charging Station 21,28.527511494271042,77.44360637128817,4,3,1,0.25,0,0.0,0.0,109.0,Both,commercial
2025-12-15 06:30:00,21,Charging Station 21,28.527511494271042,77.44360637128817,4,3,1,0.25,0,0.0,0.0,101.0,Both,commercial
2025-12-19 19:17:00,21,Charging Station 21,28.527511494271042,77.44360637128817,4,1,3,0.75,1,54.78198816629307,13.695497041573267,47.0,Both,commercial
2025-12-28 13:29:00,21,Charging Station 21,28.527511494271042,77.44360637128817,4,3,1,0.25,0,0.0,0.0,21.0,Both,commercial
2025-12-30 08:43:00,21,Charging Station 21,28.527511494271042,77.44360637128817,4,1,3,0.75,2,75.23567300418654,18.808918251046634,53.0,Both,commercial
2025-12-30 15:41:00,21,Charging Station 21,28.527511494271042,77.44360637128817,4,1,3,0.75,0,0.0,0.0,76.0,Both,commercial
2025-01-01 22:34:00,22,Charging Station 22,28.594342419077822,77.42445691213304,12,7,5,0.41666666666666663,1,73.87828146483304,18.46957036620826,80.0,DC,highway
2025-01-06 10:23:00,22,Charging Station 22,28.594342419077822,77.42445691213304,12,2,10,0.8333333333333334,1,50.23109808885056,12.55777452221264,42.0,DC,highway
2025-01-09 15:50:00,22,Charging Station 22,28.594342419077822,77.42445691213304,12,3,9,0.75,0,0.0,0.0,26.0,DC,highway
2025-01-12 04:41:00,22,Charging Station 22,28.594342419077822,77.42445691213304,12,12,0,0.0,0,0.0,0.0,20.0,DC,highway
2025-01-17 09:27:00,22,Charging Station 22,28.594342419077822,77.42445691213304,12,2,10,0.8333333333333334,1,34.50129676403455,8.625324191008637,87.0,DC,highway
2025-01-18 02:42:00,22,Charging Station 22,28.594342419077822,77.42445691213304,12,12,0,0.0,0,0.0,0.0,21.0,DC,highway
2025-01-18 17:13:00,22,Charging Station 22,28.594342419077822,77.42445691213304,12,5,7,0.5833333333333333,0,0.0,0.0,70.0,DC,highway
2025-01-21 04:26:00,22,Charging Station 22,28.594342419077822,77.42445691213304,12,11,1,0.08333333333333337,1,31.70957780156761,7.927394450391903,45.0,DC,highway
2025-01-21 16:03:00,22,Charging Station 22,28.594342419077822,77.42445691213304,12,3,9,0.75,0,0.0,0.0,249.0,DC,highway
2025-01-21 23:23:00,22,Charging Station 22,28.594342419077822,77.42445691213304,12,8,4,0.33333333333333337,1,67.5430203122153,16.885755078053826,41.0,DC,highway
2025-01-22 04:28:00,22,Charging Station 22,28.594342419077822,77.42445691213304,12,11,1,0.08333333333333337,0,0.0,0.0,111.0,DC,highway
2025-01-22 10:52:00,22,Charging Station 22,28.594342419077822,77.42445691213304,12,1,11,0.9166666666666666,0,0.0,0.0,17.0,DC,highway
2025-01-23 21:35:00,22,Charging Station 22,28.594342419077822,77.42445691213304,12,5,7,0.5833333333333333,1,22.82597542326926,5.706493855817315,20.0,DC,highway
2025-01-24 06:47:00,22,Charging Station 22,28.594342419077822,77.42445691213304,12,9,3,0.25,0,0.0,0.0,143.0,DC,highway
2025-01-28 22:33:00,22,Charging Station 22,28.594342419077822,77.42445691213304,12,8,4,0.33333333333333337,0,0.0,0.0,282.0,DC,highway
2025-01-30 10:46:00,22,Charging Station 22,28.594342419077822,77.42445691213304,12,1,11,0.9166666666666666,0,0.0,0.0,24.0,DC,highway
2025-01-31 04:43:00,22,Charging Station 22,28.594342419077822,77.42445691213304,12,11,1,0.08333333333333337,0,0.0,0.0,286.0,DC,highway
2025-01-31 06:11:00,22,Charging Station 22,28.594342419077822,77.42445691213304,12,9,3,0.25,0,0.0,0.0,60.0,DC,highway
2025-02-01 19:31:00,22,Charging Station 22,28.594342419077822,77.42445691213304,12,4,8,0.6666666666666667,0,0.0,0.0,84.0,DC,highway
2025-02-02 13:41:00,22,Charging Station 22,28.594342419077822,77.42445691213304,12,6,6,0.5,0,0.0,0.0,68.0,DC,highway
2025-02-04 17:59:00,22,Charging Station 22,28.594342419077822,77.42445691213304,12,2,10,0.8333333333333334,0,0.0,0.0,111.0,DC,highway
2025-02-06 07:03:00,22,Charging Station 22,28.594342419077822,77.42445691213304,12,7,5,0.41666666666666663,0,0.0,0.0,17.0,DC,highway
2025-02-06 21:26:00,22,Charging Station 22,28.594342419077822,77.42445691213304,12,6,6,0.5,1,14.894232295472293,3.723558073868073,72.0,DC,highway
2025-02-08 07:41:00,22,Charging Station 22,28.594342419077822,77.42445691213304,12,7,5,0.41666666666666663,1,16.706434165656855,4.176608541414214,67.0,DC,highway
2025-02-14 09:13:00,22,Charging Station 22,28.594342419077822,77.42445691213304,12,3,9,0.75,2,80.8157262875969,20.203931571899226,70.0,DC,highway
2025-02-15 05:20:00,22,Charging Station 22,28.594342419077822,77.42445691213304,12,11,1,0.08333333333333337,1,12.777440162105078,3.1943600405262695,60.0,DC,highway
2025-02-16 06:26:00,22,Charging Station 22,28.594342419077822,77.42445691213304,12,11,1,0.08333333333333337,0,0.0,0.0,106.0,DC,highway
2025-02-20 17:02:00,22,Charging Station 22,28.594342419077822,77.42445691213304,12,3,9,0.75,1,162.1223919901148,40.5305979975287,282.0,DC,highway
2025-02-22 04:38:00,22,Charging Station 22,28.594342419077822,77.42445691213304,12,11,1,0.08333333333333337,1,5.02184826646921,1.2554620666173024,98.0,DC,highway
2025-02-26 08:39:00,22,Charging Station 22,28.594342419077822,77.42445691213304,12,3,9,0.75,2,113.36015739224393,28.340039348060984,183.5,DC,highway
2025-03-05 00:04:00,22,Charging Station 22,28.594342419077822,77.42445691213304,12,10,2,0.16666666666666663,1,19.355141558403503,4.838785389600876,19.0,DC,highway
2025-03-05 08:05:00,22,Charging Station 22,28.594342419077822,77.42445691213304,12,3,9,0.75,3,109.13820899210285,27.28455224802571,90.33333333333333,DC,highway
2025-03-07 22:52:00,22,Charging Station 22,28.594342419077822,77.42445691213304,12,7,5,0.41666666666666663,1,110.59319543417958,27.648298858544894,178.0,DC,highway
2025-03-08 05:35:00,22,Charging Station 22,28.594342419077822,77.42445691213304,12,12,0,0.0,0,0.0,0.0,65.0,DC,highway
2025-03-09 12:52:00,22,Charging Station 22,28.594342419077822,77.42445691213304,12,6,6,0.5,0,0.0,0.0,19.0,DC,highway
2025-03-14 04:38:00,22,Charging Station 22,28.594342419077822,77.42445691213304,12,11,1,0.08333333333333337,2,92.93719682809183,23.234299207022957,52.5,DC,highway
2025-03-16 17:04:00,22,Charging Station 22,28.594342419077822,77.42445691213304,12,5,7,0.5833333333333333,0,0.0,0.0,96.0,DC,highway
2025-03-16 21:28:00,22,Charging Station 22,28.594342419077822,77.42445691213304,12,5,7,0.5833333333333333,0,0.0,0.0,59.0,DC,highway
2025-03-17 00:31:00,22,Charging Station 22,28.594342419077822,77.42445691213304,12,11,1,0.08333333333333337,0,0.0,0.0,16.0,DC,highway
2025-03-19 13:46:00,22,Charging Station 22,28.594342419077822,77.42445691213304,12,5,7,0.5833333333333333,0,0.0,0.0,109.0,DC,highway
2025-03-21 07:04:00,22,Charging Station 22,28.594342419077822,77.42445691213304,12,7,5,0.41666666666666663,0,0.0,0.0,69.0,DC,highway
2025-03-22 15:43:00,22,Charging Station 22,28.594342419077822,77.42445691213304,12,6,6,0.5,0,0.0,0.0,67.0,DC,highway
2025-03-23 19:02:00,22,Charging Station 22,28.594342419077822,77.42445691213304,12,6,6,0.5,1,52.97408979631728,13.24352244907932,61.0,DC,highway
2025-03-25 02:05:00,22,Charging Station 22,28.594342419077822,77.42445691213304,12,12,0,0.0,0,0.0,0.0,39.0,DC,highway
2025-03-28 01:18:00,22,Charging Station 22,28.594342419077822,77.42445691213304,12,12,0,0.0,1,145.6341470261365,36.408536756534126,113.0,DC,highway
2025-04-02 00:12:00,22,Charging Station 22,28.594342419077822,77.42445691213304,12,12,0,0.0,0,0.0,0.0,15.0,DC,highway
2025-04-02 12:29:00,22,Charging Station 22,28.594342419077822,77.42445691213304,12,4,8,0.6666666666666667,1,50.28978182049254,12.572445455123136,228.0,DC,highway
2025-04-06 01:09:00,22,Charging Station 22,28.594342419077822,77.42445691213304,12,12,0,0.0,0,0.0,0.0,113.0,DC,highway
2025-04-06 02:30:00,22,Charging Station 22,28.594342419077822,77.42445691213304,12,11,1,0.08333333333333337,1,31.397705062315726,7.8494262655789315,49.0,DC,highway
2025-04-08 01:43:00,22,Charging Station 22,28.594342419077822,77.42445691213304,12,11,1,0.08333333333333337,1,9.362843733209578,2.3407109333023945,107.0,DC,highway
2025-04-08 16:54:00,22,Charging Station 22,28.594342419077822,77.42445691213304,12,3,9,0.75,0,0.0,0.0,102.0,DC,highway
2025-04-11 04:40:00,22,Charging Station 22,28.594342419077822,77.42445691213304,12,12,0,0.0,1,130.84906551053587,32.712266377633966,99.0,DC,highway
2025-04-14 17:29:00,22,Charging Station 22,28.594342419077822,77.42445691213304,12,3,9,0.75,1,71.7698859189711,17.942471479742775,110.0,DC,highway
2025-04-14 19:34:00,22,Charging Station 22,28.594342419077822,77.42445691213304,12,3,9,0.75,0,0.0,0.0,272.0,DC,highway
2025-04-15 07:23:00,22,Charging Station 22,28.594342419077822,77.42445691213304,12,7,5,0.41666666666666663,1,290.488777247603,72.62219431190076,55.0,DC,highway
2025-04-18 05:32:00,22,Charging Station 22,28.594342419077822,77.42445691213304,12,11,1,0.08333333333333337,0,0.0,0.0,100.0,DC,highway
2025-04-21 13:12:00,22,Charging Station 22,28.594342419077822,77.42445691213304,12,5,7,0.5833333333333333,0,0.0,0.0,60.0,DC,highway
2025-04-22 00:34:00,22,Charging Station 22,28.594342419077822,77.42445691213304,12,11,1,0.08333333333333337,0,0.0,0.0,65.0,DC,highway
2025-04-23 14:36:00,22,Charging Station 22,28.594342419077822,77.42445691213304,12,6,6,0.5,0,0.0,0.0,43.0,DC,highway
2025-04-25 15:58:00,22,Charging Station 22,28.594342419077822,77.42445691213304,12,3,9,0.75,2,175.54410446951306,43.886026117378265,89.5,DC,highway
2025-04-26 20:08:00,22,Charging Station 22,28.594342419077822,77.42445691213304,12,6,6,0.5,0,0.0,0.0,102.0,DC,highway
2025-04-27 09:08:00,22,Charging Station 22,28.594342419077822,77.42445691213304,12,6,6,0.5,1,20.426730175032567,5.106682543758142,43.0,DC,highway
2025-04-27 10:37:00,22,Charging Station 22,28.594342419077822,77.42445691213304,12,5,7,0.5833333333333333,0,0.0,0.0,66.0,DC,highway
2025-04-27 15:46:00,22,Charging Station 22,28.594342419077822,77.42445691213304,12,7,5,0.41666666666666663,1,46.071879050770285,11.517969762692571,100.0,DC,highway
2025-04-27 18:58:00,22,Charging Station 22,28.594342419077822,77.42445691213304,12,5,7,0.5833333333333333,3,283.7977439497987,70.94943598744968,126.0,DC,highway
2025-04-28 13:13:00,22,Charging Station 22,28.594342419077822,77.42445691213304,12,4,8,0.6666666666666667,0,0.0,0.0,24.0,DC,highway
2025-04-28 17:52:00,22,Charging Station 22,28.594342419077822,77.42445691213304,12,1,11,0.9166666666666666,2,67.34665932534514,16.836664831336286,168.5,DC,highway
2025-05-01 08:49:00,22,Charging Station 22,28.594342419077822,77.42445691213304,12,4,8,0.6666666666666667,1,111.45051812967354,27.862629532418385,80.0,DC,highway
2025-05-01 15:25:00,22,Charging Station 22,28.594342419077822,77.42445691213304,12,3,9,0.75,0,0.0,0.0,50.0,DC,highway
2025-05-02 20:31:00,22,Charging Station 22,28.594342419077822,77.42445691213304,12,3,9,0.75,0,0.0,0.0,119.0,DC,highway
2025-05-03 20:17:00,22,Charging Station 22,28.594342419077822,77.42445691213304,12,5,7,0.5833333333333333,1,19.045714382953044,4.761428595738261,67.0,DC,highway
2025-05-05 03:23:00,22,Charging Station 22,28.594342419077822,77.42445691213304,12,12,0,0.0,1,11.692510509720762,2.9231276274301905,88.0,DC,highway
2025-05-08 00:32:00,22,Charging Station 22,28.594342419077822,77.42445691213304,12,10,2,0.16666666666666663,1,174.60373595705735,43.65093398926434,30.0,DC,highway
2025-05-08 21:06:00,22,Charging Station 22,28.594342419077822,77.42445691213304,12,5,7,0.5833333333333333,0,0.0,0.0,78.0,DC,highway
2025-05-11 09:49:00,22,Charging Station 22,28.594342419077822,77.42445691213304,12,5,7,0.5833333333333333,0,0.0,0.0,22.0,DC,highway
2025-05-13 21:42:00,22,Charging Station 22,28.594342419077822,77.42445691213304,12,5,7,0.5833333333333333,1,38.99189923937796,9.74797480984449,60.0,DC,highway
2025-05-14 07:15:00,22,Charging Station 22,28.594342419077822,77.42445691213304,12,7,5,0.41666666666666663,1,170.94674096777914,42.736685241944784,98.0,DC,highway
2025-05-15 16:40:00,22,Charging Station 22,28.594342419077822,77.42445691213304,12,3,9,0.75,0,0.0,0.0,81.0,DC,highway
2025-05-16 19:16:00,22,Charging Station 22,28.594342419077822,77.42445691213304,12,2,10,0.8333333333333334,1,56.72241892289737,14.180604730724342,118.0,DC,highway
2025-05-18 09:13:00,22,Charging Station 22,28.594342419077822,77.42445691213304,12,4,8,0.6666666666666667,1,29.846021190029823,7.461505297507456,71.0,DC,highway
2025-05-20 05:45:00,22,Charging Station 22,28.594342419077822,77.42445691213304,12,12,0,0.0,0,0.0,0.0,196.0,DC,highway
2025-05-20 06:01:00,22,Charging Station 22,28.594342419077822,77.42445691213304,12,10,2,0.16666666666666663,1,22.80457415295243,5.7011435382381075,99.0,DC,highway
2025-05-20 13:08:00,22,Charging Station 22,28.594342419077822,77.42445691213304,12,5,7,0.5833333333333333,2,78.17275892642695,19.543189731606738,173.0,DC,highway
2025-05-21 10:20:00,22,Charging Station 22,28.594342419077822,77.42445691213304,12,2,10,0.8333333333333334,0,0.0,0.0,111.0,DC,highway
2025-05-29 06:31:00,22,Charging Station 22,28.594342419077822,77.42445691213304,12,9,3,0.25,0,0.0,0.0,64.0,DC,highway
2025-06-04 16:43:00,22,Charging Station 22,28.594342419077822,77.42445691213304,12,4,8,0.6666666666666667,0,0.0,0.0,52.0,DC,highway
2025-06-05 03:58:00,22,Charging Station 22,28.594342419077822,77.42445691213304,12,12,0,0.0,1,8.419767807543248,2.104941951885812,84.0,DC,highway
2025-06-11 02:28:00,22,Charging Station 22,28.594342419077822,77.42445691213304,12,12,0,0.0,0,0.0,0.0,48.0,DC,highway
2025-06-13 08:34:00,22,Charging Station 22,28.594342419077822,77.42445691213304,12,4,8,0.6666666666666667,2,124.45239525319741,31.113098813299352,98.5,DC,highway
2025-06-18 09:02:00,22,Charging Station 22,28.594342419077822,77.42445691213304,12,2,10,0.8333333333333334,0,0.0,0.0,62.0,DC,highway
2025-06-24 16:11:00,22,Charging Station 22,28.594342419077822,77.42445691213304,12,4,8,0.6666666666666667,1,70.24880719274209,17.562201798185523,73.0,DC,highway
2025-06-26 07:07:00,22,Charging Station 22,28.594342419077822,77.42445691213304,12,7,5,0.41666666666666663,0,0.0,0.0,213.0,DC,highway
2025-06-26 08:09:00,22,Charging Station 22,28.594342419077822,77.42445691213304,12,4,8,0.6666666666666667,3,150.21073784867033,37.55268446216758,70.0,DC,highway
2025-07-02 18:08:00,22,Charging Station 22,28.594342419077822,77.42445691213304,12,1,11,0.9166666666666666,1,23.163382811791053,5.790845702947763,109.0,DC,highway
2025-07-12 19:37:00,22,Charging Station 22,28.594342419077822,77.42445691213304,12,5,7,0.5833333333333333,0,0.0,0.0,115.0,DC,highway
2025-07-14 22:43:00,22,Charging Station 22,28.594342419077822,77.42445691213304,12,7,5,0.41666666666666663,1,12.656697483981157,3.164174370995289,68.0,DC,highway
2025-07-15 21:21:00,22,Charging Station 22,28.594342419077822,77.42445691213304,12,5,7,0.5833333333333333,0,0.0,0.0,27.0,DC,highway
2025-07-16 19:10:00,22,Charging Station 22,28.594342419077822,77.42445691213304,12,2,10,0.8333333333333334,1,338.107205373085,84.52680134327125,63.0,DC,highway
2025-07-17 12:43:00,22,Charging Station 22,28.594342419077822,77.42445691213304,12,4,8,0.6666666666666667,1,14.232419487332965,3.5581048718332413,46.0,DC,highway
2025-07-18 14:51:00,22,Charging Station 22,28.594342419077822,77.42445691213304,12,4,8,0.6666666666666667,0,0.0,0.0,75.0,DC,highway
2025-07-23 01:47:00,22,Charging Station 22,28.594342419077822,77.42445691213304,12,10,2,0.16666666666666663,0,0.0,0.0,238.0,DC,highway
2025-07-23 21:20:00,22,Charging Station 22,28.594342419077822,77.42445691213304,12,4,8,0.6666666666666667,0,0.0,0.0,68.0,DC,highway
2025-07-24 19:34:00,22,Charging Station 22,28.594342419077822,77.42445691213304,12,1,11,0.9166666666666666,0,0.0,0.0,78.0,DC,highway
2025-07-25 05:14:00,22,Charging Station 22,28.594342419077822,77.42445691213304,12,11,1,0.08333333333333337,0,0.0,0.0,29.0,DC,highway
2025-07-25 19:54:00,22,Charging Station 22,28.594342419077822,77.42445691213304,12,2,10,0.8333333333333334,0,0.0,0.0,96.0,DC,highway
2025-07-26 14:43:00,22,Charging Station 22,28.594342419077822,77.42445691213304,12,8,4,0.33333333333333337,0,0.0,0.0,84.0,DC,highway
2025-07-27 08:47:00,22,Charging Station 22,28.594342419077822,77.42445691213304,12,7,5,0.41666666666666663,2,102.65101036281362,25.662752590703406,74.0,DC,highway
2025-07-27 14:26:00,22,Charging Station 22,28.594342419077822,77.42445691213304,12,7,5,0.41666666666666663,2,229.09947584096585,57.27486896024146,39.5,DC,highway
2025-07-29 22:34:00,22,Charging Station 22,28.594342419077822,77.42445691213304,12,7,5,0.41666666666666663,0,0.0,0.0,65.0,DC,highway
2025-07-30 17:59:00,22,Charging Station 22,28.594342419077822,77.42445691213304,12,1,11,0.9166666666666666,0,0.0,0.0,294.0,DC,highway
2025-07-31 14:48:00,22,Charging Station 22,28.594342419077822,77.42445691213304,12,4,8,0.6666666666666667,2,221.32549747055427,55.33137436763857,31.0,DC,highway
2025-07-31 21:25:00,22,Charging Station 22,28.594342419077822,77.42445691213304,12,5,7,0.5833333333333333,0,0.0,0.0,65.0,DC,highway
2025-07-31 22:00:00,22,Charging Station 22,28.594342419077822,77.42445691213304,12,7,5,0.41666666666666663,0,0.0,0.0,78.0,DC,highway
2025-08-03 10:47:00,22,Charging Station 22,28.594342419077822,77.42445691213304,12,4,8,0.6666666666666667,0,0.0,0.0,30.0,DC,highway
2025-08-06 01:09:00,22,Charging Station 22,28.594342419077822,77.42445691213304,12,12,0,0.0,0,0.0,0.0,89.0,DC,highway
2025-08-09 01:52:00,22,Charging Station 22,28.594342419077822,77.42445691213304,12,11,1,0.08333333333333337,2,72.48432196244268,18.12108049061067,179.5,DC,highway
2025-08-09 11:16:00,22,Charging Station 22,28.594342419077822,77.42445691213304,12,5,7,0.5833333333333333,0,0.0,0.0,103.0,DC,highway
2025-08-11 12:05:00,22,Charging Station 22,28.594342419077822,77.42445691213304,12,3,9,0.75,0,0.0,0.0,23.0,DC,highway
2025-08-11 17:35:00,22,Charging Station 22,28.594342419077822,77.42445691213304,12,3,9,0.75,0,0.0,0.0,176.0,DC,highway
2025-08-16 19:36:00,22,Charging Station 22,28.594342419077822,77.42445691213304,12,4,8,0.6666666666666667,0,0.0,0.0,109.0,DC,highway
2025-08-19 19:05:00,22,Charging Station 22,28.594342419077822,77.42445691213304,12,2,10,0.8333333333333334,0,0.0,0.0,116.0,DC,highway
2025-08-20 18:47:00,22,Charging Station 22,28.594342419077822,77.42445691213304,12,2,10,0.8333333333333334,2,34.601725362866155,8.650431340716539,80.5,DC,highway
2025-08-21 16:53:00,22,Charging Station 22,28.594342419077822,77.42445691213304,12,3,9,0.75,0,0.0,0.0,280.0,DC,highway
2025-08-25 20:54:00,22,Charging Station 22,28.594342419077822,77.42445691213304,12,4,8,0.6666666666666667,0,0.0,0.0,98.0,DC,highway
2025-08-26 17:21:00,22,Charging Station 22,28.594342419077822,77.42445691213304,12,2,10,0.8333333333333334,0,0.0,0.0,21.0,DC,highway
2025-08-27 01:48:00,22,Charging Station 22,28.594342419077822,77.42445691213304,12,11,1,0.08333333333333337,0,0.0,0.0,34.0,DC,highway
2025-08-31 09:14:00,22,Charging Station 22,28.594342419077822,77.42445691213304,12,6,6,0.5,1,38.61016045499367,9.652540113748417,104.0,DC,highway
2025-09-01 08:22:00,22,Charging Station 22,28.594342419077822,77.42445691213304,12,4,8,0.6666666666666667,2,63.66872340491604,15.91718085122901,44.0,DC,highway
2025-09-02 13:14:00,22,Charging Station 22,28.594342419077822,77.42445691213304,12,5,7,0.5833333333333333,0,0.0,0.0,15.0,DC,highway
2025-09-04 02:11:00,22,Charging Station 22,28.594342419077822,77.42445691213304,12,11,1,0.08333333333333337,0,0.0,0.0,84.0,DC,highway
2025-09-04 04:24:00,22,Charging Station 22,28.594342419077822,77.42445691213304,12,11,1,0.08333333333333337,0,0.0,0.0,180.0,DC,highway
2025-09-04 19:24:00,22,Charging Station 22,28.594342419077822,77.42445691213304,12,2,10,0.8333333333333334,0,0.0,0.0,94.0,DC,highway
2025-09-08 06:25:00,22,Charging Station 22,28.594342419077822,77.42445691213304,12,10,2,0.16666666666666663,1,13.583118752540482,3.3957796881351205,62.0,DC,highway
2025-09-10 06:27:00,22,Charging Station 22,28.594342419077822,77.42445691213304,12,8,4,0.33333333333333337,2,60.67123044166898,15.167807610417245,147.5,DC,highway
2025-09-10 21:39:00,22,Charging Station 22,28.594342419077822,77.42445691213304,12,4,8,0.6666666666666667,0,0.0,0.0,102.0,DC,highway
2025-09-12 06:00:00,22,Charging Station 22,28.594342419077822,77.42445691213304,12,10,2,0.16666666666666663,0,0.0,0.0,17.0,DC,highway
2025-09-12 08:49:00,22,Charging Station 22,28.594342419077822,77.42445691213304,12,4,8,0.6666666666666667,4,315.42087974820254,78.85521993705063,124.25,DC,highway
2025-09-12 16:25:00,22,Charging Station 22,28.594342419077822,77.42445691213304,12,3,9,0.75,2,130.20518560580805,32.551296401452014,77.5,DC,highway
2025-09-17 07:29:00,22,Charging Station 22,28.594342419077822,77.42445691213304,12,8,4,0.33333333333333337,0,0.0,0.0,30.0,DC,highway
2025-09-17 11:29:00,22,Charging Station 22,28.594342419077822,77.42445691213304,12,3,9,0.75,0,0.0,0.0,250.0,DC,highway
2025-09-19 15:07:00,22,Charging Station 22,28.594342419077822,77.42445691213304,12,4,8,0.6666666666666667,0,0.0,0.0,72.0,DC,highway
2025-09-20 10:03:00,22,Charging Station 22,28.594342419077822,77.42445691213304,12,5,7,0.5833333333333333,1,69.23027949195406,17.307569872988516,22.0,DC,highway
2025-09-21 01:36:00,22,Charging Station 22,28.594342419077822,77.42445691213304,12,11,1,0.08333333333333337,0,0.0,0.0,115.0,DC,highway
2025-09-22 06:15:00,22,Charging Station 22,28.594342419077822,77.42445691213304,12,9,3,0.25,1,50.041237260095656,12.510309315023914,103.0,DC,highway
2025-09-22 12:21:00,22,Charging Station 22,28.594342419077822,77.42445691213304,12,4,8,0.6666666666666667,1,18.97432809974181,4.743582024935453,32.0,DC,highway
2025-09-24 01:40:00,22,Charging Station 22,28.594342419077822,77.42445691213304,12,10,2,0.16666666666666663,0,0.0,0.0,44.0,DC,highway
2025-09-24 10:59:00,22,Charging Station 22,28.594342419077822,77.42445691213304,12,2,10,0.8333333333333334,1,18.32461573423799,4.581153933559498,21.0,DC,highway
2025-09-27 08:55:00,22,Charging Station 22,28.594342419077822,77.42445691213304,12,6,6,0.5,4,325.87694944514806,81.46923736128701,43.0,DC,highway
2025-09-30 15:26:00,22,Charging Station 22,28.594342419077822,77.42445691213304,12,4,8,0.6666666666666667,0,0.0,0.0,70.0,DC,highway
2025-10-03 15:50:00,22,Charging Station 22,28.594342419077822,77.42445691213304,12,3,9,0.75,0,0.0,0.0,49.0,DC,highway
2025-10-04 14:50:00,22,Charging Station 22,28.594342419077822,77.42445691213304,12,6,6,0.5,0,0.0,0.0,17.0,DC,highway
2025-10-05 22:04:00,22,Charging Station 22,28.594342419077822,77.42445691213304,12,8,4,0.33333333333333337,0,0.0,0.0,39.0,DC,highway
2025-10-07 16:04:00,22,Charging Station 22,28.594342419077822,77.42445691213304,12,3,9,0.75,0,0.0,0.0,45.0,DC,highway
2025-10-08 17:21:00,22,Charging Station 22,28.594342419077822,77.42445691213304,12,2,10,0.8333333333333334,0,0.0,0.0,47.0,DC,highway
2025-10-09 01:58:00,22,Charging Station 22,28.594342419077822,77.42445691213304,12,12,0,0.0,0,0.0,0.0,240.0,DC,highway
2025-10-09 14:35:00,22,Charging Station 22,28.594342419077822,77.42445691213304,12,4,8,0.6666666666666667,0,0.0,0.0,270.0,DC,highway
2025-10-09 16:52:00,22,Charging Station 22,28.594342419077822,77.42445691213304,12,4,8,0.6666666666666667,1,91.94279730074587,22.985699325186467,52.0,DC,highway
2025-10-11 09:17:00,22,Charging Station 22,28.594342419077822,77.42445691213304,12,5,7,0.5833333333333333,1,5.3132526939844595,1.3283131734961149,51.0,DC,highway
2025-10-19 09:12:00,22,Charging Station 22,28.594342419077822,77.42445691213304,12,6,6,0.5,0,0.0,0.0,112.0,DC,highway
2025-10-20 06:59:00,22,Charging Station 22,28.594342419077822,77.42445691213304,12,10,2,0.16666666666666663,3,103.53580305426891,25.883950763567228,65.33333333333333,DC,highway
2025-10-20 19:46:00,22,Charging Station 22,28.594342419077822,77.42445691213304,12,2,10,0.8333333333333334,0,0.0,0.0,76.0,DC,highway
2025-10-21 17:48:00,22,Charging Station 22,28.594342419077822,77.42445691213304,12,2,10,0.8333333333333334,1,100.3905887718245,25.097647192956124,76.0,DC,highway
2025-10-22 03:58:00,22,Charging Station 22,28.594342419077822,77.42445691213304,12,12,0,0.0,1,100.14307188489046,25.035767971222615,89.0,DC,highway
2025-10-22 04:45:00,22,Charging Station 22,28.594342419077822,77.42445691213304,12,12,0,0.0,0,0.0,0.0,82.0,DC,highway
2025-10-22 20:01:00,22,Charging Station 22,28.594342419077822,77.42445691213304,12,3,9,0.75,0,0.0,0.0,103.0,DC,highway
2025-10-27 07:54:00,22,Charging Station 22,28.594342419077822,77.42445691213304,12,8,4,0.33333333333333337,0,0.0,0.0,17.0,DC,highway
2025-10-28 00:02:00,22,Charging Station 22,28.594342419077822,77.42445691213304,12,10,2,0.16666666666666663,0,0.0,0.0,80.0,DC,highway
2025-10-29 11:00:00,22,Charging Station 22,28.594342419077822,77.42445691213304,12,3,9,0.75,0,0.0,0.0,101.0,DC,highway
2025-11-03 20:02:00,22,Charging Station 22,28.594342419077822,77.42445691213304,12,3,9,0.75,0,0.0,0.0,100.0,DC,highway
2025-11-04 03:28:00,22,Charging Station 22,28.594342419077822,77.42445691213304,12,11,1,0.08333333333333337,2,60.2868147074505,15.071703676862626,57.0,DC,highway
2025-11-08 01:04:00,22,Charging Station 22,28.594342419077822,77.42445691213304,12,11,1,0.08333333333333337,1,42.577478118129825,10.644369529532456,107.0,DC,highway
2025-11-08 04:04:00,22,Charging Station 22,28.594342419077822,77.42445691213304,12,12,0,0.0,0,0.0,0.0,99.0,DC,highway
2025-11-09 02:28:00,22,Charging Station 22,28.594342419077822,77.42445691213304,12,12,0,0.0,0,0.0,0.0,64.0,DC,highway
2025-11-15 02:35:00,22,Charging Station 22,28.594342419077822,77.42445691213304,12,12,0,0.0,0,0.0,0.0,88.0,DC,highway
2025-11-15 04:24:00,22,Charging Station 22,28.594342419077822,77.42445691213304,12,11,1,0.08333333333333337,0,0.0,0.0,88.0,DC,highway
2025-11-18 01:25:00,22,Charging Station 22,28.594342419077822,77.42445691213304,12,11,1,0.08333333333333337,0,0.0,0.0,63.0,DC,highway
2025-11-18 21:59:00,22,Charging Station 22,28.594342419077822,77.42445691213304,12,4,8,0.6666666666666667,0,0.0,0.0,27.0,DC,highway
2025-11-22 07:44:00,22,Charging Station 22,28.594342419077822,77.42445691213304,12,8,4,0.33333333333333337,0,0.0,0.0,59.0,DC,highway
2025-11-23 21:24:00,22,Charging Station 22,28.594342419077822,77.42445691213304,12,8,4,0.33333333333333337,0,0.0,0.0,25.0,DC,highway
2025-11-24 03:24:00,22,Charging Station 22,28.594342419077822,77.42445691213304,12,12,0,0.0,0,0.0,0.0,75.0,DC,highway
2025-11-26 08:33:00,22,Charging Station 22,28.594342419077822,77.42445691213304,12,3,9,0.75,1,35.76734643306405,8.941836608266012,20.0,DC,highway
2025-11-26 13:37:00,22,Charging Station 22,28.594342419077822,77.42445691213304,12,5,7,0.5833333333333333,0,0.0,0.0,104.0,DC,highway
2025-11-26 22:44:00,22,Charging Station 22,28.594342419077822,77.42445691213304,12,7,5,0.41666666666666663,0,0.0,0.0,116.0,DC,highway
2025-11-28 20:17:00,22,Charging Station 22,28.594342419077822,77.42445691213304,12,3,9,0.75,0,0.0,0.0,49.0,DC,highway
2025-12-02 07:35:00,22,Charging Station 22,28.594342419077822,77.42445691213304,12,7,5,0.41666666666666663,1,75.5918474955185,18.897961873879623,107.0,DC,highway
2025-12-02 16:25:00,22,Charging Station 22,28.594342419077822,77.42445691213304,12,4,8,0.6666666666666667,1,73.40620671731696,18.35155167932924,96.0,DC,highway
2025-12-02 19:24:00,22,Charging Station 22,28.594342419077822,77.42445691213304,12,2,10,0.8333333333333334,1,131.83316501342634,32.958291253356585,55.0,DC,highway
2025-12-05 15:30:00,22,Charging Station 22,28.594342419077822,77.42445691213304,12,3,9,0.75,0,0.0,0.0,52.0,DC,highway
2025-12-09 02:38:00,22,Charging Station 22,28.594342419077822,77.42445691213304,12,12,0,0.0,1,32.770980603345485,8.192745150836371,50.0,DC,highway
2025-12-09 18:40:00,22,Charging Station 22,28.594342419077822,77.42445691213304,12,0,12,1.0,1,150.89899155478417,37.724747888696044,15.0,DC,highway
2025-12-10 16:26:00,22,Charging Station 22,28.594342419077822,77.42445691213304,12,3,9,0.75,1,65.41607422680953,16.354018556702382,114.0,DC,highway
2025-12-12 19:08:00,22,Charging Station 22,28.594342419077822,77.42445691213304,12,1,11,0.9166666666666666,1,80.77416883575465,20.193542208938663,228.0,DC,highway
2025-12-12 19:26:00,22,Charging Station 22,28.594342419077822,77.42445691213304,12,1,11,0.9166666666666666,0,0.0,0.0,87.0,DC,highway
2025-12-14 12:40:00,22,Charging Station 22,28.594342419077822,77.42445691213304,12,7,5,0.41666666666666663,0,0.0,0.0,79.0,DC,highway
2025-12-15 02:45:00,22,Charging Station 22,28.594342419077822,77.42445691213304,12,11,1,0.08333333333333337,0,0.0,0.0,39.0,DC,highway
2025-12-16 06:26:00,22,Charging Station 22,28.594342419077822,77.42445691213304,12,10,2,0.16666666666666663,0,0.0,0.0,15.0,DC,highway
2025-12-18 07:18:00,22,Charging Station 22,28.594342419077822,77.42445691213304,12,7,5,0.41666666666666663,0,0.0,0.0,98.0,DC,highway
2025-12-18 13:36:00,22,Charging Station 22,28.594342419077822,77.42445691213304,12,4,8,0.6666666666666667,0,0.0,0.0,98.0,DC,highway
2025-12-20 03:56:00,22,Charging Station 22,28.594342419077822,77.42445691213304,12,12,0,0.0,0,0.0,0.0,21.0,DC,highway
2025-12-20 04:58:00,22,Charging Station 22,28.594342419077822,77.42445691213304,12,11,1,0.08333333333333337,0,0.0,0.0,70.0,DC,highway
2025-12-21 11:32:00,22,Charging Station 22,28.594342419077822,77.42445691213304,12,7,5,0.41666666666666663,1,36.775142749070774,9.193785687267694,51.0,DC,highway
2025-12-27 08:37:00,22,Charging Station 22,28.594342419077822,77.42445691213304,12,7,5,0.41666666666666663,2,97.98259166895555,24.495647917238887,152.0,DC,highway
2025-12-28 04:09:00,22,Charging Station 22,28.594342419077822,77.42445691213304,12,12,0,0.0,0,0.0,0.0,17.0,DC,highway
2025-12-28 14:00:00,22,Charging Station 22,28.594342419077822,77.42445691213304,12,6,6,0.5,1,29.732577584489448,7.433144396122362,74.0,DC,highway
2025-01-01 05:52:00,23,Charging Station 23,28.5045465658764,77.21377050917927,6,5,1,0.16666666666666663,1,12.00164496088726,3.000411240221815,51.0,AC,highway
2025-01-05 03:55:00,23,Charging Station 23,28.5045465658764,77.21377050917927,6,6,0,0.0,0,0.0,0.0,27.0,AC,highway
2025-01-08 19:36:00,23,Charging Station 23,28.5045465658764,77.21377050917927,6,1,5,0.8333333333333334,0,0.0,0.0,117.0,AC,highway
2025-01-15 15:34:00,23,Charging Station 23,28.5045465658764,77.21377050917927,6,2,4,0.6666666666666667,1,141.15838654635502,35.289596636588755,65.0,AC,highway
2025-01-15 23:20:00,23,Charging Station 23,28.5045465658764,77.21377050917927,6,5,1,0.16666666666666663,1,33.85320446346248,8.46330111586562,101.0,AC,highway
2025-01-16 18:40:00,23,Charging Station 23,28.5045465658764,77.21377050917927,6,1,5,0.8333333333333334,3,356.77760757147706,89.19440189286927,115.0,AC,highway
2025-01-18 04:11:00,23,Charging Station 23,28.5045465658764,77.21377050917927,6,6,0,0.0,1,28.565669002543835,7.141417250635959,295.0,AC,highway
2025-01-19 05:24:00,23,Charging Station 23,28.5045465658764,77.21377050917927,6,6,0,0.0,1,64.04669757315739,16.011674393289347,229.0,AC,highway
2025-01-19 16:37:00,23,Charging Station 23,28.5045465658764,77.21377050917927,6,3,3,0.5,1,32.48426600415946,8.121066501039865,60.0,AC,highway
2025-01-20 15:13:00,23,Charging Station 23,28.5045465658764,77.21377050917927,6,2,4,0.6666666666666667,0,0.0,0.0,26.0,AC,highway
2025-01-23 09:15:00,23,Charging Station 23,28.5045465658764,77.21377050917927,6,1,5,0.8333333333333334,0,0.0,0.0,33.0,AC,highway
2025-01-23 12:25:00,23,Charging Station 23,28.5045465658764,77.21377050917927,6,2,4,0.6666666666666667,0,0.0,0.0,16.0,AC,highway
2025-01-25 20:19:00,23,Charging Station 23,28.5045465658764,77.21377050917927,6,2,4,0.6666666666666667,0,0.0,0.0,31.0,AC,highway
2025-01-27 12:10:00,23,Charging Station 23,28.5045465658764,77.21377050917927,6,2,4,0.6666666666666667,1,18.779944587916535,4.694986146979134,188.0,AC,highway
2025-01-30 08:48:00,23,Charging Station 23,28.5045465658764,77.21377050917927,6,2,4,0.6666666666666667,4,189.79261205740445,47.448153014351114,105.75,AC,highway
2025-02-01 04:10:00,23,Charging Station 23,28.5045465658764,77.21377050917927,6,6,0,0.0,1,65.7966984960915,16.449174624022874,121.0,AC,highway
2025-02-05 12:35:00,23,Charging Station 23,28.5045465658764,77.21377050917927,6,2,4,0.6666666666666667,1,9.465614022341237,2.366403505585309,270.0,AC,highway
2025-02-09 04:19:00,23,Charging Station 23,28.5045465658764,77.21377050917927,6,6,0,0.0,0,0.0,0.0,183.0,AC,highway
2025-02-09 17:40:00,23,Charging Station 23,28.5045465658764,77.21377050917927,6,3,3,0.5,1,54.346677368603245,13.586669342150811,52.0,AC,highway
2025-02-12 08:24:00,23,Charging Station 23,28.5045465658764,77.21377050917927,6,2,4,0.6666666666666667,0,0.0,0.0,187.0,AC,highway
2025-02-13 04:38:00,23,Charging Station 23,28.5045465658764,77.21377050917927,6,6,0,0.0,0,0.0,0.0,38.0,AC,highway
2025-02-13 18:57:00,23,Charging Station 23,28.5045465658764,77.21377050917927,6,0,6,1.0,1,55.803772317790155,13.950943079447539,263.0,AC,highway
2025-02-14 04:25:00,23,Charging Station 23,28.5045465658764,77.21377050917927,6,5,1,0.16666666666666663,0,0.0,0.0,40.0,AC,highway
2025-02-16 01:24:00,23,Charging Station 23,28.5045465658764,77.21377050917927,6,6,0,0.0,0,0.0,0.0,112.0,AC,highway
2025-02-16 16:10:00,23,Charging Station 23,28.5045465658764,77.21377050917927,6,3,3,0.5,2,53.31778445576305,13.329446113940762,38.0,AC,highway
2025-02-16 17:44:00,23,Charging Station 23,28.5045465658764,77.21377050917927,6,2,4,0.6666666666666667,1,46.113763058327805,11.528440764581951,127.0,AC,highway
2025-02-16 21:18:00,23,Charging Station 23,28.5045465658764,77.21377050917927,6,3,3,0.5,0,0.0,0.0,22.0,AC,highway
2025-02-17 05:19:00,23,Charging Station 23,28.5045465658764,77.21377050917927,6,5,1,0.16666666666666663,0,0.0,0.0,37.0,AC,highway
2025-02-20 23:42:00,23,Charging Station 23,28.5045465658764,77.21377050917927,6,5,1,0.16666666666666663,1,108.90632338193755,27.22658084548439,116.0,AC,highway
2025-02-24 08:07:00,23,Charging Station 23,28.5045465658764,77.21377050917927,6,2,4,0.6666666666666667,1,43.78073218341174,10.945183045852936,83.0,AC,highway
2025-02-26 04:09:00,23,Charging Station 23,28.5045465658764,77.21377050917927,6,6,0,0.0,0,0.0,0.0,29.0,AC,highway
2025-02-28 13:17:00,23,Charging Station 23,28.5045465658764,77.21377050917927,6,3,3,0.5,1,29.52324729485014,7.380811823712535,44.0,AC,highway
2025-03-03 23:40:00,23,Charging Station 23,28.5045465658764,77.21377050917927,6,5,1,0.16666666666666663,0,0.0,0.0,104.0,AC,highway
2025-03-05 08:13:00,23,Charging Station 23,28.5045465658764,77.21377050917927,6,2,4,0.6666666666666667,1,97.98267402368424,24.49566850592106,79.0,AC,highway
2025-03-05 13:35:00,23,Charging Station 23,28.5045465658764,77.21377050917927,6,3,3,0.5,0,0.0,0.0,143.0,AC,highway
2025-03-09 15:43:00,23,Charging Station 23,28.5045465658764,77.21377050917927,6,3,3,0.5,0,0.0,0.0,98.0,AC,highway
2025-03-12 20:53:00,23,Charging Station 23,28.5045465658764,77.21377050917927,6,1,5,0.8333333333333334,0,0.0,0.0,26.0,AC,highway
2025-03-16 10:35:00,23,Charging Station 23,28.5045465658764,77.21377050917927,6,3,3,0.5,0,0.0,0.0,202.0,AC,highway
2025-03-18 06:34:00,23,Charging Station 23,28.5045465658764,77.21377050917927,6,5,1,0.16666666666666663,0,0.0,0.0,55.0,AC,highway
2025-03-19 09:02:00,23,Charging Station 23,28.5045465658764,77.21377050917927,6,1,5,0.8333333333333334,1,6.3527867654258054,1.5881966913564514,131.0,AC,highway
2025-03-20 01:14:00,23,Charging Station 23,28.5045465658764,77.21377050917927,6,6,0,0.0,0,0.0,0.0,69.0,AC,highway
2025-03-22 07:26:00,23,Charging Station 23,28.5045465658764,77.21377050917927,6,4,2,0.33333333333333337,1,100.06100451011042,25.015251127527605,48.0,AC,highway
2025-03-23 12:40:00,23,Charging Station 23,28.5045465658764,77.21377050917927,6,3,3,0.5,0,0.0,0.0,100.0,AC,highway
2025-03-26 21:42:00,23,Charging Station 23,28.5045465658764,77.21377050917927,6,2,4,0.6666666666666667,0,0.0,0.0,91.0,AC,highway
2025-03-28 18:02:00,23,Charging Station 23,28.5045465658764,77.21377050917927,6,1,5,0.8333333333333334,2,117.03074371394558,29.257685928486396,52.0,AC,highway
2025-03-29 01:49:00,23,Charging Station 23,28.5045465658764,77.21377050917927,6,6,0,0.0,0,0.0,0.0,55.0,AC,highway
2025-03-31 05:42:00,23,Charging Station 23,28.5045465658764,77.21377050917927,6,6,0,0.0,0,0.0,0.0,67.0,AC,highway
2025-03-31 08:45:00,23,Charging Station 23,28.5045465658764,77.21377050917927,6,2,4,0.6666666666666667,2,81.46934517371048,20.36733629342762,30.0,AC,highway
2025-03-31 20:00:00,23,Charging Station 23,28.5045465658764,77.21377050917927,6,2,4,0.6666666666666667,1,62.827572394207195,15.706893098551799,112.0,AC,highway
2025-04-01 16:34:00,23,Charging Station 23,28.5045465658764,77.21377050917927,6,1,5,0.8333333333333334,1,75.64979753211095,18.912449383027738,68.0,AC,highway
2025-04-05 14:20:00,23,Charging Station 23,28.5045465658764,77.21377050917927,6,3,3,0.5,0,0.0,0.0,53.0,AC,highway
2025-04-06 10:48:00,23,Charging Station 23,28.5045465658764,77.21377050917927,6,2,4,0.6666666666666667,0,0.0,0.0,21.0,AC,highway
2025-04-11 10:58:00,23,Charging Station 23,28.5045465658764,77.21377050917927,6,1,5,0.8333333333333334,0,0.0,0.0,101.0,AC,highway
2025-04-22 03:53:00,23,Charging Station 23,28.5045465658764,77.21377050917927,6,6,0,0.0,0,0.0,0.0,37.0,AC,highway
2025-04-24 16:37:00,23,Charging Station 23,28.5045465658764,77.21377050917927,6,2,4,0.6666666666666667,1,61.34124222687488,15.33531055671872,77.0,AC,highway
2025-04-25 11:11:00,23,Charging Station 23,28.5045465658764,77.21377050917927,6,2,4,0.6666666666666667,0,0.0,0.0,78.0,AC,highway
2025-04-26 11:50:00,23,Charging Station 23,28.5045465658764,77.21377050917927,6,3,3,0.5,0,0.0,0.0,211.0,AC,highway
2025-04-30 18:00:00,23,Charging Station 23,28.5045465658764,77.21377050917927,6,0,6,1.0,3,81.62097893801453,20.405244734503633,62.0,AC,highway
2025-05-03 11:09:00,23,Charging Station 23,28.5045465658764,77.21377050917927,6,3,3,0.5,1,17.508097406244108,4.377024351561027,41.0,AC,highway
2025-05-03 17:33:00,23,Charging Station 23,28.5045465658764,77.21377050917927,6,3,3,0.5,0,0.0,0.0,116.0,AC,highway
2025-05-07 12:41:00,23,Charging Station 23,28.5045465658764,77.21377050917927,6,2,4,0.6666666666666667,1,12.699264794903215,3.1748161987258037,115.0,AC,highway
2025-05-09 10:56:00,23,Charging Station 23,28.5045465658764,77.21377050917927,6,1,5,0.8333333333333334,0,0.0,0.0,215.0,AC,highway
2025-05-16 05:54:00,23,Charging Station 23,28.5045465658764,77.21377050917927,6,6,0,0.0,1,22.99300976297591,5.748252440743977,25.0,AC,highway
2025-05-16 15:51:00,23,Charging Station 23,28.5045465658764,77.21377050917927,6,2,4,0.6666666666666667,0,0.0,0.0,44.0,AC,highway
2025-05-17 08:30:00,23,Charging Station 23,28.5045465658764,77.21377050917927,6,3,3,0.5,1,33.13169961765744,8.28292490441436,116.0,AC,highway
2025-05-26 16:35:00,23,Charging Station 23,28.5045465658764,77.21377050917927,6,1,5,0.8333333333333334,1,84.40769638525559,21.101924096313898,94.0,AC,highway
2025-05-30 20:21:00,23,Charging Station 23,28.5045465658764,77.21377050917927,6,2,4,0.6666666666666667,0,0.0,0.0,233.0,AC,highway
2025-05-31 19:05:00,23,Charging Station 23,28.5045465658764,77.21377050917927,6,2,4,0.6666666666666667,0,0.0,0.0,59.0,AC,highway
2025-06-04 07:40:00,23,Charging Station 23,28.5045465658764,77.21377050917927,6,4,2,0.33333333333333337,0,0.0,0.0,48.0,AC,highway
2025-06-04 07:52:00,23,Charging Station 23,28.5045465658764,77.21377050917927,6,3,3,0.5,0,0.0,0.0,104.0,AC,highway
2025-06-06 10:43:00,23,Charging Station 23,28.5045465658764,77.21377050917927,6,1,5,0.8333333333333334,1,80.18027658109638,20.045069145274095,47.0,AC,highway
2025-06-11 15:59:00,23,Charging Station 23,28.5045465658764,77.21377050917927,6,2,4,0.6666666666666667,0,0.0,0.0,100.0,AC,highway
2025-06-11 23:03:00,23,Charging Station 23,28.5045465658764,77.21377050917927,6,5,1,0.16666666666666663,2,133.7149074385266,33.42872685963165,53.0,AC,highway
2025-06-12 13:29:00,23,Charging Station 23,28.5045465658764,77.21377050917927,6,3,3,0.5,0,0.0,0.0,69.0,AC,highway
2025-06-13 07:18:00,23,Charging Station 23,28.5045465658764,77.21377050917927,6,4,2,0.33333333333333337,0,0.0,0.0,24.0,AC,highway
2025-06-19 17:26:00,23,Charging Station 23,28.5045465658764,77.21377050917927,6,1,5,0.8333333333333334,0,0.0,0.0,87.0,AC,highway
2025-06-22 03:21:00,23,Charging Station 23,28.5045465658764,77.21377050917927,6,6,0,0.0,0,0.0,0.0,100.0,AC,highway
2025-06-22 16:37:00,23,Charging Station 23,28.5045465658764,77.21377050917927,6,3,3,0.5,0,0.0,0.0,57.0,AC,highway
2025-06-24 10:40:00,23,Charging Station 23,28.5045465658764,77.21377050917927,6,1,5,0.8333333333333334,0,0.0,0.0,63.0,AC,highway
2025-06-29 09:35:00,23,Charging Station 23,28.5045465658764,77.21377050917927,6,2,4,0.6666666666666667,0,0.0,0.0,40.0,AC,highway
2025-07-08 22:29:00,23,Charging Station 23,28.5045465658764,77.21377050917927,6,4,2,0.33333333333333337,0,0.0,0.0,82.0,AC,highway
2025-07-10 03:18:00,23,Charging Station 23,28.5045465658764,77.21377050917927,6,6,0,0.0,0,0.0,0.0,62.0,AC,highway
2025-07-10 09:53:00,23,Charging Station 23,28.5045465658764,77.21377050917927,6,2,4,0.6666666666666667,0,0.0,0.0,178.0,AC,highway
2025-07-11 02:23:00,23,Charging Station 23,28.5045465658764,77.21377050917927,6,6,0,0.0,0,0.0,0.0,50.0,AC,highway
2025-07-14 10:38:00,23,Charging Station 23,28.5045465658764,77.21377050917927,6,1,5,0.8333333333333334,1,18.916856423473348,4.729214105868337,96.0,AC,highway
2025-07-15 22:07:00,23,Charging Station 23,28.5045465658764,77.21377050917927,6,3,3,0.5,1,90.9161822992483,22.729045574812076,68.0,AC,highway
2025-07-18 03:57:00,23,Charging Station 23,28.5045465658764,77.21377050917927,6,5,1,0.16666666666666663,1,66.59108483082242,16.647771207705606,105.0,AC,highway
2025-07-19 22:32:00,23,Charging Station 23,28.5045465658764,77.21377050917927,6,5,1,0.16666666666666663,2,80.70821812655032,20.17705453163758,31.0,AC,highway
2025-07-22 09:54:00,23,Charging Station 23,28.5045465658764,77.21377050917927,6,1,5,0.8333333333333334,0,0.0,0.0,89.0,AC,highway
2025-07-22 16:25:00,23,Charging Station 23,28.5045465658764,77.21377050917927,6,2,4,0.6666666666666667,2,32.75804545200949,8.189511363002373,77.5,AC,highway
2025-08-01 05:45:00,23,Charging Station 23,28.5045465658764,77.21377050917927,6,6,0,0.0,0,0.0,0.0,34.0,AC,highway
2025-08-07 04:43:00,23,Charging Station 23,28.5045465658764,77.21377050917927,6,6,0,0.0,0,0.0,0.0,112.0,AC,highway
2025-08-07 12:03:00,23,Charging Station 23,28.5045465658764,77.21377050917927,6,2,4,0.6666666666666667,0,0.0,0.0,21.0,AC,highway
2025-08-08 07:15:00,23,Charging Station 23,28.5045465658764,77.21377050917927,6,3,3,0.5,1,80.59874786317961,20.149686965794903,17.0,AC,highway
2025-08-11 15:57:00,23,Charging Station 23,28.5045465658764,77.21377050917927,6,2,4,0.6666666666666667,0,0.0,0.0,47.0,AC,highway
2025-08-12 00:00:00,23,Charging Station 23,28.5045465658764,77.21377050917927,6,6,0,0.0,0,0.0,0.0,73.0,AC,highway
2025-08-14 03:52:00,23,Charging Station 23,28.5045465658764,77.21377050917927,6,6,0,0.0,0,0.0,0.0,238.0,AC,highway
2025-08-14 11:43:00,23,Charging Station 23,28.5045465658764,77.21377050917927,6,1,5,0.8333333333333334,0,0.0,0.0,60.0,AC,highway
2025-08-15 00:13:00,23,Charging Station 23,28.5045465658764,77.21377050917927,6,5,1,0.16666666666666663,1,67.51493825050711,16.87873456262678,98.0,AC,highway
2025-08-15 01:17:00,23,Charging Station 23,28.5045465658764,77.21377050917927,6,6,0,0.0,1,20.86477479131268,5.21619369782817,35.0,AC,highway
2025-08-18 20:17:00,23,Charging Station 23,28.5045465658764,77.21377050917927,6,2,4,0.6666666666666667,0,0.0,0.0,64.0,AC,highway
2025-08-20 12:49:00,23,Charging Station 23,28.5045465658764,77.21377050917927,6,2,4,0.6666666666666667,1,49.59517644026189,12.398794110065472,128.0,AC,highway
2025-08-21 10:09:00,23,Charging Station 23,28.5045465658764,77.21377050917927,6,1,5,0.8333333333333334,2,156.93652158657954,39.234130396644886,44.0,AC,highway
2025-08-23 12:28:00,23,Charging Station 23,28.5045465658764,77.21377050917927,6,3,3,0.5,0,0.0,0.0,27.0,AC,highway
2025-08-24 07:03:00,23,Charging Station 23,28.5045465658764,77.21377050917927,6,4,2,0.33333333333333337,0,0.0,0.0,19.0,AC,highway
2025-08-24 07:59:00,23,Charging Station 23,28.5045465658764,77.21377050917927,6,5,1,0.16666666666666663,0,0.0,0.0,67.0,AC,highway
2025-08-27 12:47:00,23,Charging Station 23,28.5045465658764,77.21377050917927,6,2,4,0.6666666666666667,1,79.14048564060587,19.78512141015147,87.0,AC,highway
2025-08-29 19:27:00,23,Charging Station 23,28.5045465658764,77.21377050917927,6,1,5,0.8333333333333334,1,95.50965719038923,23.87741429759731,15.0,AC,highway
2025-08-30 03:47:00,23,Charging Station 23,28.5045465658764,77.21377050917927,6,6,0,0.0,0,0.0,0.0,63.0,AC,highway
2025-08-30 05:42:00,23,Charging Station 23,28.5045465658764,77.21377050917927,6,6,0,0.0,1,138.2813269129611,34.57033172824028,113.0,AC,highway
2025-08-31 06:24:00,23,Charging Station 23,28.5045465658764,77.21377050917927,6,5,1,0.16666666666666663,0,0.0,0.0,167.0,AC,highway
2025-08-31 17:50:00,23,Charging Station 23,28.5045465658764,77.21377050917927,6,2,4,0.6666666666666667,1,27.386069031031425,6.846517257757856,139.0,AC,highway
2025-09-04 19:00:00,23,Charging Station 23,28.5045465658764,77.21377050917927,6,1,5,0.8333333333333334,0,0.0,0.0,39.0,AC,highway
2025-09-05 13:33:00,23,Charging Station 23,28.5045465658764,77.21377050917927,6,3,3,0.5,0,0.0,0.0,111.0,AC,highway
2025-09-06 07:24:00,23,Charging Station 23,28.5045465658764,77.21377050917927,6,4,2,0.33333333333333337,0,0.0,0.0,77.0,AC,highway
2025-09-09 17:52:00,23,Charging Station 23,28.5045465658764,77.21377050917927,6,1,5,0.8333333333333334,1,65.9699673142039,16.492491828550975,113.0,AC,highway
2025-09-12 02:04:00,23,Charging Station 23,28.5045465658764,77.21377050917927,6,6,0,0.0,2,101.3125898154223,25.328147453855575,38.0,AC,highway
2025-09-12 07:39:00,23,Charging Station 23,28.5045465658764,77.21377050917927,6,3,3,0.5,0,0.0,0.0,25.0,AC,highway
2025-09-12 13:18:00,23,Charging Station 23,28.5045465658764,77.21377050917927,6,3,3,0.5,0,0.0,0.0,53.0,AC,highway
2025-09-15 06:54:00,23,Charging Station 23,28.5045465658764,77.21377050917927,6,5,1,0.16666666666666663,1,255.96578871515794,63.991447178789485,83.0,AC,highway
2025-09-16 08:44:00,23,Charging Station 23,28.5045465658764,77.21377050917927,6,2,4,0.6666666666666667,2,289.3281157513739,72.33202893784348,49.0,AC,highway
2025-09-17 22:10:00,23,Charging Station 23,28.5045465658764,77.21377050917927,6,4,2,0.33333333333333337,1,42.909249718155976,10.727312429538994,116.0,AC,highway
2025-09-22 23:40:00,23,Charging Station 23,28.5045465658764,77.21377050917927,6,4,2,0.33333333333333337,0,0.0,0.0,72.0,AC,highway
2025-09-23 02:47:00,23,Charging Station 23,28.5045465658764,77.21377050917927,6,6,0,0.0,0,0.0,0.0,24.0,AC,highway
2025-09-23 02:51:00,23,Charging Station 23,28.5045465658764,77.21377050917927,6,5,1,0.16666666666666663,0,0.0,0.0,118.0,AC,highway
2025-09-23 03:27:00,23,Charging Station 23,28.5045465658764,77.21377050917927,6,6,0,0.0,0,0.0,0.0,80.0,AC,highway
2025-09-24 22:13:00,23,Charging Station 23,28.5045465658764,77.21377050917927,6,4,2,0.33333333333333337,0,0.0,0.0,101.0,AC,highway
2025-09-25 04:45:00,23,Charging Station 23,28.5045465658764,77.21377050917927,6,6,0,0.0,0,0.0,0.0,21.0,AC,highway
2025-09-26 12:46:00,23,Charging Station 23,28.5045465658764,77.21377050917927,6,2,4,0.6666666666666667,0,0.0,0.0,218.0,AC,highway
2025-09-26 23:39:00,23,Charging Station 23,28.5045465658764,77.21377050917927,6,4,2,0.33333333333333337,0,0.0,0.0,25.0,AC,highway
2025-10-01 22:07:00,23,Charging Station 23,28.5045465658764,77.21377050917927,6,4,2,0.33333333333333337,0,0.0,0.0,108.0,AC,highway
2025-10-02 03:45:00,23,Charging Station 23,28.5045465658764,77.21377050917927,6,5,1,0.16666666666666663,0,0.0,0.0,67.0,AC,highway
2025-10-02 18:55:00,23,Charging Station 23,28.5045465658764,77.21377050917927,6,1,5,0.8333333333333334,0,0.0,0.0,71.0,AC,highway
2025-10-02 21:05:00,23,Charging Station 23,28.5045465658764,77.21377050917927,6,2,4,0.6666666666666667,0,0.0,0.0,102.0,AC,highway
2025-10-04 05:35:00,23,Charging Station 23,28.5045465658764,77.21377050917927,6,5,1,0.16666666666666663,0,0.0,0.0,98.0,AC,highway
2025-10-04 11:41:00,23,Charging Station 23,28.5045465658764,77.21377050917927,6,3,3,0.5,0,0.0,0.0,180.0,AC,highway
2025-10-07 21:29:00,23,Charging Station 23,28.5045465658764,77.21377050917927,6,2,4,0.6666666666666667,0,0.0,0.0,20.0,AC,highway
2025-10-07 21:38:00,23,Charging Station 23,28.5045465658764,77.21377050917927,6,2,4,0.6666666666666667,1,21.06939467348881,5.267348668372202,60.0,AC,highway
2025-10-08 03:41:00,23,Charging Station 23,28.5045465658764,77.21377050917927,6,6,0,0.0,0,0.0,0.0,30.0,AC,highway
2025-10-11 01:38:00,23,Charging Station 23,28.5045465658764,77.21377050917927,6,6,0,0.0,0,0.0,0.0,85.0,AC,highway
2025-10-11 10:56:00,23,Charging Station 23,28.5045465658764,77.21377050917927,6,3,3,0.5,0,0.0,0.0,18.0,AC,highway
2025-10-12 08:06:00,23,Charging Station 23,28.5045465658764,77.21377050917927,6,3,3,0.5,1,44.78464963866318,11.196162409665796,49.0,AC,highway
2025-10-13 15:51:00,23,Charging Station 23,28.5045465658764,77.21377050917927,6,2,4,0.6666666666666667,0,0.0,0.0,110.0,AC,highway
2025-10-14 11:59:00,23,Charging Station 23,28.5045465658764,77.21377050917927,6,1,5,0.8333333333333334,1,143.41019446189273,35.85254861547318,127.0,AC,highway
2025-10-14 12:00:00,23,Charging Station 23,28.5045465658764,77.21377050917927,6,2,4,0.6666666666666667,2,55.078419717965446,13.769604929491361,134.0,AC,highway
2025-10-14 22:18:00,23,Charging Station 23,28.5045465658764,77.21377050917927,6,3,3,0.5,0,0.0,0.0,266.0,AC,highway
2025-10-19 09:54:00,23,Charging Station 23,28.5045465658764,77.21377050917927,6,3,3,0.5,0,0.0,0.0,91.0,AC,highway
2025-10-22 06:41:00,23,Charging Station 23,28.5045465658764,77.21377050917927,6,5,1,0.16666666666666663,0,0.0,0.0,109.0,AC,highway
2025-10-24 05:17:00,23,Charging Station 23,28.5045465658764,77.21377050917927,6,5,1,0.16666666666666663,0,0.0,0.0,29.0,AC,highway
2025-10-29 03:05:00,23,Charging Station 23,28.5045465658764,77.21377050917927,6,6,0,0.0,1,23.535832997218215,5.883958249304554,51.0,AC,highway
2025-10-29 08:07:00,23,Charging Station 23,28.5045465658764,77.21377050917927,6,2,4,0.6666666666666667,3,183.28000055467635,45.82000013866909,80.0,AC,highway
2025-10-29 10:42:00,23,Charging Station 23,28.5045465658764,77.21377050917927,6,1,5,0.8333333333333334,0,0.0,0.0,19.0,AC,highway
2025-10-30 13:22:00,23,Charging Station 23,28.5045465658764,77.21377050917927,6,3,3,0.5,0,0.0,0.0,35.0,AC,highway
2025-11-01 05:45:00,23,Charging Station 23,28.5045465658764,77.21377050917927,6,5,1,0.16666666666666663,0,0.0,0.0,110.0,AC,highway
2025-11-03 23:42:00,23,Charging Station 23,28.5045465658764,77.21377050917927,6,5,1,0.16666666666666663,1,26.2465923718585,6.561648092964625,50.0,AC,highway
2025-11-04 02:48:00,23,Charging Station 23,28.5045465658764,77.21377050917927,6,6,0,0.0,1,32.63258768973083,8.158146922432708,40.0,AC,highway
2025-11-04 23:16:00,23,Charging Station 23,28.5045465658764,77.21377050917927,6,4,2,0.33333333333333337,0,0.0,0.0,93.0,AC,highway
2025-11-09 03:44:00,23,Charging Station 23,28.5045465658764,77.21377050917927,6,6,0,0.0,1,77.4648321178113,19.366208029452824,54.0,AC,highway
2025-11-09 04:59:00,23,Charging Station 23,28.5045465658764,77.21377050917927,6,5,1,0.16666666666666663,1,61.03417830314326,15.258544575785814,29.0,AC,highway
2025-11-09 11:08:00,23,Charging Station 23,28.5045465658764,77.21377050917927,6,3,3,0.5,1,123.82638864169522,30.956597160423804,78.0,AC,highway
2025-11-12 05:38:00,23,Charging Station 23,28.5045465658764,77.21377050917927,6,6,0,0.0,0,0.0,0.0,117.0,AC,highway
2025-11-14 01:47:00,23,Charging Station 23,28.5045465658764,77.21377050917927,6,6,0,0.0,1,153.35319422737217,38.33829855684304,227.0,AC,highway
2025-11-14 04:54:00,23,Charging Station 23,28.5045465658764,77.21377050917927,6,6,0,0.0,0,0.0,0.0,81.0,AC,highway
2025-11-14 23:26:00,23,Charging Station 23,28.5045465658764,77.21377050917927,6,5,1,0.16666666666666663,0,0.0,0.0,24.0,AC,highway
2025-11-17 13:43:00,23,Charging Station 23,28.5045465658764,77.21377050917927,6,2,4,0.6666666666666667,0,0.0,0.0,61.0,AC,highway
2025-11-18 20:08:00,23,Charging Station 23,28.5045465658764,77.21377050917927,6,1,5,0.8333333333333334,1,120.4856712439156,30.1214178109789,94.0,AC,highway
2025-11-20 04:04:00,23,Charging Station 23,28.5045465658764,77.21377050917927,6,6,0,0.0,1,52.53933167361889,13.134832918404722,91.0,AC,highway
2025-11-21 17:18:00,23,Charging Station 23,28.5045465658764,77.21377050917927,6,0,6,1.0,0,0.0,0.0,140.0,AC,highway
2025-11-23 02:52:00,23,Charging Station 23,28.5045465658764,77.21377050917927,6,6,0,0.0,0,0.0,0.0,171.0,AC,highway
2025-11-23 06:27:00,23,Charging Station 23,28.5045465658764,77.21377050917927,6,5,1,0.16666666666666663,1,70.07360684770313,17.518401711925783,31.0,AC,highway
2025-11-26 09:08:00,23,Charging Station 23,28.5045465658764,77.21377050917927,6,1,5,0.8333333333333334,1,13.4749338711327,3.368733467783175,77.0,AC,highway
2025-11-26 20:24:00,23,Charging Station 23,28.5045465658764,77.21377050917927,6,1,5,0.8333333333333334,1,25.611456582004823,6.402864145501206,99.0,AC,highway
2025-11-28 06:43:00,23,Charging Station 23,28.5045465658764,77.21377050917927,6,5,1,0.16666666666666663,0,0.0,0.0,47.0,AC,highway
2025-11-28 23:25:00,23,Charging Station 23,28.5045465658764,77.21377050917927,6,5,1,0.16666666666666663,0,0.0,0.0,28.0,AC,highway
2025-11-29 04:36:00,23,Charging Station 23,28.5045465658764,77.21377050917927,6,6,0,0.0,0,0.0,0.0,104.0,AC,highway
2025-12-02 03:05:00,23,Charging Station 23,28.5045465658764,77.21377050917927,6,6,0,0.0,1,97.84247391558215,24.460618478895537,76.0,AC,highway
2025-12-04 23:21:00,23,Charging Station 23,28.5045465658764,77.21377050917927,6,5,1,0.16666666666666663,1,132.9308440868336,33.2327110217084,29.0,AC,highway
2025-12-06 19:53:00,23,Charging Station 23,28.5045465658764,77.21377050917927,6,2,4,0.6666666666666667,0,0.0,0.0,36.0,AC,highway
2025-12-07 11:58:00,23,Charging Station 23,28.5045465658764,77.21377050917927,6,3,3,0.5,2,269.6844399746369,67.42110999365923,148.5,AC,highway
2025-12-07 16:25:00,23,Charging Station 23,28.5045465658764,77.21377050917927,6,3,3,0.5,1,39.71998999757831,9.929997499394577,100.0,AC,highway
2025-12-08 04:47:00,23,Charging Station 23,28.5045465658764,77.21377050917927,6,6,0,0.0,0,0.0,0.0,90.0,AC,highway
2025-12-09 07:58:00,23,Charging Station 23,28.5045465658764,77.21377050917927,6,3,3,0.5,0,0.0,0.0,150.0,AC,highway
2025-12-11 17:21:00,23,Charging Station 23,28.5045465658764,77.21377050917927,6,1,5,0.8333333333333334,0,0.0,0.0,118.0,AC,highway
2025-12-11 18:38:00,23,Charging Station 23,28.5045465658764,77.21377050917927,6,0,6,1.0,3,185.10796271661985,46.27699067915496,61.0,AC,highway
2025-12-12 09:18:00,23,Charging Station 23,28.5045465658764,77.21377050917927,6,1,5,0.8333333333333334,0,0.0,0.0,23.0,AC,highway
2025-12-13 07:09:00,23,Charging Station 23,28.5045465658764,77.21377050917927,6,4,2,0.33333333333333337,0,0.0,0.0,106.0,AC,highway
2025-12-13 10:09:00,23,Charging Station 23,28.5045465658764,77.21377050917927,6,3,3,0.5,0,0.0,0.0,43.0,AC,highway
2025-12-17 00:03:00,23,Charging Station 23,28.5045465658764,77.21377050917927,6,5,1,0.16666666666666663,1,48.57793360982846,12.144483402457116,41.0,AC,highway
2025-12-18 11:11:00,23,Charging Station 23,28.5045465658764,77.21377050917927,6,2,4,0.6666666666666667,0,0.0,0.0,57.0,AC,highway
2025-12-18 19:35:00,23,Charging Station 23,28.5045465658764,77.21377050917927,6,1,5,0.8333333333333334,0,0.0,0.0,92.0,AC,highway
2025-12-19 01:00:00,23,Charging Station 23,28.5045465658764,77.21377050917927,6,6,0,0.0,1,51.813509821166996,12.953377455291749,31.0,AC,highway
2025-12-21 11:03:00,23,Charging Station 23,28.5045465658764,77.21377050917927,6,3,3,0.5,1,302.4237631573794,75.60594078934486,15.0,AC,highway
2025-12-22 05:44:00,23,Charging Station 23,28.5045465658764,77.21377050917927,6,6,0,0.0,0,0.0,0.0,113.0,AC,highway
2025-12-22 08:22:00,23,Charging Station 23,28.5045465658764,77.21377050917927,6,1,5,0.8333333333333334,3,214.40338018774526,53.600845046936314,65.33333333333333,AC,highway
2025-12-26 14:21:00,23,Charging Station 23,28.5045465658764,77.21377050917927,6,2,4,0.6666666666666667,1,203.2863707849499,50.821592696237474,114.0,AC,highway
2025-12-26 21:45:00,23,Charging Station 23,28.5045465658764,77.21377050917927,6,2,4,0.6666666666666667,1,64.92583556989368,16.23145889247342,69.0,AC,highway
2025-12-27 03:18:00,23,Charging Station 23,28.5045465658764,77.21377050917927,6,6,0,0.0,1,66.86105428174675,16.715263570436687,257.0,AC,highway
2025-01-01 18:07:00,24,Charging Station 24,28.406285837137347,77.31820520563188,10,1,9,0.9,2,125.4508531099473,31.362713277486826,60.5,AC,residential
2025-01-02 00:11:00,24,Charging Station 24,28.406285837137347,77.31820520563188,10,9,1,0.09999999999999998,0,0.0,0.0,111.0,AC,residential
2025-01-05 00:36:00,24,Charging Station 24,28.406285837137347,77.31820520563188,10,9,1,0.09999999999999998,0,0.0,0.0,25.0,AC,residential
2025-01-07 20:16:00,24,Charging Station 24,28.406285837137347,77.31820520563188,10,2,8,0.8,0,0.0,0.0,259.0,AC,residential
2025-01-07 20:23:00,24,Charging Station 24,28.406285837137347,77.31820520563188,10,4,6,0.6,0,0.0,0.0,89.0,AC,residential
2025-01-08 00:06:00,24,Charging Station 24,28.406285837137347,77.31820520563188,10,10,0,0.0,0,0.0,0.0,258.0,AC,residential
2025-01-08 07:58:00,24,Charging Station 24,28.406285837137347,77.31820520563188,10,6,4,0.4,0,0.0,0.0,65.0,AC,residential
2025-01-09 12:50:00,24,Charging Station 24,28.406285837137347,77.31820520563188,10,4,6,0.6,2,65.45402974767062,16.363507436917654,58.5,AC,residential
2025-01-10 06:25:00,24,Charging Station 24,28.406285837137347,77.31820520563188,10,7,3,0.30000000000000004,0,0.0,0.0,103.0,AC,residential
2025-01-11 07:44:00,24,Charging Station 24,28.406285837137347,77.31820520563188,10,7,3,0.30000000000000004,0,0.0,0.0,107.0,AC,residential
2025-01-13 08:01:00,24,Charging Station 24,28.406285837137347,77.31820520563188,10,4,6,0.6,0,0.0,0.0,89.0,AC,residential
2025-01-14 09:32:00,24,Charging Station 24,28.406285837137347,77.31820520563188,10,2,8,0.8,0,0.0,0.0,48.0,AC,residential
2025-01-14 10:50:00,24,Charging Station 24,28.406285837137347,77.31820520563188,10,2,8,0.8,2,55.49140096558114,13.872850241395286,163.0,AC,residential
2025-01-19 05:47:00,24,Charging Station 24,28.406285837137347,77.31820520563188,10,9,1,0.09999999999999998,2,110.69174806832896,27.67293701708224,66.0,AC,residential
2025-01-19 10:01:00,24,Charging Station 24,28.406285837137347,77.31820520563188,10,4,6,0.6,1,22.985466096896353,5.746366524224088,84.0,AC,residential
2025-01-20 00:16:00,24,Charging Station 24,28.406285837137347,77.31820520563188,10,9,1,0.09999999999999998,0,0.0,0.0,223.0,AC,residential
2025-01-23 17:55:00,24,Charging Station 24,28.406285837137347,77.31820520563188,10,1,9,0.9,0,0.0,0.0,75.0,AC,residential
2025-01-24 08:41:00,24,Charging Station 24,28.406285837137347,77.31820520563188,10,4,6,0.6,3,80.6654942941187,20.166373573529675,137.0,AC,residential
2025-01-25 14:03:00,24,Charging Station 24,28.406285837137347,77.31820520563188,10,6,4,0.4,0,0.0,0.0,26.0,AC,residential
2025-01-25 23:12:00,24,Charging Station 24,28.406285837137347,77.31820520563188,10,8,2,0.19999999999999996,0,0.0,0.0,42.0,AC,residential
2025-01-29 03:54:00,24,Charging Station 24,28.406285837137347,77.31820520563188,10,10,0,0.0,0,0.0,0.0,95.0,AC,residential
2025-01-29 10:47:00,24,Charging Station 24,28.406285837137347,77.31820520563188,10,1,9,0.9,2,169.84940561171265,42.462351402928164,96.0,AC,residential
2025-01-29 18:48:00,24,Charging Station 24,28.406285837137347,77.31820520563188,10,0,10,1.0,2,56.42831901998343,14.107079754995857,123.5,AC,residential
2025-01-30 02:16:00,24,Charging Station 24,28.406285837137347,77.31820520563188,10,10,0,0.0,0,0.0,0.0,155.0,AC,residential
2025-01-30 06:57:00,24,Charging Station 24,28.406285837137347,77.31820520563188,10,7,3,0.30000000000000004,0,0.0,0.0,298.0,AC,residential
2025-02-01 07:48:00,24,Charging Station 24,28.406285837137347,77.31820520563188,10,7,3,0.30000000000000004,1,96.98659478578463,24.246648696446158,100.0,AC,residential
2025-02-01 15:39:00,24,Charging Station 24,28.406285837137347,77.31820520563188,10,5,5,0.5,0,0.0,0.0,38.0,AC,residential
2025-02-01 21:29:00,24,Charging Station 24,28.406285837137347,77.31820520563188,10,6,4,0.4,2,212.22480637897874,53.056201594744685,165.5,AC,residential
2025-02-02 01:33:00,24,Charging Station 24,28.406285837137347,77.31820520563188,10,9,1,0.09999999999999998,1,62.61270303180134,15.653175757950335,49.0,AC,residential
2025-02-05 23:00:00,24,Charging Station 24,28.406285837137347,77.31820520563188,10,9,1,0.09999999999999998,1,30.949333476532477,7.737333369133119,112.0,AC,residential
2025-02-08 06:14:00,24,Charging Station 24,28.406285837137347,77.31820520563188,10,8,2,0.19999999999999996,0,0.0,0.0,223.0,AC,residential
2025-02-08 06:43:00,24,Charging Station 24,28.406285837137347,77.31820520563188,10,8,2,0.19999999999999996,0,0.0,0.0,75.0,AC,residential
2025-02-09 10:51:00,24,Charging Station 24,28.406285837137347,77.31820520563188,10,4,6,0.6,1,76.64900300650733,19.162250751626832,70.0,AC,residential
2025-02-10 03:58:00,24,Charging Station 24,28.406285837137347,77.31820520563188,10,9,1,0.09999999999999998,0,0.0,0.0,42.0,AC,residential
2025-02-10 07:02:00,24,Charging Station 24,28.406285837137347,77.31820520563188,10,6,4,0.4,0,0.0,0.0,51.0,AC,residential
2025-02-10 11:49:00,24,Charging Station 24,28.406285837137347,77.31820520563188,10,2,8,0.8,1,27.29696172361373,6.824240430903433,237.0,AC,residential
2025-02-14 20:43:00,24,Charging Station 24,28.406285837137347,77.31820520563188,10,2,8,0.8,0,0.0,0.0,116.0,AC,residential
2025-02-15 06:58:00,24,Charging Station 24,28.406285837137347,77.31820520563188,10,9,1,0.09999999999999998,0,0.0,0.0,19.0,AC,residential
2025-02-15 07:42:00,24,Charging Station 24,28.406285837137347,77.31820520563188,10,8,2,0.19999999999999996,0,0.0,0.0,26.0,AC,residential
2025-02-17 23:40:00,24,Charging Station 24,28.406285837137347,77.31820520563188,10,8,2,0.19999999999999996,0,0.0,0.0,31.0,AC,residential
2025-02-22 15:38:00,24,Charging Station 24,28.406285837137347,77.31820520563188,10,5,5,0.5,0,0.0,0.0,138.0,AC,residential
2025-02-25 18:38:00,24,Charging Station 24,28.406285837137347,77.31820520563188,10,1,9,0.9,2,53.57931145651254,13.394827864128136,152.0,AC,residential
2025-02-27 02:29:00,24,Charging Station 24,28.406285837137347,77.31820520563188,10,10,0,0.0,0,0.0,0.0,27.0,AC,residential
2025-03-06 07:51:00,24,Charging Station 24,28.406285837137347,77.31820520563188,10,6,4,0.4,0,0.0,0.0,99.0,AC,residential
2025-03-15 01:54:00,24,Charging Station 24,28.406285837137347,77.31820520563188,10,10,0,0.0,2,125.98588712372806,31.496471780932016,146.0,AC,residential
2025-03-15 16:56:00,24,Charging Station 24,28.406285837137347,77.31820520563188,10,4,6,0.6,0,0.0,0.0,93.0,AC,residential
2025-03-16 00:18:00,24,Charging Station 24,28.406285837137347,77.31820520563188,10,9,1,0.09999999999999998,0,0.0,0.0,41.0,AC,residential
2025-03-18 22:49:00,24,Charging Station 24,28.406285837137347,77.31820520563188,10,7,3,0.30000000000000004,0,0.0,0.0,47.0,AC,residential
2025-03-19 18:11:00,24,Charging Station 24,28.406285837137347,77.31820520563188,10,1,9,0.9,4,264.85885146273336,66.21471286568334,79.0,AC,residential
2025-03-20 09:41:00,24,Charging Station 24,28.406285837137347,77.31820520563188,10,1,9,0.9,0,0.0,0.0,44.0,AC,residential
2025-03-23 05:27:00,24,Charging Station 24,28.406285837137347,77.31820520563188,10,9,1,0.09999999999999998,0,0.0,0.0,71.0,AC,residential
2025-03-24 00:20:00,24,Charging Station 24,28.406285837137347,77.31820520563188,10,9,1,0.09999999999999998,0,0.0,0.0,60.0,AC,residential
2025-03-25 10:40:00,24,Charging Station 24,28.406285837137347,77.31820520563188,10,0,10,1.0,1,35.463229039509315,8.865807259877329,108.0,AC,residential
2025-03-26 00:42:00,24,Charging Station 24,28.406285837137347,77.31820520563188,10,10,0,0.0,0,0.0,0.0,16.0,AC,residential
2025-03-27 00:43:00,24,Charging Station 24,28.406285837137347,77.31820520563188,10,9,1,0.09999999999999998,1,8.497718961313405,2.124429740328351,71.0,AC,residential
2025-03-27 15:50:00,24,Charging Station 24,28.406285837137347,77.31820520563188,10,4,6,0.6,0,0.0,0.0,113.0,AC,residential
2025-03-28 09:06:00,24,Charging Station 24,28.406285837137347,77.31820520563188,10,2,8,0.8,0,0.0,0.0,36.0,AC,residential
2025-03-29 10:28:00,24,Charging Station 24,28.406285837137347,77.31820520563188,10,4,6,0.6,1,114.92869100569318,28.732172751423295,65.0,AC,residential
2025-03-30 17:46:00,24,Charging Station 24,28.406285837137347,77.31820520563188,10,3,7,0.7,1,26.23669419948735,6.559173549871837,218.0,AC,residential
2025-04-02 09:07:00,24,Charging Station 24,28.406285837137347,77.31820520563188,10,3,7,0.7,1,59.83607928172966,14.959019820432415,96.0,AC,residential
2025-04-02 09:43:00,24,Charging Station 24,28.406285837137347,77.31820520563188,10,2,8,0.8,1,35.61461770035176,8.90365442508794,69.0,AC,residential
2025-04-04 03:00:00,24,Charging Station 24,28.406285837137347,77.31820520563188,10,10,0,0.0,1,21.863186737763876,5.465796684440969,95.0,AC,residential
2025-04-05 11:15:00,24,Charging Station 24,28.406285837137347,77.31820520563188,10,5,5,0.5,0,0.0,0.0,94.0,AC,residential
2025-04-05 16:46:00,24,Charging Station 24,28.406285837137347,77.31820520563188,10,5,5,0.5,2,320.98494530359324,80.24623632589831,32.0,AC,residential
2025-04-08 06:06:00,24,Charging Station 24,28.406285837137347,77.31820520563188,10,8,2,0.19999999999999996,1,12.733145351012318,3.1832863377530796,39.0,AC,residential
2025-04-09 21:34:00,24,Charging Station 24,28.406285837137347,77.31820520563188,10,4,6,0.6,0,0.0,0.0,32.0,AC,residential
2025-04-11 12:16:00,24,Charging Station 24,28.406285837137347,77.31820520563188,10,4,6,0.6,0,0.0,0.0,72.0,AC,residential
2025-04-17 08:36:00,24,Charging Station 24,28.406285837137347,77.31820520563188,10,3,7,0.7,0,0.0,0.0,86.0,AC,residential
2025-04-17 19:10:00,24,Charging Station 24,28.406285837137347,77.31820520563188,10,2,8,0.8,1,39.925785181209946,9.981446295302487,53.0,AC,residential
2025-04-23 17:40:00,24,Charging Station 24,28.406285837137347,77.31820520563188,10,1,9,0.9,1,43.45812676761178,10.864531691902945,85.0,AC,residential
2025-04-25 06:50:00,24,Charging Station 24,28.406285837137347,77.31820520563188,10,8,2,0.19999999999999996,1,56.560642367752344,14.140160591938086,36.0,AC,residential
2025-04-28 21:31:00,24,Charging Station 24,28.406285837137347,77.31820520563188,10,4,6,0.6,0,0.0,0.0,56.0,AC,residential
2025-04-29 04:18:00,24,Charging Station 24,28.406285837137347,77.31820520563188,10,10,0,0.0,0,0.0,0.0,55.0,AC,residential
2025-04-30 09:34:00,24,Charging Station 24,28.406285837137347,77.31820520563188,10,2,8,0.8,0,0.0,0.0,59.0,AC,residential
2025-05-05 01:11:00,24,Charging Station 24,28.406285837137347,77.31820520563188,10,9,1,0.09999999999999998,1,86.3274635241061,21.581865881026523,71.0,AC,residential
2025-05-05 03:04:00,24,Charging Station 24,28.406285837137347,77.31820520563188,10,10,0,0.0,2,116.26911919573298,29.067279798933246,101.5,AC,residential
2025-05-07 07:32:00,24,Charging Station 24,28.406285837137347,77.31820520563188,10,7,3,0.30000000000000004,0,0.0,0.0,33.0,AC,residential
2025-05-07 18:58:00,24,Charging Station 24,28.406285837137347,77.31820520563188,10,1,9,0.9,0,0.0,0.0,62.0,AC,residential
2025-05-07 19:10:00,24,Charging Station 24,28.406285837137347,77.31820520563188,10,2,8,0.8,0,0.0,0.0,35.0,AC,residential
2025-05-09 21:04:00,24,Charging Station 24,28.406285837137347,77.31820520563188,10,4,6,0.6,1,72.95888069011372,18.23972017252843,31.0,AC,residential
2025-05-11 10:22:00,24,Charging Station 24,28.406285837137347,77.31820520563188,10,4,6,0.6,0,0.0,0.0,104.0,AC,residential
2025-05-11 15:15:00,24,Charging Station 24,28.406285837137347,77.31820520563188,10,5,5,0.5,1,59.93086863875561,14.982717159688903,104.0,AC,residential
2025-05-12 06:04:00,24,Charging Station 24,28.406285837137347,77.31820520563188,10,8,2,0.19999999999999996,1,41.09417885082341,10.273544712705853,247.0,AC,residential
2025-05-13 23:07:00,24,Charging Station 24,28.406285837137347,77.31820520563188,10,7,3,0.30000000000000004,0,0.0,0.0,37.0,AC,residential
2025-05-15 13:58:00,24,Charging Station 24,28.406285837137347,77.31820520563188,10,4,6,0.6,1,31.052450787315035,7.763112696828759,46.0,AC,residential
2025-05-17 06:46:00,24,Charging Station 24,28.406285837137347,77.31820520563188,10,9,1,0.09999999999999998,1,27.070518911333078,6.7676297278332695,113.0,AC,residential
2025-05-18 16:42:00,24,Charging Station 24,28.406285837137347,77.31820520563188,10,5,5,0.5,0,0.0,0.0,32.0,AC,residential
2025-05-24 03:11:00,24,Charging Station 24,28.406285837137347,77.31820520563188,10,10,0,0.0,0,0.0,0.0,61.0,AC,residential
2025-05-24 22:54:00,24,Charging Station 24,28.406285837137347,77.31820520563188,10,7,3,0.30000000000000004,0,0.0,0.0,74.0,AC,residential
2025-05-25 07:57:00,24,Charging Station 24,28.406285837137347,77.31820520563188,10,8,2,0.19999999999999996,0,0.0,0.0,118.0,AC,residential
2025-05-26 23:00:00,24,Charging Station 24,28.406285837137347,77.31820520563188,10,8,2,0.19999999999999996,0,0.0,0.0,105.0,AC,residential
2025-06-01 03:49:00,24,Charging Station 24,28.406285837137347,77.31820520563188,10,10,0,0.0,1,26.110861186197155,6.527715296549289,72.0,AC,residential
2025-06-04 19:40:00,24,Charging Station 24,28.406285837137347,77.31820520563188,10,2,8,0.8,0,0.0,0.0,18.0,AC,residential
2025-06-05 17:12:00,24,Charging Station 24,28.406285837137347,77.31820520563188,10,1,9,0.9,1,21.29818083350136,5.32454520837534,45.0,AC,residential
2025-06-05 18:26:00,24,Charging Station 24,28.406285837137347,77.31820520563188,10,1,9,0.9,1,32.348366594348036,8.087091648587009,161.0,AC,residential
2025-06-07 13:05:00,24,Charging Station 24,28.406285837137347,77.31820520563188,10,6,4,0.4,1,12.376072264883645,3.094018066220911,49.0,AC,residential
2025-06-07 23:01:00,24,Charging Station 24,28.406285837137347,77.31820520563188,10,8,2,0.19999999999999996,1,80.77765387765518,20.194413469413796,71.0,AC,residential
2025-06-09 11:18:00,24,Charging Station 24,28.406285837137347,77.31820520563188,10,2,8,0.8,0,0.0,0.0,75.0,AC,residential
2025-06-09 21:11:00,24,Charging Station 24,28.406285837137347,77.31820520563188,10,3,7,0.7,0,0.0,0.0,135.0,AC,residential
2025-06-10 08:17:00,24,Charging Station 24,28.406285837137347,77.31820520563188,10,3,7,0.7,3,147.193726768282,36.7984316920705,109.66666666666667,AC,residential
2025-06-11 02:39:00,24,Charging Station 24,28.406285837137347,77.31820520563188,10,9,1,0.09999999999999998,0,0.0,0.0,20.0,AC,residential
2025-06-12 08:50:00,24,Charging Station 24,28.406285837137347,77.31820520563188,10,4,6,0.6,1,42.3366870701979,10.584171767549474,33.0,AC,residential
2025-06-14 05:46:00,24,Charging Station 24,28.406285837137347,77.31820520563188,10,8,2,0.19999999999999996,0,0.0,0.0,72.0,AC,residential
2025-06-17 23:46:00,24,Charging Station 24,28.406285837137347,77.31820520563188,10,7,3,0.30000000000000004,0,0.0,0.0,115.0,AC,residential
2025-06-21 08:25:00,24,Charging Station 24,28.406285837137347,77.31820520563188,10,5,5,0.5,1,192.4889702626508,48.1222425656627,22.0,AC,residential
2025-06-25 09:55:00,24,Charging Station 24,28.406285837137347,77.31820520563188,10,3,7,0.7,0,0.0,0.0,100.0,AC,residential
2025-06-25 15:01:00,24,Charging Station 24,28.406285837137347,77.31820520563188,10,3,7,0.7,1,51.920701517137935,12.980175379284484,182.0,AC,residential
2025-06-28 10:13:00,24,Charging Station 24,28.406285837137347,77.31820520563188,10,5,5,0.5,0,0.0,0.0,111.0,AC,residential
2025-06-29 00:56:00,24,Charging Station 24,28.406285837137347,77.31820520563188,10,9,1,0.09999999999999998,0,0.0,0.0,109.0,AC,residential
2025-06-29 12:32:00,24,Charging Station 24,28.406285837137347,77.31820520563188,10,5,5,0.5,1,47.54333617715256,11.88583404428814,86.0,AC,residential
2025-06-30 20:14:00,24,Charging Station 24,28.406285837137347,77.31820520563188,10,3,7,0.7,0,0.0,0.0,55.0,AC,residential
2025-07-01 17:49:00,24,Charging Station 24,28.406285837137347,77.31820520563188,10,1,9,0.9,1,28.063926534226376,7.015981633556594,25.0,AC,residential
2025-07-02 09:13:00,24,Charging Station 24,28.406285837137347,77.31820520563188,10,1,9,0.9,0,0.0,0.0,78.0,AC,residential
2025-07-03 13:02:00,24,Charging Station 24,28.406285837137347,77.31820520563188,10,3,7,0.7,0,0.0,0.0,107.0,AC,residential
2025-07-04 14:43:00,24,Charging Station 24,28.406285837137347,77.31820520563188,10,4,6,0.6,0,0.0,0.0,39.0,AC,residential
2025-07-04 16:13:00,24,Charging Station 24,28.406285837137347,77.31820520563188,10,2,8,0.8,0,0.0,0.0,76.0,AC,residential
2025-07-04 21:28:00,24,Charging Station 24,28.406285837137347,77.31820520563188,10,4,6,0.6,1,23.379961047069987,5.844990261767497,89.0,AC,residential
2025-07-06 14:38:00,24,Charging Station 24,28.406285837137347,77.31820520563188,10,5,5,0.5,0,0.0,0.0,102.0,AC,residential
2025-07-06 18:05:00,24,Charging Station 24,28.406285837137347,77.31820520563188,10,3,7,0.7,1,127.01393010167476,31.75348252541869,178.0,AC,residential
2025-07-07 10:35:00,24,Charging Station 24,28.406285837137347,77.31820520563188,10,1,9,0.9,1,115.02495377594752,28.75623844398688,141.0,AC,residential
2025-07-11 12:48:00,24,Charging Station 24,28.406285837137347,77.31820520563188,10,3,7,0.7,1,46.86854704627873,11.717136761569682,34.0,AC,residential
2025-07-14 06:39:00,24,Charging Station 24,28.406285837137347,77.31820520563188,10,8,2,0.19999999999999996,1,11.031509082255415,2.7578772705638537,226.0,AC,residential
2025-07-15 13:38:00,24,Charging Station 24,28.406285837137347,77.31820520563188,10,4,6,0.6,0,0.0,0.0,113.0,AC,residential
2025-07-16 08:07:00,24,Charging Station 24,28.406285837137347,77.31820520563188,10,3,7,0.7,2,49.196137121430695,12.299034280357674,26.5,AC,residential
2025-07-21 08:04:00,24,Charging Station 24,28.406285837137347,77.31820520563188,10,3,7,0.7,4,312.62048537813837,78.15512134453459,69.5,AC,residential
2025-07-21 10:14:00,24,Charging Station 24,28.406285837137347,77.31820520563188,10,2,8,0.8,0,0.0,0.0,102.0,AC,residential
2025-07-23 22:55:00,24,Charging Station 24,28.406285837137347,77.31820520563188,10,7,3,0.30000000000000004,0,0.0,0.0,65.0,AC,residential
2025-07-26 12:30:00,24,Charging Station 24,28.406285837137347,77.31820520563188,10,5,5,0.5,0,0.0,0.0,24.0,AC,residential
2025-07-26 12:39:00,24,Charging Station 24,28.406285837137347,77.31820520563188,10,5,5,0.5,0,0.0,0.0,68.0,AC,residential
2025-07-31 15:18:00,24,Charging Station 24,28.406285837137347,77.31820520563188,10,4,6,0.6,2,107.80532365967215,26.95133091491804,65.5,AC,residential
2025-07-31 17:26:00,24,Charging Station 24,28.406285837137347,77.31820520563188,10,1,9,0.9,1,74.81201219734696,18.70300304933674,55.0,AC,residential
2025-08-01 06:42:00,24,Charging Station 24,28.406285837137347,77.31820520563188,10,7,3,0.30000000000000004,1,47.99388493326885,11.998471233317213,39.0,AC,residential
2025-08-01 13:24:00,24,Charging Station 24,28.406285837137347,77.31820520563188,10,4,6,0.6,1,45.22882650927315,11.307206627318287,68.0,AC,residential
2025-08-02 05:49:00,24,Charging Station 24,28.406285837137347,77.31820520563188,10,9,1,0.09999999999999998,0,0.0,0.0,77.0,AC,residential
2025-08-02 11:09:00,24,Charging Station 24,28.406285837137347,77.31820520563188,10,4,6,0.6,1,101.4324859251075,25.358121481276875,93.0,AC,residential
2025-08-03 14:20:00,24,Charging Station 24,28.406285837137347,77.31820520563188,10,5,5,0.5,1,107.7317262123871,26.932931553096775,84.0,AC,residential
2025-08-05 08:12:00,24,Charging Station 24,28.406285837137347,77.31820520563188,10,3,7,0.7,4,82.0448533471824,20.5112133367956,39.25,AC,residential
2025-08-08 22:25:00,24,Charging Station 24,28.406285837137347,77.31820520563188,10,6,4,0.4,1,46.33789977081201,11.584474942703002,117.0,AC,residential
2025-08-10 15:07:00,24,Charging Station 24,28.406285837137347,77.31820520563188,10,6,4,0.4,0,0.0,0.0,59.0,AC,residential
2025-08-15 04:15:00,24,Charging Station 24,28.406285837137347,77.31820520563188,10,10,0,0.0,0,0.0,0.0,81.0,AC,residential
2025-08-15 21:06:00,24,Charging Station 24,28.406285837137347,77.31820520563188,10,3,7,0.7,0,0.0,0.0,82.0,AC,residential
2025-08-20 10:20:00,24,Charging Station 24,28.406285837137347,77.31820520563188,10,3,7,0.7,0,0.0,0.0,33.0,AC,residential
2025-08-20 12:36:00,24,Charging Station 24,28.406285837137347,77.31820520563188,10,4,6,0.6,0,0.0,0.0,78.0,AC,residential
2025-08-20 14:50:00,24,Charging Station 24,28.406285837137347,77.31820520563188,10,3,7,0.7,1,8.254912698720346,2.0637281746800866,25.0,AC,residential
2025-08-22 07:45:00,24,Charging Station 24,28.406285837137347,77.31820520563188,10,6,4,0.4,0,0.0,0.0,64.0,AC,residential
2025-08-22 12:09:00,24,Charging Station 24,28.406285837137347,77.31820520563188,10,3,7,0.7,0,0.0,0.0,236.0,AC,residential
2025-08-26 14:27:00,24,Charging Station 24,28.406285837137347,77.31820520563188,10,3,7,0.7,2,94.86975082083106,23.717437705207765,46.5,AC,residential
2025-08-28 13:49:00,24,Charging Station 24,28.406285837137347,77.31820520563188,10,4,6,0.6,0,0.0,0.0,57.0,AC,residential
2025-09-04 02:46:00,24,Charging Station 24,28.406285837137347,77.31820520563188,10,10,0,0.0,0,0.0,0.0,132.0,AC,residential
2025-09-05 12:16:00,24,Charging Station 24,28.406285837137347,77.31820520563188,10,4,6,0.6,1,64.54692516662367,16.136731291655916,33.0,AC,residential
2025-09-06 14:44:00,24,Charging Station 24,28.406285837137347,77.31820520563188,10,6,4,0.4,1,9.760584507270744,2.440146126817686,16.0,AC,residential
2025-09-09 12:34:00,24,Charging Station 24,28.406285837137347,77.31820520563188,10,4,6,0.6,1,204.06202575844006,51.015506439610014,64.0,AC,residential
2025-09-09 14:06:00,24,Charging Station 24,28.406285837137347,77.31820520563188,10,4,6,0.6,0,0.0,0.0,232.0,AC,residential
2025-09-10 19:47:00,24,Charging Station 24,28.406285837137347,77.31820520563188,10,1,9,0.9,0,0.0,0.0,28.0,AC,residential
2025-09-11 23:41:00,24,Charging Station 24,28.406285837137347,77.31820520563188,10,9,1,0.09999999999999998,3,224.69190872755533,56.17297718188883,83.33333333333333,AC,residential
2025-09-12 07:50:00,24,Charging Station 24,28.406285837137347,77.31820520563188,10,6,4,0.4,2,103.92780588508256,25.98195147127064,70.0,AC,residential
2025-09-12 12:54:00,24,Charging Station 24,28.406285837137347,77.31820520563188,10,3,7,0.7,0,0.0,0.0,81.0,AC,residential
2025-09-12 13:22:00,24,Charging Station 24,28.406285837137347,77.31820520563188,10,5,5,0.5,0,0.0,0.0,189.0,AC,residential
2025-09-13 08:50:00,24,Charging Station 24,28.406285837137347,77.31820520563188,10,6,4,0.4,3,175.684899866847,43.92122496671175,41.0,AC,residential
2025-09-14 04:21:00,24,Charging Station 24,28.406285837137347,77.31820520563188,10,9,1,0.09999999999999998,0,0.0,0.0,282.0,AC,residential
2025-09-15 04:46:00,24,Charging Station 24,28.406285837137347,77.31820520563188,10,9,1,0.09999999999999998,0,0.0,0.0,43.0,AC,residential
2025-09-15 19:53:00,24,Charging Station 24,28.406285837137347,77.31820520563188,10,1,9,0.9,2,34.090167112915836,8.522541778228959,58.0,AC,residential
2025-09-17 04:00:00,24,Charging Station 24,28.406285837137347,77.31820520563188,10,10,0,0.0,0,0.0,0.0,70.0,AC,residential
2025-09-17 04:44:00,24,Charging Station 24,28.406285837137347,77.31820520563188,10,10,0,0.0,0,0.0,0.0,28.0,AC,residential
2025-09-20 13:32:00,24,Charging Station 24,28.406285837137347,77.31820520563188,10,6,4,0.4,1,34.91502737805258,8.728756844513144,105.0,AC,residential
2025-09-21 06:55:00,24,Charging Station 24,28.406285837137347,77.31820520563188,10,8,2,0.19999999999999996,0,0.0,0.0,86.0,AC,residential
2025-09-22 08:10:00,24,Charging Station 24,28.406285837137347,77.31820520563188,10,2,8,0.8,4,420.19828394289675,105.04957098572419,114.5,AC,residential
2025-09-24 08:52:00,24,Charging Station 24,28.406285837137347,77.31820520563188,10,2,8,0.8,4,59.606301486055415,14.901575371513854,147.5,AC,residential
2025-10-01 05:31:00,24,Charging Station 24,28.406285837137347,77.31820520563188,10,9,1,0.09999999999999998,1,89.84729013163827,22.46182253290957,84.0,AC,residential
2025-10-15 08:32:00,24,Charging Station 24,28.406285837137347,77.31820520563188,10,3,7,0.7,2,46.35329246506738,11.588323116266846,45.0,AC,residential
2025-10-15 19:58:00,24,Charging Station 24,28.406285837137347,77.31820520563188,10,2,8,0.8,1,17.844104406648935,4.461026101662234,68.0,AC,residential
2025-10-15 20:00:00,24,Charging Station 24,28.406285837137347,77.31820520563188,10,2,8,0.8,2,28.544715164656683,7.136178791164171,63.0,AC,residential
2025-10-17 21:55:00,24,Charging Station 24,28.406285837137347,77.31820520563188,10,4,6,0.6,0,0.0,0.0,71.0,AC,residential
2025-10-20 13:09:00,24,Charging Station 24,28.406285837137347,77.31820520563188,10,4,6,0.6,3,212.66241315703957,53.16560328925989,109.66666666666667,AC,residential
2025-10-21 00:45:00,24,Charging Station 24,28.406285837137347,77.31820520563188,10,10,0,0.0,0,0.0,0.0,54.0,AC,residential
2025-10-21 03:23:00,24,Charging Station 24,28.406285837137347,77.31820520563188,10,10,0,0.0,0,0.0,0.0,102.0,AC,residential
2025-10-21 14:57:00,24,Charging Station 24,28.406285837137347,77.31820520563188,10,3,7,0.7,0,0.0,0.0,34.0,AC,residential
2025-11-02 23:29:00,24,Charging Station 24,28.406285837137347,77.31820520563188,10,8,2,0.19999999999999996,0,0.0,0.0,22.0,AC,residential
2025-11-04 21:46:00,24,Charging Station 24,28.406285837137347,77.31820520563188,10,5,5,0.5,2,115.03151732612451,28.75787933153113,39.5,AC,residential
2025-11-05 13:04:00,24,Charging Station 24,28.406285837137347,77.31820520563188,10,4,6,0.6,0,0.0,0.0,72.0,AC,residential
2025-11-07 20:20:00,24,Charging Station 24,28.406285837137347,77.31820520563188,10,3,7,0.7,1,46.811921986684325,11.702980496671081,84.0,AC,residential
2025-11-08 04:02:00,24,Charging Station 24,28.406285837137347,77.31820520563188,10,10,0,0.0,0,0.0,0.0,25.0,AC,residential
2025-11-13 03:39:00,24,Charging Station 24,28.406285837137347,77.31820520563188,10,10,0,0.0,0,0.0,0.0,62.0,AC,residential
2025-11-13 23:22:00,24,Charging Station 24,28.406285837137347,77.31820520563188,10,7,3,0.30000000000000004,1,174.91019621839885,43.72754905459971,48.0,AC,residential
2025-11-16 11:48:00,24,Charging Station 24,28.406285837137347,77.31820520563188,10,5,5,0.5,0,0.0,0.0,33.0,AC,residential
2025-11-16 17:45:00,24,Charging Station 24,28.406285837137347,77.31820520563188,10,3,7,0.7,3,91.98614133416385,22.99653533354096,81.0,AC,residential
2025-11-18 22:45:00,24,Charging Station 24,28.406285837137347,77.31820520563188,10,6,4,0.4,1,25.586082198720128,6.396520549680032,21.0,AC,residential
2025-11-19 04:09:00,24,Charging Station 24,28.406285837137347,77.31820520563188,10,10,0,0.0,1,67.77339840646961,16.943349601617403,78.0,AC,residential
2025-11-22 05:30:00,24,Charging Station 24,28.406285837137347,77.31820520563188,10,9,1,0.09999999999999998,2,93.34791113346449,23.336977783366123,81.5,AC,residential
2025-11-22 20:43:00,24,Charging Station 24,28.406285837137347,77.31820520563188,10,5,5,0.5,0,0.0,0.0,76.0,AC,residential
2025-11-26 10:14:00,24,Charging Station 24,28.406285837137347,77.31820520563188,10,1,9,0.9,1,72.8984439881225,18.224610997030624,64.0,AC,residential
2025-11-27 05:21:00,24,Charging Station 24,28.406285837137347,77.31820520563188,10,9,1,0.09999999999999998,1,53.29795390139057,13.324488475347643,68.0,AC,residential
2025-11-27 08:34:00,24,Charging Station 24,28.406285837137347,77.31820520563188,10,3,7,0.7,1,159.7359350108354,39.93398375270885,92.0,AC,residential
2025-12-01 15:48:00,24,Charging Station 24,28.406285837137347,77.31820520563188,10,4,6,0.6,1,88.45983512181282,22.114958780453204,56.0,AC,residential
2025-12-02 12:13:00,24,Charging Station 24,28.406285837137347,77.31820520563188,10,3,7,0.7,0,0.0,0.0,99.0,AC,residential
2025-12-04 10:56:00,24,Charging Station 24,28.406285837137347,77.31820520563188,10,2,8,0.8,0,0.0,0.0,46.0,AC,residential
2025-12-05 10:12:00,24,Charging Station 24,28.406285837137347,77.31820520563188,10,2,8,0.8,1,58.23550577192717,14.558876442981793,81.0,AC,residential
2025-12-06 18:21:00,24,Charging Station 24,28.406285837137347,77.31820520563188,10,4,6,0.6,0,0.0,0.0,29.0,AC,residential
2025-12-07 00:58:00,24,Charging Station 24,28.406285837137347,77.31820520563188,10,9,1,0.09999999999999998,0,0.0,0.0,105.0,AC,residential
2025-12-09 08:03:00,24,Charging Station 24,28.406285837137347,77.31820520563188,10,2,8,0.8,2,287.605882312776,71.901470578194,70.5,AC,residential
2025-12-12 17:28:00,24,Charging Station 24,28.406285837137347,77.31820520563188,10,2,8,0.8,0,0.0,0.0,94.0,AC,residential
2025-12-13 08:43:00,24,Charging Station 24,28.406285837137347,77.31820520563188,10,4,6,0.6,2,16.651831782913142,4.1629579457282855,109.0,AC,residential
2025-12-15 19:16:00,24,Charging Station 24,28.406285837137347,77.31820520563188,10,2,8,0.8,2,191.3568304333017,47.839207608325424,248.0,AC,residential
2025-12-17 05:22:00,24,Charging Station 24,28.406285837137347,77.31820520563188,10,9,1,0.09999999999999998,0,0.0,0.0,63.0,AC,residential
2025-12-19 14:54:00,24,Charging Station 24,28.406285837137347,77.31820520563188,10,3,7,0.7,1,268.99991869919694,67.24997967479923,15.0,AC,residential
2025-12-20 23:45:00,24,Charging Station 24,28.406285837137347,77.31820520563188,10,8,2,0.19999999999999996,0,0.0,0.0,47.0,AC,residential
2025-12-21 07:43:00,24,Charging Station 24,28.406285837137347,77.31820520563188,10,6,4,0.4,2,233.36697360680822,58.341743401702054,74.5,AC,residential
2025-12-23 16:27:00,24,Charging Station 24,28.406285837137347,77.31820520563188,10,3,7,0.7,1,67.91837597090569,16.97959399272642,73.0,AC,residential
2025-01-01 13:35:00,25,Charging Station 25,28.58151329478522,77.12464611457443,12,5,7,0.5833333333333333,1,133.90704557678396,33.47676139419599,86.0,Both,highway
2025-01-06 12:30:00,25,Charging Station 25,28.58151329478522,77.12464611457443,12,5,7,0.5833333333333333,0,0.0,0.0,53.0,Both,highway
2025-01-06 15:29:00,25,Charging Station 25,28.58151329478522,77.12464611457443,12,3,9,0.75,0,0.0,0.0,113.0,Both,highway
2025-01-11 19:09:00,25,Charging Station 25,28.58151329478522,77.12464611457443,12,5,7,0.5833333333333333,0,0.0,0.0,33.0,Both,highway
2025-01-13 01:23:00,25,Charging Station 25,28.58151329478522,77.12464611457443,12,11,1,0.08333333333333337,1,16.05711876978568,4.01427969244642,198.0,Both,highway
2025-01-13 13:14:00,25,Charging Station 25,28.58151329478522,77.12464611457443,12,5,7,0.5833333333333333,0,0.0,0.0,21.0,Both,highway
2025-01-14 14:01:00,25,Charging Station 25,28.58151329478522,77.12464611457443,12,5,7,0.5833333333333333,2,163.24031688264165,40.81007922066041,49.5,Both,highway
2025-01-15 18:27:00,25,Charging Station 25,28.58151329478522,77.12464611457443,12,0,12,1.0,2,27.49505861161989,6.873764652904972,102.0,Both,highway
2025-01-16 12:26:00,25,Charging Station 25,28.58151329478522,77.12464611457443,12,3,9,0.75,0,0.0,0.0,15.0,Both,highway
2025-01-17 01:41:00,25,Charging Station 25,28.58151329478522,77.12464611457443,12,12,0,0.0,1,42.91930489903923,10.729826224759808,15.0,Both,highway
2025-01-18 06:38:00,25,Charging Station 25,28.58151329478522,77.12464611457443,12,10,2,0.16666666666666663,0,0.0,0.0,118.0,Both,highway
2025-01-18 08:32:00,25,Charging Station 25,28.58151329478522,77.12464611457443,12,7,5,0.41666666666666663,3,178.55592075786237,44.63898018946559,43.333333333333336,Both,highway
2025-01-20 12:26:00,25,Charging Station 25,28.58151329478522,77.12464611457443,12,5,7,0.5833333333333333,0,0.0,0.0,175.0,Both,highway
2025-01-21 04:33:00,25,Charging Station 25,28.58151329478522,77.12464611457443,12,12,0,0.0,0,0.0,0.0,104.0,Both,highway
2025-01-23 23:37:00,25,Charging Station 25,28.58151329478522,77.12464611457443,12,10,2,0.16666666666666663,1,10.701658946930507,2.675414736732627,27.0,Both,highway
2025-01-26 18:54:00,25,Charging Station 25,28.58151329478522,77.12464611457443,12,5,7,0.5833333333333333,4,456.87208619635175,114.21802154908794,61.0,Both,highway
2025-01-26 21:05:00,25,Charging Station 25,28.58151329478522,77.12464611457443,12,8,4,0.33333333333333337,0,0.0,0.0,245.0,Both,highway
2025-01-27 20:01:00,25,Charging Station 25,28.58151329478522,77.12464611457443,12,3,9,0.75,1,106.07635722615336,26.51908930653834,154.0,Both,highway
2025-01-29 18:47:00,25,Charging Station 25,28.58151329478522,77.12464611457443,12,2,10,0.8333333333333334,0,0.0,0.0,18.0,Both,highway
2025-01-30 14:18:00,25,Charging Station 25,28.58151329478522,77.12464611457443,12,4,8,0.6666666666666667,1,22.871367421772455,5.717841855443114,244.0,Both,highway
2025-02-06 03:54:00,25,Charging Station 25,28.58151329478522,77.12464611457443,12,12,0,0.0,1,116.49354803329338,29.123387008323345,105.0,Both,highway
2025-02-06 04:17:00,25,Charging Station 25,28.58151329478522,77.12464611457443,12,12,0,0.0,0,0.0,0.0,73.0,Both,highway
2025-02-08 01:04:00,25,Charging Station 25,28.58151329478522,77.12464611457443,12,11,1,0.08333333333333337,1,84.25367154001374,21.063417885003435,33.0,Both,highway
2025-02-08 16:43:00,25,Charging Station 25,28.58151329478522,77.12464611457443,12,6,6,0.5,0,0.0,0.0,46.0,Both,highway
2025-02-09 02:25:00,25,Charging Station 25,28.58151329478522,77.12464611457443,12,12,0,0.0,0,0.0,0.0,70.0,Both,highway
2025-02-11 06:34:00,25,Charging Station 25,28.58151329478522,77.12464611457443,12,9,3,0.25,1,62.43464512835058,15.608661282087645,15.0,Both,highway
2025-02-13 18:18:00,25,Charging Station 25,28.58151329478522,77.12464611457443,12,2,10,0.8333333333333334,0,0.0,0.0,21.0,Both,highway
2025-02-21 12:31:00,25,Charging Station 25,28.58151329478522,77.12464611457443,12,5,7,0.5833333333333333,1,12.533479759719627,3.133369939929907,115.0,Both,highway
2025-02-21 17:03:00,25,Charging Station 25,28.58151329478522,77.12464611457443,12,2,10,0.8333333333333334,1,9.352864318609754,2.3382160796524385,61.0,Both,highway
2025-02-23 04:20:00,25,Charging Station 25,28.58151329478522,77.12464611457443,12,12,0,0.0,0,0.0,0.0,35.0,Both,highway
2025-03-01 08:23:00,25,Charging Station 25,28.58151329478522,77.12464611457443,12,6,6,0.5,3,65.17201001157464,16.29300250289366,49.666666666666664,Both,highway
2025-03-01 12:40:00,25,Charging Station 25,28.58151329478522,77.12464611457443,12,7,5,0.41666666666666663,0,0.0,0.0,26.0,Both,highway
2025-03-02 22:10:00,25,Charging Station 25,28.58151329478522,77.12464611457443,12,9,3,0.25,0,0.0,0.0,21.0,Both,highway
2025-03-04 09:08:00,25,Charging Station 25,28.58151329478522,77.12464611457443,12,3,9,0.75,0,0.0,0.0,35.0,Both,highway
2025-03-04 23:32:00,25,Charging Station 25,28.58151329478522,77.12464611457443,12,10,2,0.16666666666666663,0,0.0,0.0,46.0,Both,highway
2025-03-06 07:01:00,25,Charging Station 25,28.58151329478522,77.12464611457443,12,8,4,0.33333333333333337,0,0.0,0.0,71.0,Both,highway
2025-03-06 10:51:00,25,Charging Station 25,28.58151329478522,77.12464611457443,12,2,10,0.8333333333333334,0,0.0,0.0,34.0,Both,highway
2025-03-10 01:15:00,25,Charging Station 25,28.58151329478522,77.12464611457443,12,11,1,0.08333333333333337,1,109.53906144390513,27.38476536097628,75.0,Both,highway
2025-03-10 03:34:00,25,Charging Station 25,28.58151329478522,77.12464611457443,12,11,1,0.08333333333333337,1,27.823890774769378,6.9559726936923445,220.0,Both,highway
2025-03-15 12:35:00,25,Charging Station 25,28.58151329478522,77.12464611457443,12,7,5,0.41666666666666663,0,0.0,0.0,30.0,Both,highway
2025-03-15 21:35:00,25,Charging Station 25,28.58151329478522,77.12464611457443,12,7,5,0.41666666666666663,1,88.03153168616704,22.00788292154176,259.0,Both,highway
2025-03-16 02:31:00,25,Charging Station 25,28.58151329478522,77.12464611457443,12,12,0,0.0,0,0.0,0.0,25.0,Both,highway
2025-03-16 12:05:00,25,Charging Station 25,28.58151329478522,77.12464611457443,12,7,5,0.41666666666666663,0,0.0,0.0,117.0,Both,highway
2025-03-19 03:05:00,25,Charging Station 25,28.58151329478522,77.12464611457443,12,11,1,0.08333333333333337,1,79.00377776680276,19.75094444170069,21.0,Both,highway
2025-03-19 20:48:00,25,Charging Station 25,28.58151329478522,77.12464611457443,12,3,9,0.75,0,0.0,0.0,39.0,Both,highway
2025-03-23 14:31:00,25,Charging Station 25,28.58151329478522,77.12464611457443,12,6,6,0.5,1,70.03637057773368,17.50909264443342,278.0,Both,highway
2025-03-24 22:08:00,25,Charging Station 25,28.58151329478522,77.12464611457443,12,8,4,0.33333333333333337,0,0.0,0.0,17.0,Both,highway
2025-03-25 12:04:00,25,Charging Station 25,28.58151329478522,77.12464611457443,12,5,7,0.5833333333333333,0,0.0,0.0,42.0,Both,highway
2025-03-26 04:00:00,25,Charging Station 25,28.58151329478522,77.12464611457443,12,11,1,0.08333333333333337,0,0.0,0.0,26.0,Both,highway
2025-03-26 13:34:00,25,Charging Station 25,28.58151329478522,77.12464611457443,12,4,8,0.6666666666666667,0,0.0,0.0,115.0,Both,highway
2025-03-27 06:47:00,25,Charging Station 25,28.58151329478522,77.12464611457443,12,10,2,0.16666666666666663,0,0.0,0.0,63.0,Both,highway
2025-03-29 02:15:00,25,Charging Station 25,28.58151329478522,77.12464611457443,12,12,0,0.0,0,0.0,0.0,73.0,Both,highway
2025-04-03 01:17:00,25,Charging Station 25,28.58151329478522,77.12464611457443,12,12,0,0.0,1,26.74683466523417,6.686708666308543,251.0,Both,highway
2025-04-04 07:21:00,25,Charging Station 25,28.58151329478522,77.12464611457443,12,7,5,0.41666666666666663,1,33.110052925321035,8.277513231330259,20.0,Both,highway
2025-04-12 16:54:00,25,Charging Station 25,28.58151329478522,77.12464611457443,12,6,6,0.5,1,305.48564619238635,76.37141154809659,42.0,Both,highway
2025-04-14 06:12:00,25,Charging Station 25,28.58151329478522,77.12464611457443,12,10,2,0.16666666666666663,0,0.0,0.0,48.0,Both,highway
2025-04-14 12:58:00,25,Charging Station 25,28.58151329478522,77.12464611457443,12,4,8,0.6666666666666667,1,37.04325923141478,9.260814807853695,103.0,Both,highway
2025-04-21 12:37:00,25,Charging Station 25,28.58151329478522,77.12464611457443,12,3,9,0.75,0,0.0,0.0,88.0,Both,highway
2025-04-21 20:40:00,25,Charging Station 25,28.58151329478522,77.12464611457443,12,3,9,0.75,1,58.53142452724895,14.632856131812238,16.0,Both,highway
2025-04-27 15:03:00,25,Charging Station 25,28.58151329478522,77.12464611457443,12,6,6,0.5,1,27.214165688673347,6.803541422168337,280.0,Both,highway
2025-04-27 22:52:00,25,Charging Station 25,28.58151329478522,77.12464611457443,12,9,3,0.25,0,0.0,0.0,16.0,Both,highway
2025-04-30 15:21:00,25,Charging Station 25,28.58151329478522,77.12464611457443,12,4,8,0.6666666666666667,1,53.93643899290726,13.484109748226816,115.0,Both,highway
2025-05-01 09:07:00,25,Charging Station 25,28.58151329478522,77.12464611457443,12,2,10,0.8333333333333334,1,24.640715697873336,6.160178924468334,26.0,Both,highway
2025-05-02 04:06:00,25,Charging Station 25,28.58151329478522,77.12464611457443,12,12,0,0.0,1,16.725742495388722,4.181435623847181,74.0,Both,highway
2025-05-04 09:26:00,25,Charging Station 25,28.58151329478522,77.12464611457443,12,3,9,0.75,2,308.6458853167769,77.16147132919423,41.0,Both,highway
2025-05-06 05:20:00,25,Charging Station 25,28.58151329478522,77.12464611457443,12,11,1,0.08333333333333337,0,0.0,0.0,39.0,Both,highway
2025-05-07 06:31:00,25,Charging Station 25,28.58151329478522,77.12464611457443,12,10,2,0.16666666666666663,0,0.0,0.0,227.0,Both,highway
2025-05-09 03:48:00,25,Charging Station 25,28.58151329478522,77.12464611457443,12,11,1,0.08333333333333337,0,0.0,0.0,57.0,Both,highway
2025-05-09 05:37:00,25,Charging Station 25,28.58151329478522,77.12464611457443,12,11,1,0.08333333333333337,0,0.0,0.0,241.0,Both,highway
2025-05-13 21:08:00,25,Charging Station 25,28.58151329478522,77.12464611457443,12,4,8,0.6666666666666667,1,69.03919150143726,17.259797875359315,18.0,Both,highway
2025-05-16 06:07:00,25,Charging Station 25,28.58151329478522,77.12464611457443,12,10,2,0.16666666666666663,0,0.0,0.0,27.0,Both,highway
2025-05-16 19:22:00,25,Charging Station 25,28.58151329478522,77.12464611457443,12,2,10,0.8333333333333334,0,0.0,0.0,69.0,Both,highway
2025-05-17 00:23:00,25,Charging Station 25,28.58151329478522,77.12464611457443,12,12,0,0.0,0,0.0,0.0,106.0,Both,highway
2025-05-17 07:48:00,25,Charging Station 25,28.58151329478522,77.12464611457443,12,9,3,0.25,2,161.56892501296733,40.39223125324183,50.5,Both,highway
2025-05-20 19:48:00,25,Charging Station 25,28.58151329478522,77.12464611457443,12,2,10,0.8333333333333334,2,140.64599328021754,35.161498320054385,73.5,Both,highway
2025-05-21 07:51:00,25,Charging Station 25,28.58151329478522,77.12464611457443,12,6,6,0.5,4,259.7779609099168,64.9444902274792,97.75,Both,highway
2025-05-21 10:14:00,25,Charging Station 25,28.58151329478522,77.12464611457443,12,2,10,0.8333333333333334,0,0.0,0.0,56.0,Both,highway
2025-05-21 22:41:00,25,Charging Station 25,28.58151329478522,77.12464611457443,12,7,5,0.41666666666666663,1,69.98694240132308,17.49673560033077,108.0,Both,highway
2025-05-22 15:19:00,25,Charging Station 25,28.58151329478522,77.12464611457443,12,4,8,0.6666666666666667,1,261.9594103963095,65.48985259907738,25.0,Both,highway
2025-05-22 16:14:00,25,Charging Station 25,28.58151329478522,77.12464611457443,12,3,9,0.75,1,116.6056895251565,29.151422381289127,154.0,Both,highway
2025-05-25 12:07:00,25,Charging Station 25,28.58151329478522,77.12464611457443,12,6,6,0.5,2,111.45622885231018,27.864057213077544,73.5,Both,highway
2025-05-28 02:18:00,25,Charging Station 25,28.58151329478522,77.12464611457443,12,12,0,0.0,1,18.85429204166929,4.713573010417322,28.0,Both,highway
2025-05-28 22:50:00,25,Charging Station 25,28.58151329478522,77.12464611457443,12,8,4,0.33333333333333337,1,61.28527589788001,15.321318974470003,90.0,Both,highway
2025-05-29 09:55:00,25,Charging Station 25,28.58151329478522,77.12464611457443,12,2,10,0.8333333333333334,0,0.0,0.0,70.0,Both,highway
2025-05-30 03:48:00,25,Charging Station 25,28.58151329478522,77.12464611457443,12,12,0,0.0,0,0.0,0.0,116.0,Both,highway
2025-05-31 07:11:00,25,Charging Station 25,28.58151329478522,77.12464611457443,12,7,5,0.41666666666666663,0,0.0,0.0,35.0,Both,highway
2025-06-02 09:06:00,25,Charging Station 25,28.58151329478522,77.12464611457443,12,2,10,0.8333333333333334,0,0.0,0.0,86.0,Both,highway
2025-06-10 05:28:00,25,Charging Station 25,28.58151329478522,77.12464611457443,12,11,1,0.08333333333333337,1,23.731273534539458,5.9328183836348645,57.0,Both,highway
2025-06-11 04:33:00,25,Charging Station 25,28.58151329478522,77.12464611457443,12,11,1,0.08333333333333337,4,189.18776576675174,47.296941441687935,96.75,Both,highway
2025-06-11 21:31:00,25,Charging Station 25,28.58151329478522,77.12464611457443,12,5,7,0.5833333333333333,0,0.0,0.0,60.0,Both,highway
2025-06-13 17:06:00,25,Charging Station 25,28.58151329478522,77.12464611457443,12,2,10,0.8333333333333334,0,0.0,0.0,118.0,Both,highway
2025-06-15 15:26:00,25,Charging Station 25,28.58151329478522,77.12464611457443,12,6,6,0.5,0,0.0,0.0,115.0,Both,highway
2025-06-17 00:54:00,25,Charging Station 25,28.58151329478522,77.12464611457443,12,11,1,0.08333333333333337,2,54.01596935365603,13.503992338414008,32.5,Both,highway
2025-06-17 19:36:00,25,Charging Station 25,28.58151329478522,77.12464611457443,12,2,10,0.8333333333333334,0,0.0,0.0,77.0,Both,highway
2025-06-17 19:40:00,25,Charging Station 25,28.58151329478522,77.12464611457443,12,2,10,0.8333333333333334,0,0.0,0.0,69.0,Both,highway
2025-06-20 08:20:00,25,Charging Station 25,28.58151329478522,77.12464611457443,12,3,9,0.75,3,135.77520673644176,33.94380168411044,73.66666666666667,Both,highway
2025-06-20 20:02:00,25,Charging Station 25,28.58151329478522,77.12464611457443,12,3,9,0.75,0,0.0,0.0,29.0,Both,highway
2025-06-21 21:15:00,25,Charging Station 25,28.58151329478522,77.12464611457443,12,8,4,0.33333333333333337,1,90.03132401976154,22.507831004940385,95.0,Both,highway
2025-06-27 17:00:00,25,Charging Station 25,28.58151329478522,77.12464611457443,12,1,11,0.9166666666666666,1,21.166725586735605,5.291681396683901,132.0,Both,highway
2025-06-30 13:05:00,25,Charging Station 25,28.58151329478522,77.12464611457443,12,5,7,0.5833333333333333,0,0.0,0.0,108.0,Both,highway
2025-07-02 10:16:00,25,Charging Station 25,28.58151329478522,77.12464611457443,12,2,10,0.8333333333333334,0,0.0,0.0,101.0,Both,highway
2025-07-03 10:45:00,25,Charging Station 25,28.58151329478522,77.12464611457443,12,2,10,0.8333333333333334,0,0.0,0.0,86.0,Both,highway
2025-07-03 16:26:00,25,Charging Station 25,28.58151329478522,77.12464611457443,12,3,9,0.75,1,68.61770343688555,17.154425859221387,51.0,Both,highway
2025-07-07 21:56:00,25,Charging Station 25,28.58151329478522,77.12464611457443,12,5,7,0.5833333333333333,0,0.0,0.0,95.0,Both,highway
2025-07-08 05:11:00,25,Charging Station 25,28.58151329478522,77.12464611457443,12,11,1,0.08333333333333337,0,0.0,0.0,86.0,Both,highway
2025-07-12 10:01:00,25,Charging Station 25,28.58151329478522,77.12464611457443,12,5,7,0.5833333333333333,3,485.3105966689754,121.32764916724385,61.0,Both,highway
2025-07-13 09:02:00,25,Charging Station 25,28.58151329478522,77.12464611457443,12,5,7,0.5833333333333333,1,115.91560844915067,28.978902112287667,21.0,Both,highway
2025-07-14 13:15:00,25,Charging Station 25,28.58151329478522,77.12464611457443,12,5,7,0.5833333333333333,0,0.0,0.0,147.0,Both,highway
2025-07-16 09:41:00,25,Charging Station 25,28.58151329478522,77.12464611457443,12,2,10,0.8333333333333334,0,0.0,0.0,137.0,Both,highway
2025-07-22 01:01:00,25,Charging Station 25,28.58151329478522,77.12464611457443,12,12,0,0.0,1,64.05017429378049,16.01254357344512,56.0,Both,highway
2025-07-24 10:02:00,25,Charging Station 25,28.58151329478522,77.12464611457443,12,2,10,0.8333333333333334,0,0.0,0.0,65.0,Both,highway
2025-07-29 15:06:00,25,Charging Station 25,28.58151329478522,77.12464611457443,12,4,8,0.6666666666666667,0,0.0,0.0,45.0,Both,highway
2025-07-31 11:16:00,25,Charging Station 25,28.58151329478522,77.12464611457443,12,4,8,0.6666666666666667,2,109.66176377624228,27.41544094406057,120.5,Both,highway
2025-08-02 07:12:00,25,Charging Station 25,28.58151329478522,77.12464611457443,12,7,5,0.41666666666666663,0,0.0,0.0,55.0,Both,highway
2025-08-04 01:59:00,25,Charging Station 25,28.58151329478522,77.12464611457443,12,11,1,0.08333333333333337,0,0.0,0.0,112.0,Both,highway
2025-08-06 07:58:00,25,Charging Station 25,28.58151329478522,77.12464611457443,12,7,5,0.41666666666666663,1,12.640429755654194,3.1601074389135486,51.0,Both,highway
2025-08-07 22:41:00,25,Charging Station 25,28.58151329478522,77.12464611457443,12,7,5,0.41666666666666663,0,0.0,0.0,17.0,Both,highway
2025-08-09 22:33:00,25,Charging Station 25,28.58151329478522,77.12464611457443,12,8,4,0.33333333333333337,0,0.0,0.0,236.0,Both,highway
2025-08-11 12:15:00,25,Charging Station 25,28.58151329478522,77.12464611457443,12,4,8,0.6666666666666667,0,0.0,0.0,95.0,Both,highway
2025-08-11 17:15:00,25,Charging Station 25,28.58151329478522,77.12464611457443,12,2,10,0.8333333333333334,1,19.499991761926303,4.874997940481576,47.0,Both,highway
2025-08-11 21:56:00,25,Charging Station 25,28.58151329478522,77.12464611457443,12,4,8,0.6666666666666667,1,73.54183359318856,18.38545839829714,22.0,Both,highway
2025-08-14 03:40:00,25,Charging Station 25,28.58151329478522,77.12464611457443,12,12,0,0.0,1,118.1043433606431,29.526085840160775,118.0,Both,highway
2025-08-15 18:34:00,25,Charging Station 25,28.58151329478522,77.12464611457443,12,1,11,0.9166666666666666,3,203.94641850548754,50.986604626371886,94.66666666666667,Both,highway
2025-08-17 07:00:00,25,Charging Station 25,28.58151329478522,77.12464611457443,12,9,3,0.25,0,0.0,0.0,21.0,Both,highway
2025-08-22 07:17:00,25,Charging Station 25,28.58151329478522,77.12464611457443,12,7,5,0.41666666666666663,0,0.0,0.0,114.0,Both,highway
2025-08-22 08:02:00,25,Charging Station 25,28.58151329478522,77.12464611457443,12,3,9,0.75,1,75.32621907650497,18.831554769126242,35.0,Both,highway
2025-08-24 13:59:00,25,Charging Station 25,28.58151329478522,77.12464611457443,12,7,5,0.41666666666666663,0,0.0,0.0,34.0,Both,highway
2025-08-31 02:04:00,25,Charging Station 25,28.58151329478522,77.12464611457443,12,12,0,0.0,0,0.0,0.0,47.0,Both,highway
2025-09-03 02:51:00,25,Charging Station 25,28.58151329478522,77.12464611457443,12,12,0,0.0,0,0.0,0.0,238.0,Both,highway
2025-09-04 03:43:00,25,Charging Station 25,28.58151329478522,77.12464611457443,12,12,0,0.0,0,0.0,0.0,101.0,Both,highway
2025-09-06 07:14:00,25,Charging Station 25,28.58151329478522,77.12464611457443,12,8,4,0.33333333333333337,0,0.0,0.0,23.0,Both,highway
2025-09-06 19:42:00,25,Charging Station 25,28.58151329478522,77.12464611457443,12,6,6,0.5,1,92.14302808629428,23.03575702157357,109.0,Both,highway
2025-09-07 20:55:00,25,Charging Station 25,28.58151329478522,77.12464611457443,12,6,6,0.5,0,0.0,0.0,85.0,Both,highway
2025-09-08 06:04:00,25,Charging Station 25,28.58151329478522,77.12464611457443,12,10,2,0.16666666666666663,1,146.03512349451722,36.508780873629306,56.0,Both,highway
2025-09-08 12:04:00,25,Charging Station 25,28.58151329478522,77.12464611457443,12,5,7,0.5833333333333333,0,0.0,0.0,94.0,Both,highway
2025-09-11 06:06:00,25,Charging Station 25,28.58151329478522,77.12464611457443,12,8,4,0.33333333333333337,0,0.0,0.0,254.0,Both,highway
2025-09-11 17:33:00,25,Charging Station 25,28.58151329478522,77.12464611457443,12,2,10,0.8333333333333334,0,0.0,0.0,298.0,Both,highway
2025-09-16 20:38:00,25,Charging Station 25,28.58151329478522,77.12464611457443,12,4,8,0.6666666666666667,2,48.96941955954907,12.242354889887267,100.5,Both,highway
2025-09-17 13:19:00,25,Charging Station 25,28.58151329478522,77.12464611457443,12,5,7,0.5833333333333333,0,0.0,0.0,76.0,Both,highway
2025-09-24 00:08:00,25,Charging Station 25,28.58151329478522,77.12464611457443,12,11,1,0.08333333333333337,1,126.08468451461093,31.521171128652732,47.0,Both,highway
2025-09-26 11:28:00,25,Charging Station 25,28.58151329478522,77.12464611457443,12,3,9,0.75,0,0.0,0.0,118.0,Both,highway
2025-09-26 19:03:00,25,Charging Station 25,28.58151329478522,77.12464611457443,12,2,10,0.8333333333333334,0,0.0,0.0,44.0,Both,highway
2025-09-27 08:44:00,25,Charging Station 25,28.58151329478522,77.12464611457443,12,6,6,0.5,4,220.9548312060113,55.23870780150283,46.0,Both,highway
2025-09-29 21:28:00,25,Charging Station 25,28.58151329478522,77.12464611457443,12,4,8,0.6666666666666667,1,65.76166876862926,16.440417192157316,208.0,Both,highway
2025-10-01 07:14:00,25,Charging Station 25,28.58151329478522,77.12464611457443,12,7,5,0.41666666666666663,1,9.670871492295223,2.417717873073806,38.0,Both,highway
2025-10-01 20:30:00,25,Charging Station 25,28.58151329478522,77.12464611457443,12,3,9,0.75,0,0.0,0.0,50.0,Both,highway
2025-10-02 00:01:00,25,Charging Station 25,28.58151329478522,77.12464611457443,12,11,1,0.08333333333333337,1,39.78855362120768,9.94713840530192,119.0,Both,highway
2025-10-04 10:31:00,25,Charging Station 25,28.58151329478522,77.12464611457443,12,6,6,0.5,0,0.0,0.0,52.0,Both,highway
2025-10-10 03:07:00,25,Charging Station 25,28.58151329478522,77.12464611457443,12,11,1,0.08333333333333337,1,50.59716558377056,12.64929139594264,73.0,Both,highway
2025-10-10 15:48:00,25,Charging Station 25,28.58151329478522,77.12464611457443,12,3,9,0.75,0,0.0,0.0,82.0,Both,highway
2025-10-11 14:31:00,25,Charging Station 25,28.58151329478522,77.12464611457443,12,7,5,0.41666666666666663,1,71.69195648521239,17.922989121303097,15.0,Both,highway
2025-10-11 18:23:00,25,Charging Station 25,28.58151329478522,77.12464611457443,12,4,8,0.6666666666666667,1,231.20390575416369,57.80097643854092,58.0,Both,highway
2025-10-12 15:00:00,25,Charging Station 25,28.58151329478522,77.12464611457443,12,6,6,0.5,1,15.406711009064715,3.8516777522661787,27.0,Both,highway
2025-10-12 17:06:00,25,Charging Station 25,28.58151329478522,77.12464611457443,12,4,8,0.6666666666666667,0,0.0,0.0,48.0,Both,highway
2025-10-12 18:01:00,25,Charging Station 25,28.58151329478522,77.12464611457443,12,5,7,0.5833333333333333,1,79.48614139429469,19.871535348573673,66.0,Both,highway
2025-10-13 07:38:00,25,Charging Station 25,28.58151329478522,77.12464611457443,12,7,5,0.41666666666666663,1,13.457254254552376,3.364313563638094,107.0,Both,highway
2025-10-14 15:01:00,25,Charging Station 25,28.58151329478522,77.12464611457443,12,3,9,0.75,1,306.5617401559036,76.6404350389759,75.0,Both,highway
2025-10-14 23:18:00,25,Charging Station 25,28.58151329478522,77.12464611457443,12,9,3,0.25,0,0.0,0.0,94.0,Both,highway
2025-10-15 11:23:00,25,Charging Station 25,28.58151329478522,77.12464611457443,12,3,9,0.75,0,0.0,0.0,72.0,Both,highway
2025-10-16 08:11:00,25,Charging Station 25,28.58151329478522,77.12464611457443,12,3,9,0.75,1,6.6851767993608675,1.6712941998402169,21.0,Both,highway
2025-10-20 11:40:00,25,Charging Station 25,28.58151329478522,77.12464611457443,12,3,9,0.75,0,0.0,0.0,24.0,Both,highway
2025-10-21 14:20:00,25,Charging Station 25,28.58151329478522,77.12464611457443,12,4,8,0.6666666666666667,2,104.17596085036361,26.043990212590902,74.5,Both,highway
2025-10-22 17:12:00,25,Charging Station 25,28.58151329478522,77.12464611457443,12,1,11,0.9166666666666666,1,192.14816027759204,48.03704006939801,108.0,Both,highway
2025-10-23 14:17:00,25,Charging Station 25,28.58151329478522,77.12464611457443,12,3,9,0.75,1,26.45077354662399,6.612693386655997,84.0,Both,highway
2025-10-23 17:42:00,25,Charging Station 25,28.58151329478522,77.12464611457443,12,2,10,0.8333333333333334,0,0.0,0.0,71.0,Both,highway
2025-10-24 07:27:00,25,Charging Station 25,28.58151329478522,77.12464611457443,12,7,5,0.41666666666666663,0,0.0,0.0,50.0,Both,highway
2025-10-24 08:31:00,25,Charging Station 25,28.58151329478522,77.12464611457443,12,3,9,0.75,3,455.3185527020601,113.82963817551503,64.66666666666667,Both,highway
2025-10-25 13:24:00,25,Charging Station 25,28.58151329478522,77.12464611457443,12,7,5,0.41666666666666663,0,0.0,0.0,192.0,Both,highway
2025-10-29 09:47:00,25,Charging Station 25,28.58151329478522,77.12464611457443,12,2,10,0.8333333333333334,0,0.0,0.0,24.0,Both,highway
2025-10-29 15:18:00,25,Charging Station 25,28.58151329478522,77.12464611457443,12,4,8,0.6666666666666667,1,78.10463933035449,19.526159832588622,73.0,Both,highway
2025-11-02 05:03:00,25,Charging Station 25,28.58151329478522,77.12464611457443,12,10,2,0.16666666666666663,1,6.49194453958056,1.62298613489514,17.0,Both,highway
2025-11-04 06:43:00,25,Charging Station 25,28.58151329478522,77.12464611457443,12,9,3,0.25,0,0.0,0.0,75.0,Both,highway
2025-11-04 21:04:00,25,Charging Station 25,28.58151329478522,77.12464611457443,12,4,8,0.6666666666666667,0,0.0,0.0,61.0,Both,highway
2025-11-05 17:56:00,25,Charging Station 25,28.58151329478522,77.12464611457443,12,0,12,1.0,1,39.503346763916255,9.875836690979064,74.0,Both,highway
2025-11-06 04:19:00,25,Charging Station 25,28.58151329478522,77.12464611457443,12,12,0,0.0,0,0.0,0.0,66.0,Both,highway
2025-11-08 22:26:00,25,Charging Station 25,28.58151329478522,77.12464611457443,12,9,3,0.25,1,15.5718614268334,3.89296535670835,69.0,Both,highway
2025-11-13 21:39:00,25,Charging Station 25,28.58151329478522,77.12464611457443,12,5,7,0.5833333333333333,0,0.0,0.0,112.0,Both,highway
2025-11-14 22:23:00,25,Charging Station 25,28.58151329478522,77.12464611457443,12,7,5,0.41666666666666663,1,95.38814156676999,23.847035391692497,29.0,Both,highway
2025-11-16 08:57:00,25,Charging Station 25,28.58151329478522,77.12464611457443,12,5,7,0.5833333333333333,5,273.8162887131588,68.4540721782897,61.2,Both,highway
2025-11-18 19:27:00,25,Charging Station 25,28.58151329478522,77.12464611457443,12,2,10,0.8333333333333334,1,55.267674878678854,13.816918719669713,73.0,Both,highway
2025-11-18 21:14:00,25,Charging Station 25,28.58151329478522,77.12464611457443,12,5,7,0.5833333333333333,0,0.0,0.0,33.0,Both,highway
2025-11-18 22:13:00,25,Charging Station 25,28.58151329478522,77.12464611457443,12,6,6,0.5,0,0.0,0.0,111.0,Both,highway
2025-11-19 05:10:00,25,Charging Station 25,28.58151329478522,77.12464611457443,12,10,2,0.16666666666666663,0,0.0,0.0,15.0,Both,highway
2025-11-19 14:11:00,25,Charging Station 25,28.58151329478522,77.12464611457443,12,3,9,0.75,0,0.0,0.0,67.0,Both,highway
2025-11-21 13:21:00,25,Charging Station 25,28.58151329478522,77.12464611457443,12,5,7,0.5833333333333333,0,0.0,0.0,50.0,Both,highway
2025-11-21 22:43:00,25,Charging Station 25,28.58151329478522,77.12464611457443,12,7,5,0.41666666666666663,1,61.74479462811962,15.436198657029905,25.0,Both,highway
2025-11-22 14:50:00,25,Charging Station 25,28.58151329478522,77.12464611457443,12,6,6,0.5,0,0.0,0.0,74.0,Both,highway
2025-11-24 18:22:00,25,Charging Station 25,28.58151329478522,77.12464611457443,12,1,11,0.9166666666666666,2,35.44565978225532,8.86141494556383,147.5,Both,highway
2025-11-24 19:59:00,25,Charging Station 25,28.58151329478522,77.12464611457443,12,1,11,0.9166666666666666,0,0.0,0.0,64.0,Both,highway
2025-11-27 19:00:00,25,Charging Station 25,28.58151329478522,77.12464611457443,12,2,10,0.8333333333333334,0,0.0,0.0,61.0,Both,highway
2025-11-29 18:35:00,25,Charging Station 25,28.58151329478522,77.12464611457443,12,6,6,0.5,0,0.0,0.0,30.0,Both,highway
2025-11-30 12:32:00,25,Charging Station 25,28.58151329478522,77.12464611457443,12,5,7,0.5833333333333333,0,0.0,0.0,41.0,Both,highway
2025-12-01 05:45:00,25,Charging Station 25,28.58151329478522,77.12464611457443,12,11,1,0.08333333333333337,0,0.0,0.0,17.0,Both,highway
2025-12-02 12:00:00,25,Charging Station 25,28.58151329478522,77.12464611457443,12,5,7,0.5833333333333333,1,63.06080404456029,15.765201011140073,260.0,Both,highway
2025-12-03 06:51:00,25,Charging Station 25,28.58151329478522,77.12464611457443,12,9,3,0.25,0,0.0,0.0,155.0,Both,highway
2025-12-03 16:11:00,25,Charging Station 25,28.58151329478522,77.12464611457443,12,3,9,0.75,0,0.0,0.0,119.0,Both,highway
2025-12-04 17:20:00,25,Charging Station 25,28.58151329478522,77.12464611457443,12,3,9,0.75,2,127.13358179854268,31.78339544963567,77.0,Both,highway
2025-12-05 08:28:00,25,Charging Station 25,28.58151329478522,77.12464611457443,12,4,8,0.6666666666666667,3,276.0838215786014,69.02095539465034,55.0,Both,highway
2025-12-10 17:32:00,25,Charging Station 25,28.58151329478522,77.12464611457443,12,2,10,0.8333333333333334,1,11.224653789724231,2.8061634474310577,104.0,Both,highway
2025-12-12 22:52:00,25,Charging Station 25,28.58151329478522,77.12464611457443,12,8,4,0.33333333333333337,0,0.0,0.0,143.0,Both,highway
2025-12-15 16:06:00,25,Charging Station 25,28.58151329478522,77.12464611457443,12,4,8,0.6666666666666667,1,319.49364076593474,79.87341019148369,31.0,Both,highway
2025-12-16 22:26:00,25,Charging Station 25,28.58151329478522,77.12464611457443,12,7,5,0.41666666666666663,0,0.0,0.0,97.0,Both,highway
2025-12-18 07:52:00,25,Charging Station 25,28.58151329478522,77.12464611457443,12,7,5,0.41666666666666663,0,0.0,0.0,75.0,Both,highway
2025-12-19 06:09:00,25,Charging Station 25,28.58151329478522,77.12464611457443,12,8,4,0.33333333333333337,0,0.0,0.0,84.0,Both,highway
2025-12-19 15:50:00,25,Charging Station 25,28.58151329478522,77.12464611457443,12,4,8,0.6666666666666667,0,0.0,0.0,58.0,Both,highway
2025-12-21 00:37:00,25,Charging Station 25,28.58151329478522,77.12464611457443,12,12,0,0.0,0,0.0,0.0,19.0,Both,highway
2025-12-23 02:45:00,25,Charging Station 25,28.58151329478522,77.12464611457443,12,11,1,0.08333333333333337,0,0.0,0.0,97.0,Both,highway
2025-12-23 17:09:00,25,Charging Station 25,28.58151329478522,77.12464611457443,12,1,11,0.9166666666666666,0,0.0,0.0,120.0,Both,highway
2025-12-24 18:01:00,25,Charging Station 25,28.58151329478522,77.12464611457443,12,2,10,0.8333333333333334,0,0.0,0.0,112.0,Both,highway
2025-12-25 23:28:00,25,Charging Station 25,28.58151329478522,77.12464611457443,12,11,1,0.08333333333333337,0,0.0,0.0,19.0,Both,highway
2025-12-29 13:14:00,25,Charging Station 25,28.58151329478522,77.12464611457443,12,4,8,0.6666666666666667,0,0.0,0.0,28.0,Both,highway
